# Blender v2.91.0 OBJ File: 'UnderArmCrutch.blend'
# www.blender.org
mtllib UnderArmCrutch.mtl
o RC-ArmPitSupport_Sphere.002
v 0.003254 6.801765 -1.577144
v 0.003254 6.793982 -1.602804
v 0.003254 6.781341 -1.626452
v 0.003254 6.764330 -1.647181
v 0.003254 6.743602 -1.664192
v 0.003254 6.719953 -1.676832
v 0.003254 6.694293 -1.684616
v 0.008461 6.801765 -1.576631
v 0.013467 6.793982 -1.601798
v 0.018080 6.781341 -1.624992
v 0.022124 6.764330 -1.645322
v 0.025443 6.743602 -1.662006
v 0.027909 6.719953 -1.674404
v 0.029427 6.694293 -1.682039
v 0.013467 6.801765 -1.575112
v 0.023286 6.793982 -1.598819
v 0.032336 6.781341 -1.620668
v 0.040269 6.764330 -1.639818
v 0.046779 6.743602 -1.655534
v 0.051616 6.719953 -1.667213
v 0.054595 6.694293 -1.674404
v 0.018080 6.801765 -1.572646
v 0.032336 6.793982 -1.593982
v 0.045475 6.781341 -1.613645
v 0.056991 6.764330 -1.630880
v 0.066442 6.743602 -1.645024
v 0.073464 6.719953 -1.655534
v 0.077789 6.694293 -1.662006
v 0.022124 6.801765 -1.569327
v 0.040269 6.793982 -1.587472
v 0.056991 6.781341 -1.604194
v 0.071648 6.764330 -1.618851
v 0.083677 6.743602 -1.630880
v 0.092615 6.719953 -1.639818
v 0.098119 6.694293 -1.645322
v 0.025443 6.801765 -1.565284
v 0.046779 6.793982 -1.579540
v 0.066442 6.781341 -1.592678
v 0.083677 6.764330 -1.604194
v 0.097821 6.743602 -1.613645
v 0.108331 6.719953 -1.620668
v 0.114803 6.694293 -1.624992
v 0.027909 6.801765 -1.560670
v 0.051616 6.793982 -1.570490
v 0.073464 6.781341 -1.579540
v 0.092615 6.764330 -1.587472
v 0.108331 6.743602 -1.593982
v 0.120009 6.719953 -1.598819
v 0.127201 6.694293 -1.601798
v 0.029428 6.801765 -1.555664
v 0.054595 6.793982 -1.560670
v 0.077789 6.781341 -1.565284
v 0.098119 6.764330 -1.569327
v 0.114803 6.743602 -1.572646
v 0.127201 6.719953 -1.575112
v 0.134835 6.694293 -1.576631
v 0.029940 6.801765 -1.550458
v 0.055601 6.793982 -1.550458
v 0.079249 6.781341 -1.550458
v 0.099977 6.764330 -1.550458
v 0.116989 6.743602 -1.550458
v 0.129629 6.719953 -1.550458
v 0.137413 6.694293 -1.550458
v 0.003254 6.804394 -1.550458
v -0.023431 6.801765 -1.550458
v -0.049092 6.793982 -1.550458
v -0.072740 6.781341 -1.550458
v -0.093468 6.764330 -1.550458
v -0.110480 6.743602 -1.550458
v -0.123120 6.719953 -1.550458
v -0.130904 6.694293 -1.550458
v -0.022919 6.801765 -1.555664
v -0.048086 6.793982 -1.560670
v -0.071280 6.781341 -1.565284
v -0.091610 6.764330 -1.569327
v -0.108294 6.743602 -1.572646
v -0.120692 6.719953 -1.575112
v -0.128326 6.694293 -1.576631
v -0.021400 6.801765 -1.560670
v -0.045107 6.793982 -1.570490
v -0.066955 6.781341 -1.579540
v -0.086106 6.764330 -1.587472
v -0.101822 6.743602 -1.593982
v -0.113500 6.719953 -1.598819
v -0.120692 6.694293 -1.601798
v -0.018934 6.801765 -1.565284
v -0.040270 6.793982 -1.579540
v -0.059933 6.781341 -1.592678
v -0.077168 6.764330 -1.604194
v -0.091312 6.743602 -1.613645
v -0.101822 6.719953 -1.620668
v -0.108294 6.694293 -1.624992
v -0.015615 6.801765 -1.569327
v -0.033760 6.793982 -1.587472
v -0.050482 6.781341 -1.604194
v -0.065139 6.764330 -1.618851
v -0.077168 6.743602 -1.630880
v -0.086106 6.719953 -1.639818
v -0.091610 6.694293 -1.645322
v -0.011571 6.801765 -1.572646
v -0.025827 6.793982 -1.593982
v -0.038966 6.781341 -1.613645
v -0.050482 6.764330 -1.630880
v -0.059933 6.743602 -1.645024
v -0.066955 6.719953 -1.655534
v -0.071280 6.694293 -1.662006
v -0.006958 6.801765 -1.575112
v -0.016778 6.793982 -1.598819
v -0.025827 6.781341 -1.620668
v -0.033760 6.764330 -1.639818
v -0.040270 6.743602 -1.655534
v -0.045107 6.719953 -1.667213
v -0.048086 6.694293 -1.674404
v -0.001952 6.801765 -1.576631
v -0.006958 6.793982 -1.601798
v -0.011571 6.781341 -1.624992
v -0.015615 6.764330 -1.645322
v -0.018934 6.743602 -1.662006
v -0.021400 6.719953 -1.674404
v -0.022919 6.694293 -1.682038
v 0.003254 6.585538 -1.684616
v 0.029427 6.585538 -1.682039
v 0.054595 6.585538 -1.674404
v 0.077789 6.585538 -1.662006
v 0.098119 6.585538 -1.645322
v 0.114803 6.585538 -1.624992
v 0.127201 6.585538 -1.601798
v 0.134835 6.585538 -1.576631
v 0.137413 6.583683 -1.550458
v -0.130904 6.583683 -1.550458
v -0.128326 6.585538 -1.576631
v -0.120692 6.585538 -1.601798
v -0.108294 6.585538 -1.624992
v -0.091610 6.585538 -1.645322
v -0.071280 6.585538 -1.662006
v -0.048086 6.585538 -1.674404
v -0.022919 6.585538 -1.682038
v 0.003254 6.801765 -0.531634
v 0.003254 6.793982 -0.505974
v 0.003254 6.781341 -0.482325
v 0.003254 6.764330 -0.461597
v 0.003254 6.743602 -0.444586
v 0.003254 6.719953 -0.431945
v 0.003254 6.694293 -0.424161
v -0.001952 6.801765 -0.532147
v -0.006958 6.793982 -0.506980
v -0.011571 6.781341 -0.483786
v -0.015615 6.764330 -0.463456
v -0.018934 6.743602 -0.446771
v -0.021400 6.719953 -0.434374
v -0.022919 6.694293 -0.426739
v -0.006958 6.801765 -0.533666
v -0.016778 6.793982 -0.509959
v -0.025827 6.781341 -0.488110
v -0.033760 6.764330 -0.468960
v -0.040270 6.743602 -0.453243
v -0.045107 6.719953 -0.441565
v -0.048086 6.694293 -0.434374
v -0.011571 6.801765 -0.536132
v -0.025827 6.793982 -0.514796
v -0.038966 6.781341 -0.495133
v -0.050482 6.764330 -0.477898
v -0.059933 6.743602 -0.463754
v -0.066955 6.719953 -0.453243
v -0.071280 6.694293 -0.446771
v -0.015615 6.801765 -0.539450
v -0.033760 6.793982 -0.521306
v -0.050482 6.781341 -0.504584
v -0.065139 6.764330 -0.489927
v -0.077168 6.743602 -0.477898
v -0.086106 6.719953 -0.468960
v -0.091610 6.694293 -0.463456
v -0.018934 6.801765 -0.543494
v -0.040270 6.793982 -0.529238
v -0.059933 6.781341 -0.516100
v -0.077168 6.764330 -0.504584
v -0.091312 6.743602 -0.495133
v -0.101822 6.719953 -0.488110
v -0.108294 6.694293 -0.483786
v -0.021400 6.801765 -0.548108
v -0.045107 6.793982 -0.538288
v -0.066956 6.781341 -0.529238
v -0.086106 6.764330 -0.521306
v -0.101822 6.743602 -0.514796
v -0.113500 6.719953 -0.509959
v -0.120692 6.694293 -0.506980
v -0.022919 6.801765 -0.553114
v -0.048086 6.793982 -0.548108
v -0.071280 6.781341 -0.543494
v -0.091610 6.764330 -0.539450
v -0.108294 6.743602 -0.536132
v -0.120692 6.719953 -0.533666
v -0.128326 6.694293 -0.532147
v -0.023431 6.801765 -0.558320
v -0.049092 6.793982 -0.558320
v -0.072740 6.781341 -0.558320
v -0.093468 6.764330 -0.558320
v -0.110480 6.743602 -0.558320
v -0.123120 6.719953 -0.558320
v -0.130904 6.694293 -0.558320
v 0.003254 6.804394 -0.558320
v 0.029940 6.801765 -0.558320
v 0.055600 6.793982 -0.558320
v 0.079249 6.781341 -0.558320
v 0.099977 6.764330 -0.558320
v 0.116988 6.743602 -0.558320
v 0.129629 6.719953 -0.558320
v 0.137413 6.694293 -0.558320
v 0.029427 6.801765 -0.553114
v 0.054595 6.793982 -0.548108
v 0.077789 6.781341 -0.543494
v 0.098119 6.764330 -0.539450
v 0.114803 6.743602 -0.536132
v 0.127201 6.719953 -0.533666
v 0.134835 6.694293 -0.532147
v 0.027909 6.801765 -0.548108
v 0.051616 6.793982 -0.538288
v 0.073464 6.781341 -0.529238
v 0.092615 6.764330 -0.521306
v 0.108331 6.743602 -0.514796
v 0.120009 6.719953 -0.509959
v 0.127201 6.694293 -0.506980
v 0.025443 6.801765 -0.543494
v 0.046779 6.793982 -0.529238
v 0.066442 6.781341 -0.516100
v 0.083677 6.764330 -0.504584
v 0.097821 6.743602 -0.495133
v 0.108331 6.719953 -0.488110
v 0.114803 6.694293 -0.483786
v 0.022124 6.801765 -0.539450
v 0.040269 6.793982 -0.521306
v 0.056991 6.781341 -0.504584
v 0.071648 6.764330 -0.489927
v 0.083677 6.743602 -0.477898
v 0.092615 6.719953 -0.468960
v 0.098119 6.694293 -0.463456
v 0.018080 6.801765 -0.536132
v 0.032336 6.793982 -0.514796
v 0.045475 6.781341 -0.495133
v 0.056991 6.764330 -0.477898
v 0.066442 6.743602 -0.463754
v 0.073464 6.719953 -0.453243
v 0.077789 6.694293 -0.446771
v 0.013467 6.801765 -0.533666
v 0.023286 6.793982 -0.509959
v 0.032336 6.781341 -0.488110
v 0.040269 6.764330 -0.468960
v 0.046779 6.743602 -0.453243
v 0.051616 6.719953 -0.441565
v 0.054595 6.694293 -0.434374
v 0.008461 6.801765 -0.532147
v 0.013467 6.793982 -0.506980
v 0.018080 6.781341 -0.483786
v 0.022124 6.764330 -0.463456
v 0.025443 6.743602 -0.446771
v 0.027909 6.719953 -0.434374
v 0.029427 6.694293 -0.426739
v 0.003254 6.585538 -0.424161
v -0.022919 6.585538 -0.426739
v -0.048086 6.585538 -0.434374
v -0.071280 6.585538 -0.446771
v -0.091610 6.585538 -0.463456
v -0.108294 6.585538 -0.483786
v -0.120692 6.585538 -0.506980
v -0.128326 6.585538 -0.532147
v -0.130904 6.583683 -0.558320
v 0.137413 6.583683 -0.558320
v 0.134835 6.585538 -0.532147
v 0.127201 6.585538 -0.506980
v 0.114803 6.585538 -0.483786
v 0.098119 6.585538 -0.463456
v 0.077789 6.585538 -0.446771
v 0.054595 6.585538 -0.434374
v 0.029427 6.585538 -0.426739
v 0.137413 6.668344 -0.738029
v 0.137413 6.668344 -1.370748
v 0.137413 6.654340 -0.883176
v 0.137413 6.649422 -1.054389
v 0.137413 6.654340 -1.225601
v 0.003254 6.778291 -1.369685
v 0.003254 6.778291 -0.739093
v 0.003254 6.764334 -1.225026
v 0.003254 6.759433 -1.054389
v 0.003254 6.764334 -0.883752
v -0.023431 6.775669 -0.739051
v -0.023431 6.775669 -1.369726
v -0.023431 6.761710 -0.883729
v -0.023431 6.756809 -1.054389
v -0.023431 6.761710 -1.225048
v -0.049092 6.767902 -1.369845
v -0.049092 6.767902 -0.738933
v -0.049092 6.753938 -1.225112
v -0.049092 6.749034 -1.054389
v -0.049092 6.753938 -0.883665
v -0.072740 6.755287 -1.370023
v -0.072740 6.755287 -0.738755
v -0.072740 6.741315 -1.225209
v -0.072740 6.736409 -1.054389
v -0.072740 6.741315 -0.883569
v -0.093468 6.738307 -1.370234
v -0.093468 6.738307 -0.738544
v -0.093468 6.724326 -1.225323
v -0.093468 6.719416 -1.054389
v -0.093468 6.724326 -0.883455
v -0.110480 6.717609 -1.370446
v -0.110480 6.717609 -0.738332
v -0.110480 6.703619 -1.225438
v -0.110480 6.698706 -1.054389
v -0.110480 6.703619 -0.883340
v -0.123120 6.693986 -1.370626
v -0.123120 6.693986 -0.738151
v -0.123120 6.679988 -1.225535
v -0.123120 6.675072 -1.054389
v -0.123120 6.679988 -0.883242
v -0.130904 6.668344 -1.370748
v -0.130904 6.668344 -0.738029
v -0.130904 6.654340 -1.225601
v -0.130904 6.649422 -1.054389
v -0.130904 6.654340 -0.883176
v 0.029940 6.775669 -1.369726
v 0.029940 6.775669 -0.739051
v 0.029940 6.761710 -1.225048
v 0.029940 6.756809 -1.054389
v 0.029940 6.761710 -0.883729
v 0.055600 6.767902 -0.738933
v 0.055601 6.767902 -1.369845
v 0.055600 6.753938 -0.883665
v 0.055601 6.749034 -1.054389
v 0.055601 6.753938 -1.225112
v 0.079249 6.755287 -0.738755
v 0.079249 6.755287 -1.370023
v 0.079249 6.741315 -0.883569
v 0.079249 6.736409 -1.054389
v 0.079249 6.741315 -1.225209
v 0.099977 6.738307 -0.738544
v 0.099977 6.738307 -1.370234
v 0.099977 6.724326 -0.883455
v 0.099977 6.719416 -1.054389
v 0.099977 6.724326 -1.225323
v 0.116988 6.717609 -0.738332
v 0.116989 6.717609 -1.370446
v 0.116988 6.703619 -0.883340
v 0.116988 6.698706 -1.054389
v 0.116989 6.703619 -1.225438
v 0.129629 6.693986 -0.738151
v 0.129629 6.693986 -1.370626
v 0.129629 6.679988 -0.883242
v 0.129629 6.675072 -1.054389
v 0.129629 6.679988 -1.225535
v -0.130904 6.559595 -0.737986
v -0.130904 6.559595 -1.370792
v -0.130904 6.545589 -0.883153
v -0.130904 6.540671 -1.054389
v -0.130904 6.545589 -1.225625
v 0.137413 6.559595 -1.370792
v 0.137413 6.559595 -0.737986
v 0.137413 6.545589 -1.225625
v 0.137413 6.540671 -1.054389
v 0.137413 6.545589 -0.883153
vt 0.750000 0.875000
vt 0.750000 0.937500
vt 0.718750 0.937500
vt 0.718750 0.875000
vt 0.750000 0.812500
vt 0.718750 0.812500
vt 0.750000 0.750000
vt 0.718750 0.750000
vt 0.750000 0.687500
vt 0.718750 0.687500
vt 0.750000 0.625000
vt 0.718750 0.625000
vt 0.750000 0.562500
vt 0.718750 0.562500
vt 0.734375 1.000000
vt 0.703125 1.000000
vt 0.687500 0.937500
vt 0.687500 0.875000
vt 0.687500 0.812500
vt 0.687500 0.750000
vt 0.687500 0.687500
vt 0.687500 0.625000
vt 0.687500 0.562500
vt 0.656250 0.750000
vt 0.656250 0.687500
vt 0.656250 0.625000
vt 0.656250 0.562500
vt 0.671875 1.000000
vt 0.656250 0.937500
vt 0.656250 0.875000
vt 0.656250 0.812500
vt 0.640625 1.000000
vt 0.625000 0.937500
vt 0.625000 0.875000
vt 0.625000 0.812500
vt 0.625000 0.750000
vt 0.625000 0.687500
vt 0.625000 0.625000
vt 0.625000 0.562500
vt 0.593750 0.750000
vt 0.593750 0.687500
vt 0.593750 0.625000
vt 0.593750 0.562500
vt 0.609375 1.000000
vt 0.593750 0.937500
vt 0.593750 0.875000
vt 0.593750 0.812500
vt 0.562500 0.937500
vt 0.562500 0.875000
vt 0.562500 0.812500
vt 0.562500 0.750000
vt 0.562500 0.687500
vt 0.562500 0.625000
vt 0.562500 0.562500
vt 0.578125 1.000000
vt 0.531250 0.687500
vt 0.531250 0.625000
vt 0.531250 0.562500
vt 0.546875 1.000000
vt 0.531250 0.937500
vt 0.531250 0.875000
vt 0.531250 0.812500
vt 0.531250 0.750000
vt 0.500000 0.875000
vt 0.500000 0.812500
vt 0.500000 0.750000
vt 0.500000 0.687500
vt 0.500000 0.625000
vt 0.500000 0.562500
vt 0.515625 1.000000
vt 0.500000 0.937500
vt 1.000000 0.750000
vt 1.000000 0.812500
vt 0.968750 0.812500
vt 0.968750 0.750000
vt 1.000000 0.687500
vt 0.968750 0.687500
vt 1.000000 0.625000
vt 0.968750 0.625000
vt 1.000000 0.562500
vt 0.968750 0.562500
vt 1.000000 0.937500
vt 0.984375 1.000000
vt 0.968750 0.937500
vt 1.000000 0.875000
vt 0.968750 0.875000
vt 0.953125 1.000000
vt 0.937500 0.937500
vt 0.937500 0.875000
vt 0.937500 0.812500
vt 0.937500 0.750000
vt 0.937500 0.687500
vt 0.937500 0.625000
vt 0.937500 0.562500
vt 0.906250 0.750000
vt 0.906250 0.687500
vt 0.906250 0.625000
vt 0.906250 0.562500
vt 0.921875 1.000000
vt 0.906250 0.937500
vt 0.906250 0.875000
vt 0.906250 0.812500
vt 0.890625 1.000000
vt 0.875000 0.937500
vt 0.875000 0.875000
vt 0.875000 0.812500
vt 0.875000 0.750000
vt 0.875000 0.687500
vt 0.875000 0.625000
vt 0.875000 0.562500
vt 0.843750 0.750000
vt 0.843750 0.687500
vt 0.843750 0.625000
vt 0.843750 0.562500
vt 0.859375 1.000000
vt 0.843750 0.937500
vt 0.843750 0.875000
vt 0.843750 0.812500
vt 0.812500 0.937500
vt 0.812500 0.875000
vt 0.812500 0.812500
vt 0.812500 0.750000
vt 0.812500 0.687500
vt 0.812500 0.625000
vt 0.812500 0.562500
vt 0.828125 1.000000
vt 0.781250 0.687500
vt 0.781250 0.625000
vt 0.781250 0.562500
vt 0.796875 1.000000
vt 0.781250 0.937500
vt 0.781250 0.875000
vt 0.781250 0.812500
vt 0.781250 0.750000
vt 0.765625 1.000000
vt 0.750000 0.562500
vt 0.781250 0.562500
vt 0.812500 0.562500
vt 0.843750 0.562500
vt 0.562500 0.562500
vt 0.593750 0.562500
vt 0.937500 0.562500
vt 0.968750 0.562500
vt 0.687500 0.562500
vt 0.718750 0.562500
vt 0.906250 0.562500
vt 0.531250 0.562500
vt 0.656250 0.562500
vt 0.875000 0.562500
vt 0.500000 0.562500
vt 0.625000 0.562500
vt 1.000000 0.562500
vt 0.750000 0.875000
vt 0.750000 0.937500
vt 0.718750 0.937500
vt 0.718750 0.875000
vt 0.750000 0.812500
vt 0.718750 0.812500
vt 0.750000 0.750000
vt 0.718750 0.750000
vt 0.750000 0.687500
vt 0.718750 0.687500
vt 0.750000 0.625000
vt 0.718750 0.625000
vt 0.750000 0.562500
vt 0.718750 0.562500
vt 0.734375 1.000000
vt 0.703125 1.000000
vt 0.687500 0.937500
vt 0.687500 0.875000
vt 0.687500 0.812500
vt 0.687500 0.750000
vt 0.687500 0.687500
vt 0.687500 0.625000
vt 0.687500 0.562500
vt 0.656250 0.750000
vt 0.656250 0.687500
vt 0.656250 0.625000
vt 0.656250 0.562500
vt 0.671875 1.000000
vt 0.656250 0.937500
vt 0.656250 0.875000
vt 0.656250 0.812500
vt 0.640625 1.000000
vt 0.625000 0.937500
vt 0.625000 0.875000
vt 0.625000 0.812500
vt 0.625000 0.750000
vt 0.625000 0.687500
vt 0.625000 0.625000
vt 0.625000 0.562500
vt 0.593750 0.750000
vt 0.593750 0.687500
vt 0.593750 0.625000
vt 0.593750 0.562500
vt 0.609375 1.000000
vt 0.593750 0.937500
vt 0.593750 0.875000
vt 0.593750 0.812500
vt 0.562500 0.937500
vt 0.562500 0.875000
vt 0.562500 0.812500
vt 0.562500 0.750000
vt 0.562500 0.687500
vt 0.562500 0.625000
vt 0.562500 0.562500
vt 0.578125 1.000000
vt 0.531250 0.687500
vt 0.531250 0.625000
vt 0.531250 0.562500
vt 0.546875 1.000000
vt 0.531250 0.937500
vt 0.531250 0.875000
vt 0.531250 0.812500
vt 0.531250 0.750000
vt 0.500000 0.875000
vt 0.500000 0.812500
vt 0.500000 0.750000
vt 0.500000 0.687500
vt 0.500000 0.625000
vt 0.500000 0.562500
vt 0.515625 1.000000
vt 0.500000 0.937500
vt 1.000000 0.750000
vt 1.000000 0.812500
vt 0.968750 0.812500
vt 0.968750 0.750000
vt 1.000000 0.687500
vt 0.968750 0.687500
vt 1.000000 0.625000
vt 0.968750 0.625000
vt 1.000000 0.562500
vt 0.968750 0.562500
vt 1.000000 0.937500
vt 0.984375 1.000000
vt 0.968750 0.937500
vt 1.000000 0.875000
vt 0.968750 0.875000
vt 0.953125 1.000000
vt 0.937500 0.937500
vt 0.937500 0.875000
vt 0.937500 0.812500
vt 0.937500 0.750000
vt 0.937500 0.687500
vt 0.937500 0.625000
vt 0.937500 0.562500
vt 0.906250 0.750000
vt 0.906250 0.687500
vt 0.906250 0.625000
vt 0.906250 0.562500
vt 0.921875 1.000000
vt 0.906250 0.937500
vt 0.906250 0.875000
vt 0.906250 0.812500
vt 0.890625 1.000000
vt 0.875000 0.937500
vt 0.875000 0.875000
vt 0.875000 0.812500
vt 0.875000 0.750000
vt 0.875000 0.687500
vt 0.875000 0.625000
vt 0.875000 0.562500
vt 0.843750 0.750000
vt 0.843750 0.687500
vt 0.843750 0.625000
vt 0.843750 0.562500
vt 0.859375 1.000000
vt 0.843750 0.937500
vt 0.843750 0.875000
vt 0.843750 0.812500
vt 0.812500 0.937500
vt 0.812500 0.875000
vt 0.812500 0.812500
vt 0.812500 0.750000
vt 0.812500 0.687500
vt 0.812500 0.625000
vt 0.812500 0.562500
vt 0.828125 1.000000
vt 0.781250 0.687500
vt 0.781250 0.625000
vt 0.781250 0.562500
vt 0.796875 1.000000
vt 0.781250 0.937500
vt 0.781250 0.875000
vt 0.781250 0.812500
vt 0.781250 0.750000
vt 0.765625 1.000000
vt 0.750000 0.562500
vt 0.781250 0.562500
vt 0.812500 0.562500
vt 0.843750 0.562500
vt 0.562500 0.562500
vt 0.593750 0.562500
vt 0.937500 0.562500
vt 0.968750 0.562500
vt 0.687500 0.562500
vt 0.718750 0.562500
vt 0.906250 0.562500
vt 0.531250 0.562500
vt 0.656250 0.562500
vt 0.875000 0.562500
vt 0.500000 0.562500
vt 0.625000 0.562500
vt 1.000000 0.562500
vt 0.500000 0.562500
vt 0.500000 0.562500
vt 1.000000 0.562500
vt 1.000000 0.625000
vt 0.500000 0.937500
vt 0.500000 0.875000
vt 1.000000 0.937500
vt 0.984375 1.000000
vt 1.000000 0.875000
vt 1.000000 0.937500
vt 0.500000 0.812500
vt 1.000000 0.812500
vt 0.500000 0.750000
vt 1.000000 0.750000
vt 0.515625 1.000000
vt 0.500000 0.937500
vt 0.500000 0.687500
vt 1.000000 0.687500
vt 0.515625 1.000000
vt 0.500000 0.625000
vt 1.000000 0.625000
vt 1.000000 0.562500
vt 1.000000 0.562500
vt 0.500000 0.875000
vt 0.500000 0.625000
vt 1.000000 0.875000
vt 0.500000 0.812500
vt 0.984375 1.000000
vt 1.000000 0.812500
vt 0.500000 0.562500
vt 0.500000 0.750000
vt 1.000000 0.750000
vt 0.500000 0.687500
vt 1.000000 0.687500
vt 1.000000 0.562500
vt 1.000000 0.879604
vt 1.000000 0.942102
vt 1.000000 0.893053
vt 1.000000 0.937500
vt 0.500000 0.937500
vt 0.500000 0.893053
vt 0.500000 0.879604
vt 0.500000 0.942102
vt 1.000000 0.820002
vt 1.000000 0.882497
vt 1.000000 0.841834
vt 1.000000 0.875000
vt 0.500000 0.875000
vt 0.500000 0.841833
vt 0.500000 0.820002
vt 0.500000 0.882497
vt 1.000000 0.760140
vt 1.000000 0.822633
vt 1.000000 0.789503
vt 1.000000 0.812500
vt 0.500000 0.812500
vt 0.500000 0.789503
vt 0.500000 0.760140
vt 0.500000 0.822633
vt 1.000000 0.699914
vt 1.000000 0.762406
vt 1.000000 0.735667
vt 1.000000 0.750000
vt 0.500000 0.750000
vt 0.500000 0.735667
vt 0.500000 0.699914
vt 0.500000 0.762406
vt 1.000000 0.639224
vt 1.000000 0.701716
vt 1.000000 0.679984
vt 1.000000 0.687500
vt 0.500000 0.687500
vt 0.500000 0.679984
vt 0.500000 0.639224
vt 0.500000 0.701716
vt 1.000000 0.577984
vt 1.000000 0.640478
vt 1.000000 0.622184
vt 1.000000 0.625000
vt 0.500000 0.625000
vt 0.500000 0.622184
vt 0.500000 0.577984
vt 0.500000 0.640478
vt 1.000000 0.879604
vt 1.000000 0.942102
vt 1.000000 0.893053
vt 1.000000 0.937500
vt 0.500000 0.937500
vt 0.500000 0.893053
vt 0.500000 0.879604
vt 0.500000 0.942102
vt 1.000000 0.820002
vt 1.000000 0.882498
vt 1.000000 0.841834
vt 1.000000 0.875000
vt 0.500000 0.875000
vt 0.500000 0.841833
vt 0.500000 0.820002
vt 0.500000 0.882497
vt 1.000000 0.760140
vt 1.000000 0.822633
vt 1.000000 0.789503
vt 1.000000 0.812500
vt 0.500000 0.812500
vt 0.500000 0.789503
vt 0.500000 0.760140
vt 0.500000 0.822633
vt 1.000000 0.699914
vt 1.000000 0.762406
vt 1.000000 0.735667
vt 1.000000 0.750000
vt 0.500000 0.750000
vt 0.500000 0.735667
vt 0.500000 0.699914
vt 0.500000 0.762406
vt 1.000000 0.639224
vt 1.000000 0.701716
vt 1.000000 0.679984
vt 1.000000 0.687500
vt 0.500000 0.687500
vt 0.500000 0.679984
vt 0.500000 0.639224
vt 0.500000 0.701716
vt 1.000000 0.562500
vt 1.000000 0.562500
vt 1.000000 0.562500
vt 1.000000 0.562500
vt 0.500000 0.562500
vt 0.500000 0.562500
vt 0.500000 0.562500
vt 0.500000 0.562500
vt 1.000000 0.577984
vt 1.000000 0.640478
vt 1.000000 0.622184
vt 1.000000 0.625000
vt 0.500000 0.625000
vt 0.500000 0.622184
vt 0.500000 0.577984
vt 0.500000 0.640478
vt 0.999612 0.939051
vt 0.983987 1.001551
vt 0.998477 0.943593
vt 0.984375 1.000000
vt 0.515625 1.000000
vt 0.501523 0.943593
vt 0.500388 0.939052
vt 0.516012 1.001551
vt 0.999612 0.939052
vt 0.983988 1.001551
vt 0.998477 0.943594
vt 0.501523 0.943593
vt 0.500388 0.939052
vt 0.516012 1.001552
vt 1.000000 0.562500
vt 1.000000 0.562500
vt 1.000000 0.562500
vt 1.000000 0.562500
vt 0.500000 0.562500
vt 0.500000 0.562500
vt 0.500000 0.562500
vt 0.500000 0.562500
vt 0.500000 0.562500
vn -0.0000 0.9217 -0.3879
vn -0.0000 0.9796 -0.2010
vn 0.0392 0.9796 -0.1971
vn 0.0757 0.9217 -0.3804
vn -0.0000 0.8286 -0.5598
vn 0.1092 0.8286 -0.5490
vn -0.0000 0.7041 -0.7101
vn 0.1385 0.7041 -0.6965
vn -0.0000 0.5528 -0.8333
vn 0.1626 0.5528 -0.8173
vn -0.0000 0.3805 -0.9248
vn 0.1804 0.3805 -0.9070
vn -0.0000 0.1454 -0.9894
vn 0.1930 0.1454 -0.9704
vn -0.0000 0.9992 0.0399
vn 0.0769 0.9796 -0.1856
vn 0.1484 0.9217 -0.3584
vn 0.2142 0.8286 -0.5172
vn 0.2718 0.7041 -0.6561
vn 0.3189 0.5528 -0.7699
vn 0.3539 0.3805 -0.8544
vn 0.3786 0.1454 -0.9141
vn 0.3945 0.7041 -0.5905
vn 0.4630 0.5528 -0.6929
vn 0.5138 0.3805 -0.7689
vn 0.5497 0.1454 -0.8226
vn 0.1117 0.9796 -0.1670
vn 0.2155 0.9217 -0.3225
vn 0.3110 0.8286 -0.4654
vn 0.1421 0.9796 -0.1421
vn 0.2743 0.9217 -0.2743
vn 0.3958 0.8286 -0.3958
vn 0.5021 0.7041 -0.5021
vn 0.5893 0.5528 -0.5893
vn 0.6539 0.3805 -0.6539
vn 0.6996 0.1454 -0.6996
vn 0.5905 0.7041 -0.3945
vn 0.6929 0.5528 -0.4630
vn 0.7689 0.3805 -0.5138
vn 0.8226 0.1454 -0.5497
vn 0.1671 0.9796 -0.1117
vn 0.3225 0.9217 -0.2155
vn 0.4654 0.8286 -0.3110
vn 0.1857 0.9796 -0.0769
vn 0.3584 0.9217 -0.1484
vn 0.5172 0.8286 -0.2142
vn 0.6561 0.7041 -0.2718
vn 0.7699 0.5528 -0.3189
vn 0.8544 0.3805 -0.3539
vn 0.9141 0.1454 -0.3786
vn 0.8173 0.5528 -0.1626
vn 0.9070 0.3805 -0.1804
vn 0.9704 0.1454 -0.1930
vn 0.1971 0.9796 -0.0392
vn 0.3804 0.9217 -0.0757
vn 0.5490 0.8286 -0.1092
vn 0.6965 0.7041 -0.1385
vn 0.3833 0.9224 0.0470
vn 0.5554 0.8310 0.0322
vn 0.7063 0.7077 0.0162
vn 0.8304 0.5572 -0.0005
vn 0.9226 0.3854 -0.0172
vn 0.9876 0.1525 -0.0368
vn 0.1969 0.9786 0.0602
vn -0.7063 0.7077 0.0162
vn -0.5554 0.8310 0.0322
vn -0.5490 0.8286 -0.1092
vn -0.6965 0.7041 -0.1385
vn -0.8304 0.5572 -0.0005
vn -0.8173 0.5528 -0.1626
vn -0.9226 0.3854 -0.0172
vn -0.9070 0.3805 -0.1804
vn -0.9876 0.1525 -0.0368
vn -0.9704 0.1454 -0.1930
vn -0.1969 0.9786 0.0602
vn -0.1971 0.9796 -0.0392
vn -0.3833 0.9224 0.0471
vn -0.3804 0.9217 -0.0757
vn -0.1857 0.9796 -0.0769
vn -0.3584 0.9217 -0.1485
vn -0.5172 0.8286 -0.2142
vn -0.6561 0.7041 -0.2718
vn -0.7699 0.5528 -0.3189
vn -0.8544 0.3805 -0.3539
vn -0.9141 0.1454 -0.3786
vn -0.5905 0.7041 -0.3945
vn -0.6929 0.5528 -0.4630
vn -0.7689 0.3805 -0.5138
vn -0.8226 0.1454 -0.5497
vn -0.1671 0.9796 -0.1116
vn -0.3225 0.9217 -0.2155
vn -0.4654 0.8286 -0.3110
vn -0.1421 0.9796 -0.1421
vn -0.2743 0.9217 -0.2743
vn -0.3958 0.8286 -0.3958
vn -0.5021 0.7041 -0.5021
vn -0.5893 0.5528 -0.5893
vn -0.6539 0.3805 -0.6539
vn -0.6996 0.1454 -0.6996
vn -0.3945 0.7041 -0.5905
vn -0.4630 0.5528 -0.6929
vn -0.5138 0.3805 -0.7689
vn -0.5497 0.1454 -0.8226
vn -0.1117 0.9796 -0.1671
vn -0.2155 0.9217 -0.3225
vn -0.3110 0.8286 -0.4654
vn -0.0769 0.9796 -0.1856
vn -0.1484 0.9217 -0.3584
vn -0.2142 0.8286 -0.5172
vn -0.2718 0.7041 -0.6561
vn -0.3189 0.5528 -0.7699
vn -0.3539 0.3805 -0.8544
vn -0.3786 0.1454 -0.9141
vn -0.1626 0.5528 -0.8173
vn -0.1804 0.3805 -0.9070
vn -0.1930 0.1454 -0.9704
vn -0.0392 0.9796 -0.1971
vn -0.0757 0.9217 -0.3804
vn -0.1092 0.8286 -0.5490
vn -0.1385 0.7041 -0.6965
vn -0.0000 0.0000 -1.0000
vn -0.1951 0.0000 -0.9808
vn -0.3827 0.0000 -0.9239
vn -0.5556 0.0000 -0.8315
vn 0.9239 0.0000 -0.3827
vn 0.8315 0.0000 -0.5556
vn -0.9239 0.0000 -0.3827
vn -0.9812 0.0000 -0.1930
vn 0.3827 0.0000 -0.9239
vn 0.1951 0.0000 -0.9808
vn -0.8315 0.0000 -0.5556
vn 0.9812 0.0000 -0.1930
vn 0.5556 0.0000 -0.8315
vn -0.7071 0.0000 -0.7071
vn 0.9989 -0.0000 -0.0459
vn 0.7071 0.0000 -0.7071
vn -0.9989 -0.0000 -0.0459
vn 0.0000 0.9217 0.3879
vn 0.0000 0.9796 0.2009
vn -0.0392 0.9796 0.1971
vn -0.0757 0.9217 0.3804
vn 0.0000 0.8286 0.5598
vn -0.1092 0.8286 0.5490
vn 0.0000 0.7041 0.7101
vn -0.1385 0.7041 0.6965
vn 0.0000 0.5528 0.8333
vn -0.1626 0.5528 0.8173
vn 0.0000 0.3805 0.9248
vn -0.1804 0.3805 0.9070
vn 0.0000 0.1454 0.9894
vn -0.1930 0.1454 0.9704
vn 0.0000 0.9992 -0.0399
vn -0.0769 0.9796 0.1857
vn -0.1484 0.9217 0.3584
vn -0.2142 0.8286 0.5172
vn -0.2718 0.7041 0.6561
vn -0.3189 0.5528 0.7699
vn -0.3539 0.3805 0.8544
vn -0.3786 0.1454 0.9141
vn -0.3945 0.7041 0.5905
vn -0.4630 0.5528 0.6929
vn -0.5138 0.3805 0.7689
vn -0.5497 0.1454 0.8226
vn -0.1117 0.9796 0.1671
vn -0.2155 0.9217 0.3225
vn -0.3110 0.8286 0.4654
vn -0.1421 0.9796 0.1421
vn -0.2743 0.9217 0.2743
vn -0.3958 0.8286 0.3958
vn -0.5021 0.7041 0.5022
vn -0.5893 0.5528 0.5893
vn -0.6539 0.3805 0.6539
vn -0.6996 0.1454 0.6996
vn -0.5905 0.7041 0.3945
vn -0.6929 0.5528 0.4630
vn -0.7689 0.3805 0.5138
vn -0.8226 0.1454 0.5497
vn -0.1671 0.9796 0.1117
vn -0.3225 0.9217 0.2155
vn -0.4654 0.8286 0.3110
vn -0.1857 0.9796 0.0769
vn -0.3584 0.9217 0.1484
vn -0.5172 0.8286 0.2142
vn -0.6561 0.7041 0.2718
vn -0.7699 0.5528 0.3189
vn -0.8544 0.3805 0.3539
vn -0.9141 0.1454 0.3786
vn -0.8173 0.5528 0.1626
vn -0.9070 0.3805 0.1804
vn -0.9704 0.1454 0.1930
vn -0.1971 0.9796 0.0392
vn -0.3804 0.9217 0.0757
vn -0.5490 0.8286 0.1092
vn -0.6965 0.7041 0.1385
vn -0.3833 0.9224 -0.0470
vn -0.5554 0.8310 -0.0322
vn -0.7063 0.7077 -0.0162
vn -0.8304 0.5572 0.0005
vn -0.9226 0.3854 0.0172
vn -0.9876 0.1525 0.0368
vn -0.1969 0.9786 -0.0601
vn 0.7063 0.7077 -0.0162
vn 0.5554 0.8310 -0.0322
vn 0.5490 0.8286 0.1092
vn 0.6965 0.7041 0.1385
vn 0.8304 0.5572 0.0005
vn 0.8173 0.5528 0.1626
vn 0.9226 0.3854 0.0172
vn 0.9070 0.3805 0.1804
vn 0.9876 0.1525 0.0368
vn 0.9704 0.1454 0.1930
vn 0.1969 0.9786 -0.0601
vn 0.1971 0.9796 0.0392
vn 0.3833 0.9224 -0.0470
vn 0.3804 0.9217 0.0757
vn 0.1857 0.9796 0.0769
vn 0.3584 0.9217 0.1484
vn 0.5172 0.8286 0.2142
vn 0.6561 0.7041 0.2718
vn 0.7699 0.5528 0.3189
vn 0.8544 0.3805 0.3539
vn 0.9141 0.1454 0.3786
vn 0.5905 0.7041 0.3945
vn 0.6929 0.5528 0.4630
vn 0.7689 0.3805 0.5138
vn 0.8226 0.1454 0.5497
vn 0.1671 0.9796 0.1116
vn 0.3225 0.9217 0.2155
vn 0.4654 0.8286 0.3110
vn 0.1421 0.9796 0.1421
vn 0.2743 0.9217 0.2743
vn 0.3958 0.8286 0.3958
vn 0.5021 0.7041 0.5021
vn 0.5893 0.5528 0.5893
vn 0.6539 0.3805 0.6539
vn 0.6996 0.1454 0.6996
vn 0.3945 0.7041 0.5905
vn 0.4630 0.5528 0.6929
vn 0.5138 0.3805 0.7689
vn 0.5497 0.1454 0.8226
vn 0.1117 0.9796 0.1671
vn 0.2155 0.9217 0.3225
vn 0.3110 0.8286 0.4654
vn 0.0769 0.9796 0.1857
vn 0.1484 0.9217 0.3584
vn 0.2142 0.8286 0.5172
vn 0.2718 0.7041 0.6561
vn 0.3189 0.5528 0.7699
vn 0.3539 0.3805 0.8544
vn 0.3786 0.1454 0.9141
vn 0.1626 0.5528 0.8173
vn 0.1804 0.3805 0.9070
vn 0.1930 0.1454 0.9704
vn 0.0392 0.9796 0.1971
vn 0.0757 0.9217 0.3804
vn 0.1092 0.8286 0.5490
vn 0.1385 0.7041 0.6965
vn 0.0000 0.0000 1.0000
vn 0.1951 0.0000 0.9808
vn 0.3827 0.0000 0.9239
vn 0.5556 0.0000 0.8315
vn -0.9239 0.0000 0.3827
vn -0.8315 0.0000 0.5556
vn 0.9239 0.0000 0.3827
vn 0.9812 0.0000 0.1930
vn -0.3827 0.0000 0.9239
vn -0.1951 0.0000 0.9808
vn 0.8315 0.0000 0.5556
vn -0.9812 0.0000 0.1930
vn -0.5556 0.0000 0.8315
vn 0.7071 0.0000 0.7071
vn -0.9989 0.0000 0.0459
vn -0.7071 0.0000 0.7071
vn 0.9989 0.0000 0.0459
vn -0.9894 0.1445 -0.0172
vn -1.0000 -0.0000 0.0000
vn 0.9894 0.1445 -0.0172
vn 0.9234 0.3810 -0.0458
vn 0.1940 0.9740 0.1174
vn 0.3808 0.9180 0.1106
vn 0.1940 0.9740 -0.1174
vn 0.0000 0.9928 -0.1197
vn -0.3808 0.9180 0.1106
vn -0.1940 0.9740 0.1174
vn 0.5534 0.8269 0.0996
vn -0.5534 0.8269 0.0996
vn 0.7052 0.7039 0.0848
vn -0.7052 0.7039 0.0848
vn -0.1940 0.9740 -0.1174
vn 0.8303 0.5534 0.0666
vn -0.8303 0.5534 0.0666
vn -0.0000 0.9928 0.1197
vn 0.9234 0.3810 0.0458
vn -0.9234 0.3810 0.0458
vn -0.9894 0.1445 0.0172
vn -0.3808 0.9180 -0.1106
vn -0.9234 0.3810 -0.0458
vn 0.3808 0.9180 -0.1106
vn -0.5534 0.8269 -0.0996
vn 0.5534 0.8269 -0.0996
vn 0.9894 0.1445 0.0172
vn -0.7052 0.7039 -0.0848
vn 0.7052 0.7039 -0.0848
vn -0.8303 0.5534 -0.0666
vn 0.8303 0.5534 -0.0666
vn 1.0000 0.0000 0.0000
vn -0.3825 0.9222 0.0578
vn -0.1949 0.9789 0.0613
vn -0.3829 0.9238 -0.0000
vn -0.1952 0.9808 -0.0000
vn -0.3825 0.9222 -0.0578
vn -0.1949 0.9789 -0.0613
vn -0.5555 0.8299 0.0520
vn -0.5560 0.8312 -0.0000
vn -0.5555 0.8299 -0.0520
vn -0.7072 0.7056 0.0441
vn -0.7077 0.7065 -0.0000
vn -0.7072 0.7056 -0.0442
vn -0.8318 0.5540 0.0346
vn -0.8321 0.5546 -0.0000
vn -0.8318 0.5540 -0.0346
vn -0.9243 0.3809 0.0238
vn -0.9244 0.3813 -0.0000
vn -0.9243 0.3809 -0.0238
vn -0.9896 0.1437 0.0088
vn -0.9896 0.1442 -0.0000
vn -0.9896 0.1437 -0.0088
vn 0.3825 0.9222 -0.0578
vn 0.1949 0.9789 -0.0613
vn 0.3829 0.9238 0.0000
vn 0.1952 0.9808 -0.0000
vn 0.3825 0.9222 0.0578
vn 0.1949 0.9789 0.0613
vn 0.5555 0.8299 -0.0520
vn 0.5560 0.8312 0.0000
vn 0.5555 0.8299 0.0520
vn 0.7072 0.7056 -0.0442
vn 0.7077 0.7065 0.0000
vn 0.7072 0.7056 0.0441
vn 0.8318 0.5540 -0.0346
vn 0.8321 0.5546 0.0000
vn 0.8318 0.5540 0.0346
vn 0.9243 0.3809 -0.0238
vn 0.9244 0.3813 0.0000
vn 0.9243 0.3809 0.0238
vn 0.9896 0.1437 -0.0088
vn 0.9896 0.1442 0.0000
vn 0.9896 0.1437 0.0088
vn 0.0000 0.9980 -0.0625
vn -0.0000 1.0000 -0.0000
vn -0.0000 0.9980 0.0625
vn 0.0000 -0.9998 -0.0175
vn 0.0000 -0.9970 -0.0772
vn 0.0000 -0.9934 -0.1145
vn 0.0000 -0.9981 -0.0624
vn 0.0000 -1.0000 -0.0000
vn 0.0000 -0.9981 0.0624
vn 0.0000 -0.9934 0.1145
vn 0.0000 -0.9970 0.0772
vn 0.0000 -0.9998 0.0175
usemtl None
s 1
f 2/1/1 1/2/2 8/3/3 9/4/4
f 3/5/5 2/1/1 9/4/4 10/6/6
f 4/7/7 3/5/5 10/6/6 11/8/8
f 5/9/9 4/7/7 11/8/8 12/10/10
f 6/11/11 5/9/9 12/10/10 13/12/12
f 7/13/13 6/11/11 13/12/12 14/14/14
f 1/2/2 64/15/15 8/3/3
f 8/3/3 64/16/15 15/17/16
f 9/4/4 8/3/3 15/17/16 16/18/17
f 10/6/6 9/4/4 16/18/17 17/19/18
f 11/8/8 10/6/6 17/19/18 18/20/19
f 12/10/10 11/8/8 18/20/19 19/21/20
f 13/12/12 12/10/10 19/21/20 20/22/21
f 14/14/14 13/12/12 20/22/21 21/23/22
f 19/21/20 18/20/19 25/24/23 26/25/24
f 20/22/21 19/21/20 26/25/24 27/26/25
f 21/23/22 20/22/21 27/26/25 28/27/26
f 15/17/16 64/28/15 22/29/27
f 16/18/17 15/17/16 22/29/27 23/30/28
f 17/19/18 16/18/17 23/30/28 24/31/29
f 18/20/19 17/19/18 24/31/29 25/24/23
f 22/29/27 64/32/15 29/33/30
f 23/30/28 22/29/27 29/33/30 30/34/31
f 24/31/29 23/30/28 30/34/31 31/35/32
f 25/24/23 24/31/29 31/35/32 32/36/33
f 26/25/24 25/24/23 32/36/33 33/37/34
f 27/26/25 26/25/24 33/37/34 34/38/35
f 28/27/26 27/26/25 34/38/35 35/39/36
f 33/37/34 32/36/33 39/40/37 40/41/38
f 34/38/35 33/37/34 40/41/38 41/42/39
f 35/39/36 34/38/35 41/42/39 42/43/40
f 29/33/30 64/44/15 36/45/41
f 30/34/31 29/33/30 36/45/41 37/46/42
f 31/35/32 30/34/31 37/46/42 38/47/43
f 32/36/33 31/35/32 38/47/43 39/40/37
f 37/46/42 36/45/41 43/48/44 44/49/45
f 38/47/43 37/46/42 44/49/45 45/50/46
f 39/40/37 38/47/43 45/50/46 46/51/47
f 40/41/38 39/40/37 46/51/47 47/52/48
f 41/42/39 40/41/38 47/52/48 48/53/49
f 42/43/40 41/42/39 48/53/49 49/54/50
f 36/45/41 64/55/15 43/48/44
f 48/53/49 47/52/48 54/56/51 55/57/52
f 49/54/50 48/53/49 55/57/52 56/58/53
f 43/48/44 64/59/15 50/60/54
f 44/49/45 43/48/44 50/60/54 51/61/55
f 45/50/46 44/49/45 51/61/55 52/62/56
f 46/51/47 45/50/46 52/62/56 53/63/57
f 47/52/48 46/51/47 53/63/57 54/56/51
f 52/62/56 51/61/55 58/64/58 59/65/59
f 53/63/57 52/62/56 59/65/59 60/66/60
f 54/56/51 53/63/57 60/66/60 61/67/61
f 55/57/52 54/56/51 61/67/61 62/68/62
f 56/58/53 55/57/52 62/68/62 63/69/63
f 50/60/54 64/70/15 57/71/64
f 51/61/55 50/60/54 57/71/64 58/64/58
f 68/72/65 67/73/66 74/74/67 75/75/68
f 69/76/69 68/72/65 75/75/68 76/77/70
f 70/78/71 69/76/69 76/77/70 77/79/72
f 71/80/73 70/78/71 77/79/72 78/81/74
f 65/82/75 64/83/15 72/84/76
f 66/85/77 65/82/75 72/84/76 73/86/78
f 67/73/66 66/85/77 73/86/78 74/74/67
f 72/84/76 64/87/15 79/88/79
f 73/86/78 72/84/76 79/88/79 80/89/80
f 74/74/67 73/86/78 80/89/80 81/90/81
f 75/75/68 74/74/67 81/90/81 82/91/82
f 76/77/70 75/75/68 82/91/82 83/92/83
f 77/79/72 76/77/70 83/92/83 84/93/84
f 78/81/74 77/79/72 84/93/84 85/94/85
f 83/92/83 82/91/82 89/95/86 90/96/87
f 84/93/84 83/92/83 90/96/87 91/97/88
f 85/94/85 84/93/84 91/97/88 92/98/89
f 79/88/79 64/99/15 86/100/90
f 80/89/80 79/88/79 86/100/90 87/101/91
f 81/90/81 80/89/80 87/101/91 88/102/92
f 82/91/82 81/90/81 88/102/92 89/95/86
f 86/100/90 64/103/15 93/104/93
f 87/101/91 86/100/90 93/104/93 94/105/94
f 88/102/92 87/101/91 94/105/94 95/106/95
f 89/95/86 88/102/92 95/106/95 96/107/96
f 90/96/87 89/95/86 96/107/96 97/108/97
f 91/97/88 90/96/87 97/108/97 98/109/98
f 92/98/89 91/97/88 98/109/98 99/110/99
f 97/108/97 96/107/96 103/111/100 104/112/101
f 98/109/98 97/108/97 104/112/101 105/113/102
f 99/110/99 98/109/98 105/113/102 106/114/103
f 93/104/93 64/115/15 100/116/104
f 94/105/94 93/104/93 100/116/104 101/117/105
f 95/106/95 94/105/94 101/117/105 102/118/106
f 96/107/96 95/106/95 102/118/106 103/111/100
f 101/117/105 100/116/104 107/119/107 108/120/108
f 102/118/106 101/117/105 108/120/108 109/121/109
f 103/111/100 102/118/106 109/121/109 110/122/110
f 104/112/101 103/111/100 110/122/110 111/123/111
f 105/113/102 104/112/101 111/123/111 112/124/112
f 106/114/103 105/113/102 112/124/112 113/125/113
f 100/116/104 64/126/15 107/119/107
f 112/124/112 111/123/111 118/127/114 119/128/115
f 113/125/113 112/124/112 119/128/115 120/129/116
f 107/119/107 64/130/15 114/131/117
f 108/120/108 107/119/107 114/131/117 115/132/118
f 109/121/109 108/120/108 115/132/118 116/133/119
f 110/122/110 109/121/109 116/133/119 117/134/120
f 111/123/111 110/122/110 117/134/120 118/127/114
f 115/132/118 114/131/117 1/2/2 2/1/1
f 116/133/119 115/132/118 2/1/1 3/5/5
f 117/134/120 116/133/119 3/5/5 4/7/7
f 118/127/114 117/134/120 4/7/7 5/9/9
f 119/128/115 118/127/114 5/9/9 6/11/11
f 120/129/116 119/128/115 6/11/11 7/13/13
f 114/131/117 64/135/15 1/2/2
f 120/129/116 7/13/13 121/136/121 137/137/122
f 106/114/103 113/125/113 136/138/123 135/139/124
f 42/43/40 49/54/50 127/140/125 126/141/126
f 78/81/74 85/94/85 132/142/127 131/143/128
f 113/125/113 120/129/116 137/137/122 136/138/123
f 14/14/14 21/23/22 123/144/129 122/145/130
f 85/94/85 92/98/89 133/146/131 132/142/127
f 7/13/13 14/14/14 122/145/130 121/136/121
f 49/54/50 56/58/53 128/147/132 127/140/125
f 21/23/22 28/27/26 124/148/133 123/144/129
f 92/98/89 99/110/99 134/149/134 133/146/131
f 56/58/53 63/69/63 129/150/135 128/147/132
f 28/27/26 35/39/36 125/151/136 124/148/133
f 99/110/99 106/114/103 135/139/124 134/149/134
f 71/80/73 78/81/74 131/143/128 130/152/137
f 35/39/36 42/43/40 126/141/126 125/151/136
f 139/153/138 138/154/139 145/155/140 146/156/141
f 140/157/142 139/153/138 146/156/141 147/158/143
f 141/159/144 140/157/142 147/158/143 148/160/145
f 142/161/146 141/159/144 148/160/145 149/162/147
f 143/163/148 142/161/146 149/162/147 150/164/149
f 144/165/150 143/163/148 150/164/149 151/166/151
f 138/154/139 201/167/152 145/155/140
f 145/155/140 201/168/152 152/169/153
f 146/156/141 145/155/140 152/169/153 153/170/154
f 147/158/143 146/156/141 153/170/154 154/171/155
f 148/160/145 147/158/143 154/171/155 155/172/156
f 149/162/147 148/160/145 155/172/156 156/173/157
f 150/164/149 149/162/147 156/173/157 157/174/158
f 151/166/151 150/164/149 157/174/158 158/175/159
f 156/173/157 155/172/156 162/176/160 163/177/161
f 157/174/158 156/173/157 163/177/161 164/178/162
f 158/175/159 157/174/158 164/178/162 165/179/163
f 152/169/153 201/180/152 159/181/164
f 153/170/154 152/169/153 159/181/164 160/182/165
f 154/171/155 153/170/154 160/182/165 161/183/166
f 155/172/156 154/171/155 161/183/166 162/176/160
f 159/181/164 201/184/152 166/185/167
f 160/182/165 159/181/164 166/185/167 167/186/168
f 161/183/166 160/182/165 167/186/168 168/187/169
f 162/176/160 161/183/166 168/187/169 169/188/170
f 163/177/161 162/176/160 169/188/170 170/189/171
f 164/178/162 163/177/161 170/189/171 171/190/172
f 165/179/163 164/178/162 171/190/172 172/191/173
f 170/189/171 169/188/170 176/192/174 177/193/175
f 171/190/172 170/189/171 177/193/175 178/194/176
f 172/191/173 171/190/172 178/194/176 179/195/177
f 166/185/167 201/196/152 173/197/178
f 167/186/168 166/185/167 173/197/178 174/198/179
f 168/187/169 167/186/168 174/198/179 175/199/180
f 169/188/170 168/187/169 175/199/180 176/192/174
f 174/198/179 173/197/178 180/200/181 181/201/182
f 175/199/180 174/198/179 181/201/182 182/202/183
f 176/192/174 175/199/180 182/202/183 183/203/184
f 177/193/175 176/192/174 183/203/184 184/204/185
f 178/194/176 177/193/175 184/204/185 185/205/186
f 179/195/177 178/194/176 185/205/186 186/206/187
f 173/197/178 201/207/152 180/200/181
f 185/205/186 184/204/185 191/208/188 192/209/189
f 186/206/187 185/205/186 192/209/189 193/210/190
f 180/200/181 201/211/152 187/212/191
f 181/201/182 180/200/181 187/212/191 188/213/192
f 182/202/183 181/201/182 188/213/192 189/214/193
f 183/203/184 182/202/183 189/214/193 190/215/194
f 184/204/185 183/203/184 190/215/194 191/208/188
f 189/214/193 188/213/192 195/216/195 196/217/196
f 190/215/194 189/214/193 196/217/196 197/218/197
f 191/208/188 190/215/194 197/218/197 198/219/198
f 192/209/189 191/208/188 198/219/198 199/220/199
f 193/210/190 192/209/189 199/220/199 200/221/200
f 187/212/191 201/222/152 194/223/201
f 188/213/192 187/212/191 194/223/201 195/216/195
f 205/224/202 204/225/203 211/226/204 212/227/205
f 206/228/206 205/224/202 212/227/205 213/229/207
f 207/230/208 206/228/206 213/229/207 214/231/209
f 208/232/210 207/230/208 214/231/209 215/233/211
f 202/234/212 201/235/152 209/236/213
f 203/237/214 202/234/212 209/236/213 210/238/215
f 204/225/203 203/237/214 210/238/215 211/226/204
f 209/236/213 201/239/152 216/240/216
f 210/238/215 209/236/213 216/240/216 217/241/217
f 211/226/204 210/238/215 217/241/217 218/242/218
f 212/227/205 211/226/204 218/242/218 219/243/219
f 213/229/207 212/227/205 219/243/219 220/244/220
f 214/231/209 213/229/207 220/244/220 221/245/221
f 215/233/211 214/231/209 221/245/221 222/246/222
f 220/244/220 219/243/219 226/247/223 227/248/224
f 221/245/221 220/244/220 227/248/224 228/249/225
f 222/246/222 221/245/221 228/249/225 229/250/226
f 216/240/216 201/251/152 223/252/227
f 217/241/217 216/240/216 223/252/227 224/253/228
f 218/242/218 217/241/217 224/253/228 225/254/229
f 219/243/219 218/242/218 225/254/229 226/247/223
f 223/252/227 201/255/152 230/256/230
f 224/253/228 223/252/227 230/256/230 231/257/231
f 225/254/229 224/253/228 231/257/231 232/258/232
f 226/247/223 225/254/229 232/258/232 233/259/233
f 227/248/224 226/247/223 233/259/233 234/260/234
f 228/249/225 227/248/224 234/260/234 235/261/235
f 229/250/226 228/249/225 235/261/235 236/262/236
f 234/260/234 233/259/233 240/263/237 241/264/238
f 235/261/235 234/260/234 241/264/238 242/265/239
f 236/262/236 235/261/235 242/265/239 243/266/240
f 230/256/230 201/267/152 237/268/241
f 231/257/231 230/256/230 237/268/241 238/269/242
f 232/258/232 231/257/231 238/269/242 239/270/243
f 233/259/233 232/258/232 239/270/243 240/263/237
f 238/269/242 237/268/241 244/271/244 245/272/245
f 239/270/243 238/269/242 245/272/245 246/273/246
f 240/263/237 239/270/243 246/273/246 247/274/247
f 241/264/238 240/263/237 247/274/247 248/275/248
f 242/265/239 241/264/238 248/275/248 249/276/249
f 243/266/240 242/265/239 249/276/249 250/277/250
f 237/268/241 201/278/152 244/271/244
f 249/276/249 248/275/248 255/279/251 256/280/252
f 250/277/250 249/276/249 256/280/252 257/281/253
f 244/271/244 201/282/152 251/283/254
f 245/272/245 244/271/244 251/283/254 252/284/255
f 246/273/246 245/272/245 252/284/255 253/285/256
f 247/274/247 246/273/246 253/285/256 254/286/257
f 248/275/248 247/274/247 254/286/257 255/279/251
f 252/284/255 251/283/254 138/154/139 139/153/138
f 253/285/256 252/284/255 139/153/138 140/157/142
f 254/286/257 253/285/256 140/157/142 141/159/144
f 255/279/251 254/286/257 141/159/144 142/161/146
f 256/280/252 255/279/251 142/161/146 143/163/148
f 257/281/253 256/280/252 143/163/148 144/165/150
f 251/283/254 201/287/152 138/154/139
f 257/281/253 144/165/150 258/288/258 274/289/259
f 243/266/240 250/277/250 273/290/260 272/291/261
f 179/195/177 186/206/187 264/292/262 263/293/263
f 215/233/211 222/246/222 269/294/264 268/295/265
f 250/277/250 257/281/253 274/289/259 273/290/260
f 151/166/151 158/175/159 260/296/266 259/297/267
f 222/246/222 229/250/226 270/298/268 269/294/264
f 144/165/150 151/166/151 259/297/267 258/288/258
f 186/206/187 193/210/190 265/299/269 264/292/262
f 158/175/159 165/179/163 261/300/270 260/296/266
f 229/250/226 236/262/236 271/301/271 270/298/268
f 193/210/190 200/221/200 266/302/272 265/299/269
f 165/179/163 172/191/173 262/303/273 261/300/270
f 236/262/236 243/266/240 272/291/261 271/301/271
f 208/232/210 215/233/211 268/295/265 267/304/274
f 172/191/173 179/195/177 263/293/263 262/303/273
f 266/302/272 200/221/200 316/305/275 350/306/276
f 207/230/208 208/232/210 275/307/277 345/308/278
f 58/64/58 57/71/64 320/309/279 326/310/280
f 201/235/152 202/234/212 321/311/281 281/312/282
f 65/82/75 66/85/77 290/313/283 286/314/284
f 59/65/59 58/64/58 326/310/280 331/315/285
f 66/85/77 67/73/66 295/316/286 290/313/283
f 60/66/60 59/65/59 331/315/285 336/317/287
f 67/73/66 68/72/65 300/318/288 295/316/286
f 194/223/201 201/222/152 281/319/282 285/320/289
f 61/67/61 60/66/60 336/317/287 341/321/290
f 68/72/65 69/76/69 305/322/291 300/318/288
f 57/71/64 64/70/15 280/323/292 320/309/279
f 62/68/62 61/67/61 341/321/290 346/324/293
f 69/76/69 70/78/71 310/325/294 305/322/291
f 71/80/73 130/152/137 351/326/276 315/327/295
f 195/216/195 194/223/201 285/320/289 291/328/296
f 200/221/200 199/220/199 311/329/297 316/305/275
f 202/234/212 203/237/214 325/330/298 321/311/281
f 196/217/196 195/216/195 291/328/296 296/331/299
f 64/83/15 65/82/75 286/314/284 280/332/292
f 70/78/71 71/80/73 315/327/295 310/325/294
f 203/237/214 204/225/203 330/333/300 325/330/298
f 63/69/63 62/68/62 346/324/293 276/334/301
f 197/218/197 196/217/196 296/331/299 301/335/302
f 204/225/203 205/224/202 335/336/303 330/333/300
f 198/219/198 197/218/197 301/335/302 306/337/304
f 205/224/202 206/228/206 340/338/305 335/336/303
f 208/232/210 267/304/274 356/339/306 275/307/277
f 199/220/199 198/219/198 306/337/304 311/329/297
f 206/228/206 207/230/208 345/308/278 340/338/305
f 286/314/284 290/313/283 292/340/307 289/341/308
f 289/341/308 292/340/307 293/342/309 288/343/310
f 288/344/310 293/345/309 294/346/311 287/347/312
f 287/347/312 294/346/311 291/328/296 285/320/289
f 290/313/283 295/316/286 297/348/313 292/349/307
f 292/349/307 297/348/313 298/350/314 293/351/309
f 293/352/309 298/353/314 299/354/315 294/355/311
f 294/355/311 299/354/315 296/331/299 291/328/296
f 295/316/286 300/318/288 302/356/316 297/357/313
f 297/357/313 302/356/316 303/358/317 298/359/314
f 298/360/314 303/361/317 304/362/318 299/363/315
f 299/363/315 304/362/318 301/335/302 296/331/299
f 300/318/288 305/322/291 307/364/319 302/365/316
f 302/365/316 307/364/319 308/366/320 303/367/317
f 303/368/317 308/369/320 309/370/321 304/371/318
f 304/371/318 309/370/321 306/337/304 301/335/302
f 305/322/291 310/325/294 312/372/322 307/373/319
f 307/373/319 312/372/322 313/374/323 308/375/320
f 308/376/320 313/377/323 314/378/324 309/379/321
f 309/379/321 314/378/324 311/329/297 306/337/304
f 310/325/294 315/327/295 317/380/325 312/381/322
f 312/381/322 317/380/325 318/382/326 313/383/323
f 313/384/323 318/385/326 319/386/327 314/387/324
f 314/387/324 319/386/327 316/305/275 311/329/297
f 321/311/281 325/330/298 327/388/328 324/389/329
f 324/389/329 327/388/328 328/390/330 323/391/331
f 323/392/331 328/393/330 329/394/332 322/395/333
f 322/395/333 329/394/332 326/310/280 320/309/279
f 325/330/298 330/333/300 332/396/334 327/397/328
f 327/397/328 332/396/334 333/398/335 328/399/330
f 328/400/330 333/401/335 334/402/336 329/403/332
f 329/403/332 334/402/336 331/315/285 326/310/280
f 330/333/300 335/336/303 337/404/337 332/405/334
f 332/405/334 337/404/337 338/406/338 333/407/335
f 333/408/335 338/409/338 339/410/339 334/411/336
f 334/411/336 339/410/339 336/317/287 331/315/285
f 335/336/303 340/338/305 342/412/340 337/413/337
f 337/413/337 342/412/340 343/414/341 338/415/338
f 338/416/338 343/417/341 344/418/342 339/419/339
f 339/419/339 344/418/342 341/321/290 336/317/287
f 340/338/305 345/308/278 347/420/343 342/421/340
f 342/421/340 347/420/343 348/422/344 343/423/341
f 343/424/341 348/425/344 349/426/345 344/427/342
f 344/427/342 349/426/345 346/324/293 341/321/290
f 315/327/295 351/326/276 354/428/276 317/429/325
f 317/429/325 354/428/276 353/430/276 318/431/326
f 318/432/326 353/433/276 352/434/276 319/435/327
f 319/435/327 352/434/276 350/306/276 316/305/275
f 345/308/278 275/307/277 277/436/346 347/437/343
f 347/437/343 277/436/346 278/438/347 348/439/344
f 348/440/344 278/441/347 279/442/348 349/443/345
f 349/443/345 279/442/348 276/334/301 346/324/293
f 281/312/282 321/311/281 324/444/329 284/445/349
f 284/445/349 324/444/329 323/446/331 283/447/350
f 283/448/350 323/449/331 322/450/333 282/451/351
f 282/451/351 322/450/333 320/309/279 280/323/292
f 280/332/292 286/314/284 289/452/308 282/453/351
f 282/453/351 289/452/308 288/454/310 283/447/350
f 283/448/350 288/455/310 287/456/312 284/457/349
f 284/457/349 287/456/312 285/320/289 281/319/282
f 275/307/277 356/339/306 359/458/306 277/459/346
f 277/459/346 359/458/306 358/460/306 278/461/347
f 278/462/347 358/463/306 357/464/306 279/465/348
f 279/465/348 357/464/306 355/466/306 276/334/301
f 129/150/135 63/69/63 276/334/301 355/466/306
f 122/145/352 123/144/352 124/148/352 125/151/352 126/141/352 127/140/352 128/147/352 129/150/353 130/152/353 131/143/352 132/142/352 133/146/352 134/149/352 135/139/352 136/138/352 137/137/352 121/136/352
f 355/466/354 351/326/354 130/152/353 129/150/353
f 351/326/354 355/466/354 357/464/355 354/428/355
f 354/428/355 357/464/355 358/463/356 353/430/356
f 353/430/356 358/463/356 359/458/357 352/434/357
f 352/434/357 359/458/357 356/339/358 350/306/358
f 267/304/359 266/302/359 350/306/358 356/339/358
f 259/297/360 260/296/360 261/300/360 262/303/360 263/293/360 264/292/360 265/299/360 266/302/359 267/304/359 268/295/360 269/294/360 270/298/360 271/301/360 272/291/360 273/290/360 274/289/360 258/288/360
o RC-Connection_Circle.002
v -0.002417 0.875921 -1.257991
v -0.025500 0.875921 -1.254952
v -0.047010 0.875921 -1.246042
v -0.065482 0.875921 -1.231869
v -0.079655 0.875921 -1.213397
v -0.088565 0.875921 -1.191887
v -0.091604 0.875921 -1.168804
v -0.088565 0.875921 -1.145720
v -0.079655 0.875921 -1.124210
v 0.074822 0.875921 -1.124210
v 0.083731 0.875921 -1.145720
v 0.086770 0.875921 -1.168804
v 0.083731 0.875921 -1.191887
v 0.074822 0.875921 -1.213397
v 0.060648 0.875921 -1.231868
v 0.042177 0.875921 -1.246042
v 0.020667 0.875921 -1.254952
v -0.002417 0.875921 -0.861033
v -0.025500 0.875921 -0.864072
v -0.047010 0.875921 -0.872982
v -0.065482 0.875921 -0.887155
v -0.079655 0.875921 -0.905627
v -0.088565 0.875921 -0.927137
v -0.091604 0.875921 -0.950220
v -0.088565 0.875921 -0.973304
v -0.079655 0.875921 -0.994814
v 0.074822 0.875921 -0.994814
v 0.083731 0.875921 -0.973304
v 0.086770 0.875921 -0.950220
v 0.083731 0.875921 -0.927137
v 0.074822 0.875921 -0.905627
v 0.060648 0.875921 -0.887155
v 0.042177 0.875921 -0.872982
v 0.020667 0.875921 -0.864072
v 0.075055 0.876072 -1.015985
v -0.002417 1.013687 -1.255141
v -0.002417 1.010262 -1.257991
v -0.002417 1.012684 -1.257156
v -0.025500 1.010262 -1.254952
v -0.024763 1.013687 -1.252200
v -0.025284 1.012684 -1.254146
v -0.047010 1.010262 -1.246042
v -0.045586 1.013687 -1.243575
v -0.046593 1.012684 -1.245319
v -0.065482 1.010262 -1.231869
v -0.063467 1.013687 -1.229854
v -0.064892 1.012684 -1.231278
v -0.079655 1.010262 -1.213397
v -0.077188 1.013687 -1.211973
v -0.078932 1.012684 -1.212980
v -0.088565 1.010262 -1.191887
v -0.085813 1.013687 -1.191149
v -0.087759 1.012684 -1.191671
v -0.091604 1.010262 -1.168804
v -0.088755 1.013687 -1.168804
v -0.090769 1.012684 -1.168804
v -0.088565 1.010262 -1.145720
v -0.085813 1.013687 -1.146458
v -0.087759 1.012684 -1.145936
v -0.079655 1.010262 -1.124210
v -0.076830 1.013687 -1.124772
v -0.078828 1.012684 -1.124375
v 0.071997 1.013687 -1.124772
v 0.074822 1.010262 -1.124210
v 0.073994 1.012684 -1.124375
v 0.083731 1.010262 -1.145720
v 0.080979 1.013687 -1.146458
v 0.082925 1.012684 -1.145936
v 0.086770 1.010262 -1.168804
v 0.083921 1.013687 -1.168804
v 0.085936 1.012684 -1.168804
v 0.083731 1.010262 -1.191887
v 0.080979 1.013687 -1.191149
v 0.082925 1.012684 -1.191671
v 0.074822 1.010262 -1.213397
v 0.072354 1.013687 -1.211972
v 0.074099 1.012684 -1.212980
v 0.060648 1.010262 -1.231868
v 0.058633 1.013687 -1.229854
v 0.060058 1.012684 -1.231278
v 0.042177 1.010262 -1.246042
v 0.040752 1.013687 -1.243574
v 0.041760 1.012684 -1.245319
v 0.020667 1.010262 -1.254952
v 0.019929 1.013687 -1.252200
v 0.020451 1.012684 -1.254146
v -0.076830 1.013687 -1.100889
v -0.079655 1.010262 -1.101451
v -0.078828 1.012684 -1.101287
v -0.088565 1.010262 -1.079941
v -0.085822 1.013687 -1.079181
v -0.087762 1.012684 -1.079718
v 0.083731 1.010262 -1.079941
v 0.080988 1.013687 -1.079181
v 0.082928 1.012684 -1.079718
v 0.071997 1.013687 -1.100889
v 0.074822 1.010262 -1.101451
v 0.073994 1.012684 -1.101287
v -0.002417 1.010262 -0.861033
v -0.002417 1.013687 -0.863882
v -0.002417 1.012684 -0.861868
v -0.024763 1.013687 -0.866824
v -0.025500 1.010262 -0.864072
v -0.025284 1.012684 -0.864878
v -0.045586 1.013687 -0.875449
v -0.047010 1.010262 -0.872982
v -0.046593 1.012684 -0.873705
v -0.063467 1.013687 -0.889170
v -0.065482 1.010262 -0.887155
v -0.064892 1.012684 -0.887745
v -0.077188 1.013687 -0.907051
v -0.079655 1.010262 -0.905627
v -0.078932 1.012684 -0.906044
v -0.085813 1.013687 -0.927874
v -0.088565 1.010262 -0.927137
v -0.087759 1.012684 -0.927353
v -0.088755 1.013687 -0.950220
v -0.091604 1.010262 -0.950220
v -0.090769 1.012684 -0.950220
v -0.085813 1.013687 -0.972566
v -0.088565 1.010262 -0.973304
v -0.087759 1.012684 -0.973088
v -0.076830 1.013687 -0.994252
v -0.079655 1.010262 -0.994814
v -0.078828 1.012684 -0.994649
v 0.074822 1.010262 -0.994814
v 0.071997 1.013687 -0.994252
v 0.073994 1.012684 -0.994649
v 0.080979 1.013687 -0.972566
v 0.083731 1.010262 -0.973304
v 0.082925 1.012684 -0.973088
v 0.083921 1.013687 -0.950220
v 0.086770 1.010262 -0.950220
v 0.085936 1.012684 -0.950220
v 0.080979 1.013687 -0.927874
v 0.083731 1.010262 -0.927137
v 0.082925 1.012684 -0.927353
v 0.072354 1.013687 -0.907051
v 0.074822 1.010262 -0.905627
v 0.074099 1.012684 -0.906044
v 0.058633 1.013687 -0.889170
v 0.060648 1.010262 -0.887155
v 0.060058 1.012684 -0.887746
v 0.040752 1.013687 -0.875449
v 0.042177 1.010262 -0.872982
v 0.041760 1.012684 -0.873705
v 0.019929 1.013687 -0.866824
v 0.020667 1.010262 -0.864072
v 0.020451 1.012684 -0.864878
v -0.079655 1.010262 -1.017573
v -0.076830 1.013687 -1.018135
v -0.078828 1.012684 -1.017737
v -0.085822 1.013687 -1.039843
v -0.088565 1.010262 -1.039083
v -0.087762 1.012684 -1.039305
v -0.088748 1.013687 -1.059512
v -0.091604 1.010262 -1.059512
v -0.090768 1.012684 -1.059512
v 0.083914 1.013687 -1.059512
v 0.086770 1.010262 -1.059512
v 0.085934 1.012684 -1.059512
v 0.080988 1.013687 -1.039843
v 0.083731 1.010262 -1.039083
v 0.082928 1.012684 -1.039305
v 0.074822 1.010262 -1.017573
v 0.071997 1.013687 -1.018135
v 0.073994 1.012684 -1.017737
v -0.002029 0.876223 -1.148316
v -0.025136 0.876223 -1.145274
v -0.046668 0.876223 -1.136355
v -0.065158 0.876223 -1.122167
v -0.079501 0.876072 -1.102564
v -0.088415 0.876072 -1.081043
v 0.083969 0.876072 -1.081043
v 0.075055 0.876072 -1.102564
v 0.061101 0.876223 -1.122167
v 0.042610 0.876223 -1.136355
v 0.021078 0.876223 -1.145274
v -0.002029 0.876223 -0.969759
v -0.025136 0.876223 -0.972801
v -0.046668 0.876223 -0.981720
v -0.065158 0.876223 -0.995908
v -0.079501 0.876072 -1.015985
v -0.088415 0.876072 -1.037507
v -0.091456 0.876072 -1.059275
v 0.087010 0.876072 -1.059275
v 0.083969 0.876072 -1.037507
v 0.061101 0.876223 -0.995908
v 0.042610 0.876223 -0.981720
v 0.021078 0.876223 -0.972801
v -0.002029 0.790252 -1.144198
v -0.002029 0.794334 -1.148316
v -0.002029 0.791448 -1.147110
v -0.025136 0.794334 -1.145274
v -0.024070 0.790252 -1.141296
v -0.024824 0.791448 -1.144109
v -0.046668 0.794334 -1.136355
v -0.044609 0.790252 -1.132788
v -0.046065 0.791448 -1.135310
v -0.065158 0.794334 -1.122167
v -0.062247 0.790252 -1.119255
v -0.064306 0.791448 -1.121314
v -0.079354 0.794334 -1.103624
v -0.075780 0.790252 -1.101617
v -0.078304 0.791448 -1.103058
v -0.088273 0.794334 -1.082092
v -0.084288 0.790252 -1.081078
v -0.087102 0.791448 -1.081817
v 0.084196 0.794334 -1.082092
v 0.080230 0.790252 -1.081078
v 0.083039 0.791447 -1.081817
v 0.075277 0.794334 -1.103624
v 0.071722 0.790252 -1.101617
v 0.074241 0.791447 -1.103058
v 0.061101 0.794334 -1.122167
v 0.058189 0.790252 -1.119255
v 0.060248 0.791448 -1.121314
v 0.042610 0.794334 -1.136355
v 0.040551 0.790252 -1.132788
v 0.042007 0.791448 -1.135310
v 0.021078 0.794334 -1.145274
v 0.020012 0.790252 -1.141296
v 0.020766 0.791448 -1.144109
v -0.002029 0.794334 -0.969759
v -0.002029 0.790252 -0.973877
v -0.002029 0.791448 -0.970965
v -0.024070 0.790252 -0.976778
v -0.025136 0.794334 -0.972801
v -0.024824 0.791448 -0.973966
v -0.044609 0.790252 -0.985286
v -0.046668 0.794334 -0.981720
v -0.046065 0.791448 -0.982764
v -0.062247 0.790252 -0.998820
v -0.065158 0.794335 -0.995908
v -0.064306 0.791448 -0.996761
v -0.075780 0.790252 -1.016457
v -0.079354 0.794334 -1.014473
v -0.078304 0.791448 -1.015023
v -0.084288 0.790252 -1.036996
v -0.088273 0.794334 -1.036005
v -0.087102 0.791448 -1.036264
v -0.087190 0.790252 -1.059037
v -0.091315 0.794334 -1.059049
v -0.090103 0.791448 -1.059041
v 0.083132 0.790252 -1.059037
v 0.087238 0.794334 -1.059049
v 0.086040 0.791447 -1.059041
v 0.080230 0.790252 -1.036996
v 0.084196 0.794334 -1.036005
v 0.083039 0.791447 -1.036264
v 0.071722 0.790252 -1.016457
v 0.075277 0.794334 -1.014474
v 0.074241 0.791447 -1.015023
v 0.058189 0.790252 -0.998820
v 0.061101 0.794335 -0.995908
v 0.060248 0.791448 -0.996761
v 0.040551 0.790252 -0.985286
v 0.042610 0.794335 -0.981720
v 0.042007 0.791448 -0.982764
v 0.020012 0.790252 -0.976778
v 0.021078 0.794335 -0.972801
v 0.020766 0.791448 -0.973966
vt 0.000000 0.000000
vt 0.000000 0.000000
vt 0.000000 0.000000
vt 0.000000 0.000000
vt 0.000000 0.000000
vt 0.000000 0.000000
vt 0.000000 0.000000
vt 0.000000 0.000000
vt 0.000000 0.000000
vt 0.000000 0.000000
vt 0.000000 0.000000
vt 0.000000 0.000000
vt 0.000000 0.000000
vt 0.000000 0.000000
vt 0.000000 0.000000
vt 0.000000 0.000000
vt 0.000000 0.000000
vt 0.000000 0.000000
vt 0.000000 0.000000
vt 0.000000 0.000000
vt 0.000000 0.000000
vt 0.000000 0.000000
vt 0.000000 0.000000
vt 0.000000 0.000000
vt 0.000000 0.000000
vt 0.000000 0.000000
vt 0.000000 0.000000
vt 0.000000 0.000000
vt 0.000000 0.000000
vt 0.000000 0.000000
vt 0.000000 0.000000
vt 0.000000 0.000000
vt 0.000000 0.000000
vt 0.000000 0.000000
vt 0.000000 0.000000
vt 0.000000 0.000000
vt 0.000000 0.000000
vt 0.000000 0.000000
vt 0.000000 0.000000
vt 0.000000 0.000000
vt 0.000000 0.000000
vt 0.000000 0.000000
vt 0.000000 0.000000
vt 0.000000 0.000000
vt 0.000000 0.000000
vt 0.000000 0.000000
vt 0.000000 0.000000
vt 0.000000 0.000000
vt 0.000000 0.000000
vt 0.000000 0.000000
vt 0.000000 0.000000
vt 0.000000 0.000000
vt 0.000000 0.000000
vt 0.000000 0.000000
vt 0.000000 0.000000
vt 0.000000 0.000000
vt 0.000000 0.000000
vt 0.000000 0.000000
vt 0.000000 0.000000
vt 0.000000 0.000000
vt 0.000000 0.000000
vt 0.000000 0.000000
vt 0.000000 0.000000
vt 0.000000 0.000000
vt 0.000000 0.000000
vt 0.000000 0.000000
vt 0.000000 0.000000
vt 0.000000 0.000000
vt 0.000000 0.000000
vt 0.000000 0.000000
vt 0.000000 0.000000
vt 0.000000 0.000000
vt 0.000000 0.000000
vt 0.000000 0.000000
vt 0.000000 0.000000
vt 0.000000 0.000000
vt 0.000000 0.000000
vt 0.000000 0.000000
vt 0.000000 0.000000
vt 0.000000 0.000000
vt 0.000000 0.000000
vt 0.000000 0.000000
vt 0.000000 0.000000
vt 0.000000 0.000000
vt 0.000000 0.000000
vt 0.000000 0.000000
vt 0.000000 0.000000
vt 0.000000 0.000000
vt 0.000000 0.000000
vt 0.000000 0.000000
vt 0.000000 0.000000
vt 0.000000 0.000000
vt 0.000000 0.000000
vt 0.000000 0.000000
vt 0.000000 0.000000
vt 0.000000 0.000000
vt 0.000000 0.000000
vt 0.000000 0.000000
vt 0.000000 0.000000
vt 0.000000 0.000000
vt 0.000000 0.000000
vt 0.000000 0.000000
vt 0.000000 0.000000
vt 0.000000 0.000000
vt 0.000000 0.000000
vt 0.000000 0.000000
vt 0.000000 0.000000
vt 0.000000 0.000000
vt 0.000000 0.000000
vt 0.000000 0.000000
vt 0.000000 0.000000
vt 0.000000 0.000000
vt 0.000000 0.000000
vt 0.000000 0.000000
vt 0.000000 0.000000
vt 0.000000 0.000000
vt 0.000000 0.000000
vt 0.000000 0.000000
vt 0.000000 0.000000
vt 0.000000 0.000000
vt 0.000000 0.000000
vt 0.000000 0.000000
vt 0.000000 0.000000
vt 0.000000 0.000000
vt 0.000000 0.000000
vt 0.000000 0.000000
vt 0.000000 0.000000
vt 0.000000 0.000000
vt 0.000000 0.000000
vt 0.000000 0.000000
vt 0.000000 0.000000
vt 0.000000 0.000000
vt 0.000000 0.000000
vt 0.000000 0.000000
vt 0.000000 0.000000
vt 0.000000 0.000000
vt 0.000000 0.000000
vt 0.000000 0.000000
vt 0.000000 0.000000
vt 0.000000 0.000000
vt 0.000000 0.000000
vt 0.000000 0.000000
vt 0.000000 0.000000
vt 0.000000 0.000000
vt 0.000000 0.000000
vt 0.000000 0.000000
vt 0.000000 0.000000
vt 0.000000 0.000000
vt 0.000000 0.000000
vt 0.000000 0.000000
vt 0.000000 0.000000
vt 0.000000 0.000000
vt 0.000000 0.000000
vt 0.000000 0.000000
vt 0.000000 0.000000
vt 0.000000 0.000000
vt 0.000000 0.000000
vt 0.000000 0.000000
vt 0.000000 0.000000
vt 0.000000 0.000000
vt 0.000000 0.000000
vt 0.000000 0.000000
vt 0.000000 0.000000
vt 0.000000 0.000000
vt 0.000000 0.000000
vt 0.000000 0.000000
vt 0.000000 0.000000
vt 0.000000 0.000000
vt 0.000000 0.000000
vt 0.000000 0.000000
vt 0.000000 0.000000
vt 0.000000 0.000000
vt 0.000000 0.000000
vt 0.000000 0.000000
vt 0.000000 0.000000
vt 0.000000 0.000000
vt 0.000000 0.000000
vt 0.000000 0.000000
vt 0.000000 0.000000
vt 0.000000 0.000000
vt 0.000000 0.000000
vt 0.000000 0.000000
vt 0.000000 0.000000
vt 0.000000 0.000000
vt 0.000000 0.000000
vt 0.000000 0.000000
vt 0.000000 0.000000
vt 0.000000 0.000000
vt 0.000000 0.000000
vt 0.000000 0.000000
vt 0.000000 0.000000
vt 0.000000 0.000000
vt 0.000000 0.000000
vt 0.000000 0.000000
vt 0.000000 0.000000
vt 0.000000 0.000000
vt 0.000000 0.000000
vt 0.000000 0.000000
vt 0.000000 0.000000
vt 0.000000 0.000000
vt 0.000000 0.000000
vt 0.000000 0.000000
vt 0.000000 0.000000
vt 0.000000 0.000000
vt 0.000000 0.000000
vt 0.000000 0.000000
vt 0.000000 0.000000
vt 0.000000 0.000000
vt 0.000000 0.000000
vt 0.000000 0.000000
vt 0.000000 0.000000
vt 0.000000 0.000000
vt 0.000000 0.000000
vt 0.000000 0.000000
vt 0.000000 0.000000
vt 0.000000 0.000000
vt 0.000000 0.000000
vt 0.000000 0.000000
vt 0.000000 0.000000
vt 0.000000 0.000000
vt 0.000000 0.000000
vt 0.000000 0.000000
vt 0.000000 0.000000
vt 0.000000 0.000000
vt 0.000000 0.000000
vt 0.000000 0.000000
vt 0.000000 0.000000
vt 0.000000 0.000000
vt 0.000000 0.000000
vt 0.000000 0.000000
vt 0.000000 0.000000
vt 0.000000 0.000000
vt 0.000000 0.000000
vt 0.000000 0.000000
vt 0.000000 0.000000
vt 0.000000 0.000000
vt 0.000000 0.000000
vt 0.000000 0.000000
vt 0.000000 0.000000
vt 0.000000 0.000000
vt 0.000000 0.000000
vt 0.000000 0.000000
vt 0.000000 0.000000
vt 0.000000 0.000000
vt 0.000000 0.000000
vt 0.000000 0.000000
vt 0.000000 0.000000
vt 0.000000 0.000000
vt 0.000000 0.000000
vt 0.000000 0.000000
vt 0.000000 0.000000
vt 0.000000 0.000000
vt 0.000000 0.000000
vt 0.000000 0.000000
vt 0.000000 0.000000
vt 0.000000 0.000000
vt 0.000000 0.000000
vt 0.000000 0.000000
vt 0.000000 0.000000
vt 0.000000 0.000000
vt 0.000000 0.000000
vt 0.000000 0.000000
vn -0.2554 0.1630 0.9530
vn -0.2588 0.0000 0.9659
vn -0.0000 0.0000 1.0000
vn -0.0000 0.1630 0.9866
vn -0.8545 0.1630 -0.4933
vn -0.6977 0.1630 -0.6977
vn -0.7071 0.0000 -0.7071
vn -0.8660 0.0000 -0.5000
vn 0.2554 0.1630 -0.9530
vn 0.4933 0.1630 -0.8544
vn 0.5000 0.0000 -0.8660
vn 0.2588 0.0000 -0.9659
vn 0.9530 0.1630 0.2554
vn 0.9667 0.1706 0.1910
vn 0.9812 0.0005 0.1929
vn 0.9659 0.0000 0.2588
vn -0.9530 0.1630 -0.2554
vn -0.9659 0.0000 -0.2588
vn -0.9512 0.1633 -0.2619
vn -0.9665 0.1707 -0.1919
vn -0.9814 0.0008 -0.1919
vn -0.9642 0.0007 -0.2653
vn -0.9866 0.1630 0.0000
vn -1.0000 0.0000 -0.0000
vn -0.2554 0.1630 -0.9530
vn -0.0000 0.1630 -0.9866
vn -0.0000 0.0000 -1.0000
vn -0.2588 0.0000 -0.9659
vn 0.9659 0.1717 -0.1939
vn 0.9805 0.0029 -0.1963
vn -0.9530 0.1630 0.2554
vn -0.9659 0.0000 0.2588
vn -0.9867 0.1628 -0.0001
vn -1.0000 -0.0004 0.0002
vn 0.9530 0.1630 -0.2554
vn 0.9866 0.1630 -0.0000
vn 1.0000 0.0000 0.0000
vn 0.9659 0.0000 -0.2588
vn -0.9663 0.1701 0.1931
vn -0.9804 -0.0003 0.1972
vn 0.9510 0.1647 -0.2618
vn 0.9864 0.1642 -0.0001
vn 1.0000 0.0025 0.0002
vn 0.9642 0.0035 -0.2653
vn 0.8545 0.1630 -0.4933
vn 0.8660 0.0000 -0.5000
vn -0.4933 0.1630 -0.8545
vn -0.5000 0.0000 -0.8660
vn 0.6977 0.1629 -0.6977
vn 0.7071 0.0000 -0.7071
vn -0.8545 0.1630 0.4933
vn -0.8660 0.0000 0.5000
vn -0.7071 0.0000 0.7071
vn -0.6977 0.1630 0.6977
vn 0.2554 0.1630 0.9530
vn 0.2588 0.0000 0.9659
vn 0.5000 0.0000 0.8660
vn 0.4933 0.1630 0.8545
vn 0.9812 0.0005 -0.1929
vn 0.9667 0.1706 -0.1909
vn -0.9511 0.1638 0.2617
vn -0.9641 0.0017 0.2656
vn -0.9815 0.0014 0.1915
vn -0.9664 0.1711 0.1921
vn -0.4933 0.1629 0.8545
vn -0.5000 0.0000 0.8660
vn 0.9806 0.0036 0.1959
vn 0.9658 0.1720 0.1942
vn -0.9663 0.1701 -0.1931
vn -0.9804 -0.0003 -0.1973
vn 0.9509 0.1651 0.2617
vn 0.9641 0.0045 0.2655
vn 0.8545 0.1630 0.4933
vn 0.8660 0.0000 0.5000
vn 0.6977 0.1630 0.6977
vn 0.7071 0.0000 0.7071
vn -0.0639 0.9690 -0.2385
vn -0.0000 0.9690 -0.2469
vn 0.0000 0.8952 -0.4457
vn -0.1154 0.8952 -0.4306
vn -0.2447 0.3258 -0.9132
vn -0.0000 0.3258 -0.9455
vn -0.1234 0.9690 -0.2138
vn -0.2229 0.8952 -0.3860
vn -0.4727 0.3258 -0.8188
vn -0.1746 0.9690 -0.1746
vn -0.3152 0.8951 -0.3152
vn -0.6685 0.3258 -0.6685
vn -0.2138 0.9690 -0.1234
vn -0.3860 0.8952 -0.2229
vn -0.8188 0.3258 -0.4727
vn -0.2385 0.9690 -0.0639
vn -0.4306 0.8952 -0.1154
vn -0.9132 0.3258 -0.2447
vn -0.2469 0.9690 -0.0000
vn -0.4458 0.8952 0.0000
vn -0.9455 0.3258 0.0000
vn -0.2385 0.9690 0.0639
vn -0.4306 0.8952 0.1154
vn -0.9132 0.3258 0.2447
vn -0.2237 0.9736 0.0445
vn -0.4334 0.8971 0.0862
vn -0.9262 0.3289 0.1842
vn 0.2385 0.9690 0.0639
vn 0.2237 0.9736 0.0445
vn 0.4334 0.8971 0.0862
vn 0.4306 0.8952 0.1154
vn 0.9132 0.3258 0.2447
vn 0.9262 0.3289 0.1842
vn 0.2469 0.9690 -0.0000
vn 0.4458 0.8952 -0.0000
vn 0.9455 0.3258 -0.0000
vn 0.2385 0.9690 -0.0639
vn 0.4306 0.8952 -0.1154
vn 0.9132 0.3258 -0.2447
vn 0.2138 0.9690 -0.1234
vn 0.3860 0.8952 -0.2229
vn 0.8188 0.3258 -0.4727
vn 0.1746 0.9690 -0.1746
vn 0.3152 0.8952 -0.3152
vn 0.6685 0.3257 -0.6685
vn 0.1234 0.9690 -0.2138
vn 0.2229 0.8951 -0.3861
vn 0.4727 0.3258 -0.8188
vn 0.0639 0.9690 -0.2385
vn 0.1154 0.8952 -0.4306
vn 0.2447 0.3258 -0.9132
vn -0.2370 0.9693 -0.0656
vn -0.2237 0.9736 -0.0445
vn -0.4334 0.8971 -0.0862
vn -0.4299 0.8950 -0.1191
vn -0.9113 0.3254 -0.2524
vn -0.9262 0.3289 -0.1842
vn -0.2486 0.9686 0.0000
vn -0.4449 0.8956 0.0000
vn -0.9452 0.3264 0.0000
vn 0.2237 0.9736 -0.0445
vn 0.4334 0.8971 -0.0862
vn 0.9262 0.3289 -0.1842
vn 0.2370 0.9693 -0.0656
vn 0.2486 0.9686 -0.0000
vn 0.4449 0.8956 -0.0000
vn 0.4299 0.8950 -0.1191
vn 0.9113 0.3254 -0.2524
vn 0.9452 0.3264 0.0000
vn -0.0000 0.3258 0.9455
vn -0.2447 0.3258 0.9132
vn -0.1154 0.8952 0.4306
vn 0.0000 0.8952 0.4457
vn -0.0000 0.9690 0.2469
vn -0.0639 0.9690 0.2385
vn -0.4727 0.3257 0.8188
vn -0.2229 0.8952 0.3860
vn -0.1234 0.9690 0.2138
vn -0.6685 0.3258 0.6685
vn -0.3152 0.8952 0.3152
vn -0.1746 0.9690 0.1746
vn -0.8188 0.3258 0.4727
vn -0.3860 0.8952 0.2229
vn -0.2138 0.9690 0.1234
vn 0.8188 0.3258 0.4727
vn 0.3860 0.8952 0.2229
vn 0.2138 0.9690 0.1234
vn 0.6685 0.3258 0.6685
vn 0.3152 0.8951 0.3152
vn 0.1746 0.9690 0.1746
vn 0.4727 0.3258 0.8188
vn 0.2229 0.8951 0.3861
vn 0.1234 0.9690 0.2138
vn 0.2447 0.3258 0.9132
vn 0.1154 0.8952 0.4306
vn 0.0639 0.9690 0.2385
vn -0.9113 0.3254 0.2524
vn -0.4299 0.8950 0.1191
vn -0.2370 0.9693 0.0656
vn 0.9113 0.3254 0.2524
vn 0.4299 0.8950 0.1191
vn 0.2370 0.9693 0.0656
vn -0.0000 -1.0000 -0.0000
vn 0.2539 0.1935 0.9477
vn -0.0000 0.1935 0.9811
vn 0.7112 -0.0016 0.7030
vn 0.6963 0.1921 0.6916
vn 0.4906 0.1935 0.8497
vn 0.8694 -0.0033 0.4941
vn 0.8518 0.1905 0.4880
vn 0.9657 -0.0011 0.2597
vn 0.9476 0.1925 0.2551
vn -0.9656 -0.0055 0.2598
vn -0.8710 -0.0063 0.4912
vn -0.8532 0.1878 0.4866
vn -0.9483 0.1886 0.2553
vn 1.0000 0.0007 0.0002
vn 0.9810 0.1942 -0.0000
vn -0.7136 -0.0025 0.7005
vn -0.6977 0.1913 0.6903
vn -1.0000 -0.0038 0.0002
vn -0.9818 0.1901 -0.0000
vn -0.4905 0.1935 0.8497
vn -0.2539 0.1935 0.9477
vn 0.0000 0.1935 -0.9811
vn 0.2539 0.1935 -0.9477
vn 0.4905 0.1935 -0.8497
vn 0.6976 0.1914 -0.6904
vn 0.7134 -0.0024 -0.7008
vn 0.8529 0.1888 -0.4867
vn 0.8711 -0.0051 -0.4911
vn 0.9478 0.1912 -0.2553
vn 0.9658 -0.0025 -0.2593
vn -0.9657 -0.0069 -0.2594
vn -0.9485 0.1873 -0.2554
vn -0.8543 0.1861 -0.4853
vn -0.8727 -0.0081 -0.4882
vn -0.6990 0.1906 -0.6892
vn -0.7158 -0.0033 -0.6983
vn -0.4906 0.1935 -0.8497
vn -0.2539 0.1935 -0.9477
vn 0.0541 0.9779 0.2019
vn 0.0000 0.9779 0.2090
vn 0.0000 0.9250 0.3799
vn 0.0983 0.9250 0.3669
vn 0.2388 0.3855 0.8913
vn -0.0000 0.3855 0.9227
vn 0.1045 0.9779 0.1810
vn 0.1899 0.9250 0.3290
vn 0.4614 0.3855 0.7991
vn 0.1479 0.9779 0.1479
vn 0.2688 0.9249 0.2687
vn 0.6531 0.3842 0.6525
vn 0.1812 0.9779 0.1047
vn 0.3295 0.9249 0.1900
vn 0.7998 0.3829 0.4623
vn 0.2020 0.9779 0.0542
vn 0.3671 0.9250 0.0982
vn 0.8913 0.3846 0.2400
vn 0.2090 0.9779 -0.0000
vn 0.3798 0.9251 0.0000
vn 0.9225 0.3861 -0.0002
vn -0.2023 0.9778 0.0543
vn -0.2093 0.9778 -0.0000
vn -0.3804 0.9248 0.0000
vn -0.3677 0.9247 0.0984
vn -0.8927 0.3812 0.2402
vn -0.9240 0.3825 -0.0002
vn -0.1814 0.9778 0.1048
vn -0.3298 0.9247 0.1902
vn -0.8008 0.3805 0.4625
vn -0.1480 0.9779 0.1479
vn -0.2689 0.9249 0.2688
vn -0.6535 0.3835 0.6526
vn -0.1045 0.9779 0.1810
vn -0.1899 0.9250 0.3290
vn -0.4614 0.3855 0.7991
vn -0.0541 0.9779 0.2019
vn -0.0983 0.9250 0.3669
vn -0.2388 0.3855 0.8913
vn 0.0000 0.3855 -0.9227
vn 0.2388 0.3855 -0.8913
vn 0.0983 0.9250 -0.3669
vn -0.0000 0.9250 -0.3799
vn -0.0000 0.9779 -0.2090
vn 0.0541 0.9779 -0.2019
vn 0.4614 0.3855 -0.7991
vn 0.1899 0.9250 -0.3290
vn 0.1045 0.9779 -0.1810
vn 0.6535 0.3836 -0.6526
vn 0.2689 0.9249 -0.2688
vn 0.1480 0.9779 -0.1479
vn 0.8003 0.3814 -0.4628
vn 0.3297 0.9247 -0.1901
vn 0.1813 0.9778 -0.1048
vn 0.8917 0.3835 -0.2405
vn 0.3673 0.9249 -0.0982
vn 0.2021 0.9779 -0.0543
vn -0.8931 0.3800 -0.2408
vn -0.3679 0.9247 -0.0984
vn -0.2024 0.9778 -0.0544
vn -0.8013 0.3790 -0.4629
vn -0.3301 0.9246 -0.1903
vn -0.1815 0.9778 -0.1049
vn -0.6538 0.3829 -0.6526
vn -0.2690 0.9248 -0.2689
vn -0.1480 0.9779 -0.1479
vn -0.4614 0.3855 -0.7991
vn -0.1899 0.9250 -0.3290
vn -0.1045 0.9779 -0.1810
vn -0.2388 0.3855 -0.8913
vn -0.0983 0.9250 -0.3669
vn -0.0541 0.9779 -0.2019
usemtl None
s 1
f 462/467/361 378/468/362 377/469/363 458/470/364
f 407/471/365 404/472/366 363/473/367 364/474/368
f 443/475/369 440/476/370 375/477/371 376/478/372
f 425/479/373 423/480/374 369/481/375 370/482/376
f 410/483/377 407/471/365 364/474/368 365/484/378
f 449/485/379 447/486/380 531/487/381 532/488/382
f 413/489/383 410/483/377 365/484/378 366/490/384
f 398/491/385 396/492/386 360/493/387 361/494/388
f 423/480/374 456/495/389 534/496/390 369/481/375
f 416/497/391 413/489/383 366/490/384 367/498/392
f 516/499/393 449/485/379 532/488/382 544/500/394
f 431/501/395 428/502/396 371/503/397 372/504/398
f 419/505/399 416/497/391 367/498/392 368/506/400
f 452/507/401 519/508/402 545/509/403 533/510/404
f 434/511/405 431/501/395 372/504/398 373/512/406
f 368/506/400 531/487/381 447/486/380 419/505/399
f 428/502/396 425/479/373 370/482/376 371/503/397
f 401/513/407 398/491/385 361/494/388 362/514/408
f 437/515/409 434/511/405 373/512/406 374/516/410
f 456/495/389 452/507/401 533/510/404 534/496/390
f 404/472/366 401/513/407 362/514/408 363/473/367
f 440/476/370 437/515/409 374/516/410 375/477/371
f 471/517/411 381/518/412 380/519/413 468/520/414
f 507/521/415 393/522/416 392/523/417 504/524/418
f 489/525/395 387/526/398 386/527/419 485/528/420
f 474/529/391 382/530/392 381/518/412 471/517/411
f 513/531/421 543/532/422 542/533/423 509/534/424
f 477/535/383 383/536/384 382/530/392 474/529/391
f 465/537/425 379/538/426 378/468/362 462/467/361
f 485/528/420 386/527/419 394/539/427 524/540/428
f 480/541/377 384/542/378 383/536/384 477/535/383
f 516/499/393 544/500/394 543/532/422 513/531/421
f 495/543/373 389/544/376 388/545/397 492/546/396
f 483/547/429 385/548/430 384/542/378 480/541/377
f 522/549/431 546/550/432 545/509/403 519/508/402
f 498/551/433 390/552/434 389/544/376 495/543/373
f 385/548/430 483/547/429 509/534/424 542/533/423
f 492/546/396 388/545/397 387/526/398 489/525/395
f 458/470/364 377/469/363 393/522/416 507/521/415
f 501/553/435 391/554/436 390/552/434 498/551/433
f 524/540/428 394/539/427 546/550/432 522/549/431
f 468/520/414 380/519/413 379/538/426 465/537/425
f 504/524/418 392/523/417 391/554/436 501/553/435
f 396/492/386 443/475/369 376/478/372 360/493/387
f 399/555/437 395/556/438 397/557/439 400/558/440
f 400/558/441 397/557/442 396/492/386 398/491/385
f 402/559/443 399/555/437 400/558/440 403/560/444
f 403/560/445 400/558/441 398/491/385 401/513/407
f 405/561/446 402/559/443 403/560/444 406/562/447
f 406/562/448 403/560/445 401/513/407 404/472/366
f 408/563/449 405/561/446 406/562/447 409/564/450
f 409/564/451 406/562/448 404/472/366 407/471/365
f 411/565/452 408/563/449 409/564/450 412/566/453
f 412/566/454 409/564/451 407/471/365 410/483/377
f 414/567/455 411/565/452 412/566/453 415/568/456
f 415/568/457 412/566/454 410/483/377 413/489/383
f 417/569/458 414/567/455 415/568/456 418/570/459
f 418/570/460 415/568/457 413/489/383 416/497/391
f 420/571/461 417/569/458 418/570/459 421/572/462
f 421/572/463 418/570/460 416/497/391 419/505/399
f 426/573/464 422/574/465 424/575/466 427/576/467
f 427/576/468 424/575/469 423/480/374 425/479/373
f 429/577/470 426/573/464 427/576/467 430/578/471
f 430/578/472 427/576/468 425/479/373 428/502/396
f 432/579/473 429/577/470 430/578/471 433/580/474
f 433/580/475 430/578/472 428/502/396 431/501/395
f 435/581/476 432/579/473 433/580/474 436/582/477
f 436/582/478 433/580/475 431/501/395 434/511/405
f 438/583/479 435/581/476 436/582/477 439/584/480
f 439/584/481 436/582/478 434/511/405 437/515/409
f 441/585/482 438/583/479 439/584/480 442/586/483
f 442/586/484 439/584/481 437/515/409 440/476/370
f 444/587/485 441/585/482 442/586/483 445/588/486
f 445/588/487 442/586/484 440/476/370 443/475/369
f 395/556/438 444/587/485 445/588/486 397/557/439
f 397/557/442 445/588/487 443/475/369 396/492/386
f 450/589/488 446/590/489 448/591/490 451/592/491
f 451/592/492 448/591/493 447/486/380 449/485/379
f 515/593/494 450/589/488 451/592/491 517/594/495
f 517/594/496 451/592/492 449/485/379 516/499/393
f 422/574/465 455/595/497 457/596/498 424/575/466
f 424/575/469 457/596/499 456/495/389 423/480/374
f 453/597/500 518/598/501 520/599/502 454/600/503
f 454/600/504 520/599/505 519/508/402 452/507/401
f 455/595/497 453/597/500 454/600/503 457/596/498
f 457/596/499 454/600/504 452/507/401 456/495/389
f 446/590/489 420/571/461 421/572/462 448/591/490
f 448/591/493 421/572/463 419/505/399 447/486/380
f 462/467/361 458/470/364 460/601/506 463/602/507
f 463/602/508 460/601/509 459/603/510 461/604/511
f 465/537/425 462/467/361 463/602/507 466/605/512
f 466/605/513 463/602/508 461/604/511 464/606/514
f 468/520/414 465/537/425 466/605/512 469/607/515
f 469/607/516 466/605/513 464/606/514 467/608/517
f 471/517/411 468/520/414 469/607/515 472/609/518
f 472/609/519 469/607/516 467/608/517 470/610/520
f 474/529/391 471/517/411 472/609/518 475/611/460
f 475/611/459 472/609/519 470/610/520 473/612/458
f 477/535/383 474/529/391 475/611/460 478/613/457
f 478/613/456 475/611/459 473/612/458 476/614/455
f 480/541/377 477/535/383 478/613/457 481/615/454
f 481/615/453 478/613/456 476/614/455 479/616/452
f 483/547/429 480/541/377 481/615/454 484/617/493
f 484/617/490 481/615/453 479/616/452 482/618/489
f 489/525/395 485/528/420 487/619/499 490/620/475
f 490/620/474 487/619/498 486/621/497 488/622/473
f 492/546/396 489/525/395 490/620/475 493/623/472
f 493/623/471 490/620/474 488/622/473 491/624/470
f 495/543/373 492/546/396 493/623/472 496/625/468
f 496/625/467 493/623/471 491/624/470 494/626/464
f 498/551/433 495/543/373 496/625/468 499/627/521
f 499/627/522 496/625/467 494/626/464 497/628/523
f 501/553/435 498/551/433 499/627/521 502/629/524
f 502/629/525 499/627/522 497/628/523 500/630/526
f 504/524/418 501/553/435 502/629/524 505/631/527
f 505/631/528 502/629/525 500/630/526 503/632/529
f 507/521/415 504/524/418 505/631/527 508/633/530
f 508/633/531 505/631/528 503/632/529 506/634/532
f 458/470/364 507/521/415 508/633/530 460/601/506
f 460/601/509 508/633/531 506/634/532 459/603/510
f 513/531/421 509/534/424 511/635/463 514/636/533
f 514/636/534 511/635/462 510/637/461 512/638/535
f 516/499/393 513/531/421 514/636/533 517/594/496
f 517/594/495 514/636/534 512/638/535 515/593/494
f 485/528/420 524/540/428 526/639/469 487/619/499
f 487/619/498 526/639/466 525/640/465 486/621/497
f 522/549/431 519/508/402 520/599/505 523/641/536
f 523/641/537 520/599/502 518/598/501 521/642/538
f 524/540/428 522/549/431 523/641/536 526/639/469
f 526/639/466 523/641/537 521/642/538 525/640/465
f 509/534/424 483/547/429 484/617/493 511/635/463
f 511/635/462 484/617/490 482/618/489 510/637/461
f 395/556/438 399/555/437 402/559/443 405/561/446 408/563/449 411/565/452 414/567/455 417/569/458 420/571/461 446/590/489 450/589/488 515/593/494 512/638/535 510/637/461 482/618/489 479/616/452 476/614/455 473/612/458 470/610/520 467/608/517 464/606/514 461/604/511 459/603/510 506/634/532 503/632/529 500/630/526 497/628/523 494/626/464 491/624/470 488/622/473 486/621/497 525/640/465 521/642/538 518/598/501 453/597/500 455/595/497 422/574/465 426/573/464 429/577/470 432/579/473 435/581/476 438/583/479 441/585/482 444/587/485
f 368/506/539 367/498/539 366/490/539 365/484/539 364/474/539 363/473/539 362/514/539 361/494/539 360/493/539 376/478/539 375/477/539 374/516/539 373/512/539 372/504/539 371/503/539 370/482/539 369/481/539 534/496/539 533/510/539 545/509/539 546/550/539 394/539/539 386/527/539 387/526/539 388/545/539 389/544/539 390/552/539 391/554/539 392/523/539 393/522/539 377/469/539 378/468/539 379/538/539 380/519/539 381/518/539 382/530/539 383/536/539 384/542/539 385/548/539 542/533/539 543/532/539 544/500/539 532/488/539 531/487/539
f 527/643/363 528/644/416 553/645/540 551/646/541
f 529/647/417 530/648/542 559/649/543 556/650/544
f 530/648/542 531/487/545 562/651/546 559/649/543
f 531/487/545 532/488/547 565/652/548 562/651/546
f 533/510/549 534/496/550 571/653/551 568/654/552
f 532/488/547 544/500/553 602/655/554 565/652/548
f 534/496/550 535/656/555 574/657/556 571/653/551
f 545/509/557 533/510/549 568/654/552 605/658/558
f 535/656/555 536/659/426 577/660/559 574/657/556
f 536/659/426 537/661/362 580/662/560 577/660/559
f 538/663/387 583/664/561 587/665/562 539/666/372
f 528/644/416 529/647/417 556/650/544 553/645/540
f 539/666/372 587/665/562 590/667/563 540/668/371
f 540/668/371 590/667/563 593/669/564 541/670/565
f 541/670/565 593/669/564 596/671/566 542/533/567
f 542/533/567 596/671/566 599/672/568 543/532/569
f 546/550/570 608/673/571 611/674/572 394/539/573
f 543/532/569 599/672/568 602/655/554 544/500/553
f 394/539/573 611/674/572 614/675/574 547/676/575
f 545/509/557 605/658/558 608/673/571 546/550/570
f 547/676/575 614/675/574 617/677/576 548/678/408
f 548/678/408 617/677/576 620/679/577 549/680/388
f 549/680/388 620/679/577 583/664/561 538/663/387
f 537/661/362 527/643/363 551/646/541 580/662/560
f 554/681/578 550/682/579 552/683/580 555/684/581
f 555/684/582 552/683/583 551/646/541 553/645/540
f 557/685/584 554/681/578 555/684/581 558/686/585
f 558/686/586 555/684/582 553/645/540 556/650/544
f 560/687/587 557/685/584 558/686/585 561/688/588
f 561/688/589 558/686/586 556/650/544 559/649/543
f 563/689/590 560/687/587 561/688/588 564/690/591
f 564/690/592 561/688/589 559/649/543 562/651/546
f 566/691/593 563/689/590 564/690/591 567/692/594
f 567/692/595 564/690/592 562/651/546 565/652/548
f 601/693/596 566/691/593 567/692/594 603/694/597
f 603/694/598 567/692/595 565/652/548 602/655/554
f 569/695/599 604/696/600 606/697/601 570/698/602
f 570/698/603 606/697/604 605/658/558 568/654/552
f 572/699/605 569/695/599 570/698/602 573/700/606
f 573/700/607 570/698/603 568/654/552 571/653/551
f 575/701/608 572/699/605 573/700/606 576/702/609
f 576/702/610 573/700/607 571/653/551 574/657/556
f 578/703/611 575/701/608 576/702/609 579/704/612
f 579/704/613 576/702/610 574/657/556 577/660/559
f 581/705/614 578/703/611 579/704/612 582/706/615
f 582/706/616 579/704/613 577/660/559 580/662/560
f 550/682/579 581/705/614 582/706/615 552/683/580
f 552/683/583 582/706/616 580/662/560 551/646/541
f 587/665/562 583/664/561 585/707/617 588/708/618
f 588/708/619 585/707/620 584/709/621 586/710/622
f 590/667/563 587/665/562 588/708/618 591/711/623
f 591/711/624 588/708/619 586/710/622 589/712/625
f 593/669/564 590/667/563 591/711/623 594/713/626
f 594/713/627 591/711/624 589/712/625 592/714/628
f 596/671/566 593/669/564 594/713/626 597/715/629
f 597/715/630 594/713/627 592/714/628 595/716/631
f 599/672/568 596/671/566 597/715/629 600/717/632
f 600/717/633 597/715/630 595/716/631 598/718/634
f 602/655/554 599/672/568 600/717/632 603/694/598
f 603/694/597 600/717/633 598/718/634 601/693/596
f 608/673/571 605/658/558 606/697/604 609/719/635
f 609/719/636 606/697/601 604/696/600 607/720/637
f 611/674/572 608/673/571 609/719/635 612/721/638
f 612/721/639 609/719/636 607/720/637 610/722/640
f 614/675/574 611/674/572 612/721/638 615/723/641
f 615/723/642 612/721/639 610/722/640 613/724/643
f 617/677/576 614/675/574 615/723/641 618/725/644
f 618/725/645 615/723/642 613/724/643 616/726/646
f 620/679/577 617/677/576 618/725/644 621/727/647
f 621/727/648 618/725/645 616/726/646 619/728/649
f 583/664/561 620/679/577 621/727/647 585/707/617
f 585/707/620 621/727/648 619/728/649 584/709/621
f 550/682/579 554/681/578 557/685/584 560/687/587 563/689/590 566/691/593 601/693/596 598/718/634 595/716/631 592/714/628 589/712/625 586/710/622 584/709/621 619/728/649 616/726/646 613/724/643 610/722/640 607/720/637 604/696/600 569/695/599 572/699/605 575/701/608 578/703/611 581/705/614
o RC-Foot_Cylinder.008
v -0.000405 0.131631 -1.178042
v 0.032228 0.131631 -1.173350
v 0.062218 0.131631 -1.159654
v 0.087133 0.131631 -1.138065
v 0.104958 0.131631 -1.110330
v 0.114246 0.131631 -1.078697
v 0.114246 0.131631 -1.045728
v 0.104958 0.131631 -1.014095
v 0.087133 0.131631 -0.986360
v 0.062218 0.131631 -0.964771
v 0.032228 0.131631 -0.951075
v -0.000405 0.131631 -0.946383
v -0.033037 0.131631 -0.951075
v -0.063027 0.131631 -0.964771
v -0.087943 0.131631 -0.986360
v -0.105767 0.131631 -1.014095
v -0.115055 0.131631 -1.045728
v -0.115055 0.131631 -1.078697
v -0.105767 0.131631 -1.110330
v -0.087943 0.131631 -1.138065
v -0.063027 0.131631 -1.159654
v -0.033038 0.131631 -1.173350
v -0.000405 0.019326 -1.192843
v 0.036398 0.019326 -1.187552
v 0.070220 0.019326 -1.172106
v 0.098319 0.019326 -1.147757
v 0.118421 0.019326 -1.116478
v 0.128896 0.019326 -1.080803
v 0.128896 0.019326 -1.043622
v 0.118421 0.019326 -1.007947
v 0.098319 0.019326 -0.976668
v 0.070220 0.019326 -0.952319
v 0.036398 0.019326 -0.936874
v -0.000405 0.019326 -0.931582
v -0.037207 0.019326 -0.936874
v -0.071029 0.019326 -0.952319
v -0.099128 0.019326 -0.976668
v -0.119230 0.019326 -1.007947
v -0.129705 0.019326 -1.043622
v -0.129705 0.019326 -1.080803
v -0.119230 0.019326 -1.116478
v -0.099129 0.019326 -1.147757
v -0.071029 0.019326 -1.172106
v -0.037208 0.019326 -1.187551
v -0.000405 0.325807 -1.132605
v -0.000405 0.313818 -1.146535
v -0.000405 0.324201 -1.138948
v -0.000405 0.319813 -1.144047
v 0.019427 0.325807 -1.129753
v 0.023352 0.313818 -1.143120
v 0.021214 0.324201 -1.135840
v 0.022651 0.319813 -1.140732
v 0.037652 0.325807 -1.121430
v 0.045184 0.313818 -1.133149
v 0.041082 0.324201 -1.126767
v 0.043838 0.319813 -1.131056
v 0.052794 0.325807 -1.108310
v 0.063322 0.313818 -1.117432
v 0.057588 0.324201 -1.112464
v 0.061442 0.319813 -1.115803
v 0.063626 0.325807 -1.091455
v 0.076298 0.313818 -1.097242
v 0.069396 0.324201 -1.094090
v 0.074035 0.319813 -1.096208
v 0.069271 0.325807 -1.072230
v 0.083060 0.313818 -1.074213
v 0.075550 0.324201 -1.073133
v 0.080597 0.319813 -1.073859
v 0.069271 0.325807 -1.052195
v 0.083060 0.313818 -1.050212
v 0.075550 0.324201 -1.051292
v 0.080597 0.319813 -1.050566
v 0.063626 0.325807 -1.032971
v 0.076298 0.313818 -1.027184
v 0.069396 0.324201 -1.030336
v 0.074035 0.319813 -1.028217
v 0.052794 0.325807 -1.016115
v 0.063322 0.313818 -1.006993
v 0.057588 0.324201 -1.011962
v 0.061442 0.319813 -1.008623
v 0.037652 0.325807 -1.002995
v 0.045184 0.313818 -0.991276
v 0.041082 0.324201 -0.997659
v 0.043838 0.319813 -0.993369
v 0.019427 0.325807 -0.994672
v 0.023352 0.313818 -0.981306
v 0.021214 0.324201 -0.988585
v 0.022651 0.319813 -0.983693
v -0.000405 0.325807 -0.991820
v -0.000405 0.313818 -0.977890
v -0.000405 0.324201 -0.985477
v -0.000405 0.319813 -0.980378
v -0.020236 0.325807 -0.994672
v -0.024161 0.313818 -0.981306
v -0.022023 0.324201 -0.988585
v -0.023460 0.319813 -0.983693
v -0.038461 0.325807 -1.002995
v -0.045993 0.313818 -0.991276
v -0.041891 0.324201 -0.997659
v -0.044648 0.319813 -0.993369
v -0.053603 0.325807 -1.016115
v -0.064131 0.313818 -1.006993
v -0.058397 0.324201 -1.011961
v -0.062251 0.319813 -1.008622
v -0.064436 0.325807 -1.032971
v -0.077107 0.313818 -1.027184
v -0.070206 0.324201 -1.030335
v -0.074844 0.319813 -1.028217
v -0.070080 0.325807 -1.052195
v -0.083869 0.313818 -1.050212
v -0.076359 0.324201 -1.051292
v -0.081406 0.319813 -1.050566
v -0.070080 0.325807 -1.072230
v -0.083869 0.313818 -1.074213
v -0.076359 0.324201 -1.073133
v -0.081406 0.319813 -1.073859
v -0.064436 0.325807 -1.091455
v -0.077107 0.313818 -1.097241
v -0.070206 0.324201 -1.094090
v -0.074844 0.319813 -1.096208
v -0.053604 0.325807 -1.108310
v -0.064131 0.313818 -1.117432
v -0.058397 0.324201 -1.112464
v -0.062251 0.319813 -1.115803
v -0.038462 0.325807 -1.121430
v -0.045993 0.313818 -1.133149
v -0.041891 0.324201 -1.126767
v -0.044648 0.319813 -1.131056
v -0.020236 0.325807 -1.129753
v -0.024161 0.313818 -1.143120
v -0.022024 0.324201 -1.135840
v -0.023460 0.319813 -1.140732
v -0.000405 0.125989 -1.192843
v -0.000405 0.131631 -1.187144
v -0.000405 0.129978 -1.191174
v 0.034793 0.131631 -1.182083
v 0.036398 0.125989 -1.187552
v 0.035928 0.129978 -1.185950
v 0.067138 0.131631 -1.167311
v 0.070220 0.125989 -1.172106
v 0.069317 0.129978 -1.170702
v 0.094012 0.131631 -1.144025
v 0.098319 0.125989 -1.147757
v 0.097058 0.129978 -1.146664
v 0.113237 0.131631 -1.114111
v 0.118421 0.125989 -1.116478
v 0.116903 0.129978 -1.115785
v 0.123255 0.131631 -1.079992
v 0.128896 0.125989 -1.080803
v 0.127244 0.129978 -1.080566
v 0.123255 0.131631 -1.044433
v 0.128896 0.125989 -1.043622
v 0.127244 0.129978 -1.043859
v 0.113237 0.131631 -1.010314
v 0.118421 0.125989 -1.007947
v 0.116903 0.129978 -1.008640
v 0.094012 0.131631 -0.980400
v 0.098319 0.125989 -0.976668
v 0.097058 0.129978 -0.977761
v 0.067138 0.131631 -0.957114
v 0.070220 0.125989 -0.952319
v 0.069317 0.129978 -0.953724
v 0.034793 0.131631 -0.942342
v 0.036398 0.125989 -0.936874
v 0.035928 0.129978 -0.938475
v -0.000405 0.131631 -0.937281
v -0.000405 0.125989 -0.931582
v -0.000405 0.129978 -0.933251
v -0.035602 0.131631 -0.942342
v -0.037207 0.125989 -0.936874
v -0.036737 0.129978 -0.938475
v -0.067947 0.131631 -0.957114
v -0.071029 0.125989 -0.952319
v -0.070126 0.129978 -0.953724
v -0.094821 0.131631 -0.980400
v -0.099128 0.125989 -0.976668
v -0.097867 0.129978 -0.977761
v -0.114046 0.131631 -1.010314
v -0.119230 0.125989 -1.007947
v -0.117712 0.129978 -1.008640
v -0.124064 0.131631 -1.044433
v -0.129705 0.125989 -1.043622
v -0.128053 0.129978 -1.043859
v -0.124064 0.131631 -1.079992
v -0.129705 0.125989 -1.080803
v -0.128053 0.129978 -1.080566
v -0.114046 0.131631 -1.114111
v -0.119230 0.125989 -1.116478
v -0.117712 0.129978 -1.115785
v -0.094821 0.131631 -1.144025
v -0.099129 0.125989 -1.147757
v -0.097867 0.129978 -1.146664
v -0.067948 0.131631 -1.167311
v -0.071029 0.125989 -1.172106
v -0.070126 0.129978 -1.170702
v -0.035602 0.131631 -1.182083
v -0.037208 0.125989 -1.187551
v -0.036737 0.129978 -1.185950
vt 0.045454 0.500000
vt 0.045454 0.969309
vt -0.000000 0.969309
vt -0.000000 0.500000
vt 0.909091 0.500000
vt 0.909091 0.969308
vt 0.863636 0.969309
vt 0.863636 0.500000
vt 0.818182 0.969309
vt 0.818182 0.500000
vt 0.772727 0.969309
vt 0.772727 0.500000
vt 0.727273 0.969309
vt 0.727273 0.500000
vt 0.681818 0.969309
vt 0.681818 0.500000
vt 0.636364 0.969309
vt 0.636364 0.500000
vt 0.590909 0.969309
vt 0.590909 0.500000
vt 0.545454 0.969309
vt 0.545454 0.500000
vt 0.500000 0.969309
vt 0.500000 0.500000
vt 0.454545 0.969309
vt 0.454545 0.500000
vt 0.409091 0.969309
vt 0.409091 0.500000
vt 0.363636 0.969309
vt 0.363636 0.500000
vt 0.318182 0.969309
vt 0.318182 0.500000
vt 0.272727 0.969309
vt 0.272727 0.500000
vt 0.227272 0.969309
vt 0.227272 0.500000
vt 0.181818 0.969309
vt 0.181818 0.500000
vt 0.136363 0.969309
vt 0.136363 0.500000
vt 0.090909 0.969309
vt 0.090909 0.500000
vt 1.000000 0.500000
vt 1.000000 0.969309
vt 0.954545 0.969309
vt 0.954545 0.500000
vt 0.909091 0.500000
vt 0.863636 0.500000
vt 0.863636 0.500000
vt 0.909091 0.500000
vt 0.772727 0.500000
vt 0.727273 0.500000
vt 0.727273 0.500000
vt 0.772727 0.500000
vt 0.681818 0.500000
vt 0.636364 0.500000
vt 0.636364 0.500000
vt 0.681818 0.500000
vt 0.454545 0.500000
vt 0.409091 0.500000
vt 0.409091 0.500000
vt 0.454545 0.500000
vt 0.227272 0.500000
vt 0.181818 0.500000
vt 0.181818 0.500000
vt 0.227272 0.500000
vt 0.954545 0.500000
vt 1.000000 0.500000
vt 0.818182 0.500000
vt 0.818182 0.500000
vt 0.545454 0.500000
vt 0.500000 0.500000
vt 0.500000 0.500000
vt 0.545454 0.500000
vt 0.318182 0.500000
vt 0.272727 0.500000
vt 0.272727 0.500000
vt 0.318182 0.500000
vt 0.090909 0.500000
vt 0.045454 0.500000
vt 0.045454 0.500000
vt 0.090909 0.500000
vt 0.590909 0.500000
vt 0.590909 0.500000
vt -0.000000 0.500000
vt -0.000000 0.500000
vt 0.363636 0.500000
vt 0.363636 0.500000
vt 0.136363 0.500000
vt 0.136363 0.500000
vt 0.772727 0.500000
vt 0.818182 0.500000
vt 0.750000 0.490000
vt 0.817616 0.480278
vt 0.879754 0.451901
vt 0.931380 0.407167
vt 0.968312 0.349700
vt 0.987557 0.284156
vt 0.987557 0.215844
vt 0.968312 0.150300
vt 0.931380 0.092833
vt 0.879754 0.048099
vt 0.817616 0.019722
vt 0.750000 0.010000
vt 0.682384 0.019722
vt 0.620246 0.048099
vt 0.568620 0.092833
vt 0.531688 0.150300
vt 0.512443 0.215844
vt 0.512443 0.284155
vt 0.531688 0.349699
vt 0.568620 0.407166
vt 0.620246 0.451901
vt 0.682384 0.480278
vt 0.090909 0.500000
vt 0.136363 0.500000
vt 0.409091 0.500000
vt 0.454545 0.500000
vt 0.727273 0.500000
vt 0.045454 0.500000
vt 0.363636 0.500000
vt 0.681818 0.500000
vt 0.954545 0.500000
vt 0.954545 0.500000
vt 0.318182 0.500000
vt 0.636364 0.500000
vt -0.000000 0.500000
vt 0.272727 0.500000
vt 0.590909 0.500000
vt 0.909091 0.500000
vt 0.227272 0.500000
vt 0.545454 0.500000
vt 0.863636 0.500000
vt 0.181818 0.500000
vt 0.500000 0.500000
vt 0.999568 0.985226
vt 0.954977 0.985226
vt 0.998380 1.000000
vt 0.956165 1.000000
vt 0.312798 0.463868
vt 0.250000 0.472897
vt 0.250000 0.454472
vt 0.307606 0.446189
vt 0.954114 0.985226
vt 0.909522 0.985226
vt 0.952926 1.000000
vt 0.910710 1.000000
vt 0.370507 0.437513
vt 0.360546 0.422013
vt 0.908659 0.985226
vt 0.864068 0.985226
vt 0.907471 1.000000
vt 0.865256 1.000000
vt 0.418455 0.395967
vt 0.404530 0.383901
vt 0.863205 0.985226
vt 0.818613 0.985226
vt 0.862017 1.000000
vt 0.819801 1.000000
vt 0.452754 0.342595
vt 0.435994 0.334941
vt 0.817750 0.985226
vt 0.773159 0.985226
vt 0.816562 1.000000
vt 0.774347 1.000000
vt 0.470629 0.281722
vt 0.452391 0.279099
vt 0.772296 0.985226
vt 0.727704 0.985226
vt 0.771108 1.000000
vt 0.728892 1.000000
vt 0.470628 0.218278
vt 0.452391 0.220901
vt 0.726841 0.985226
vt 0.682250 0.985226
vt 0.725653 1.000000
vt 0.683438 1.000000
vt 0.452754 0.157405
vt 0.435994 0.165059
vt 0.681386 0.985226
vt 0.636795 0.985226
vt 0.680198 1.000000
vt 0.637983 1.000000
vt 0.418454 0.104033
vt 0.404530 0.116099
vt 0.635932 0.985226
vt 0.591341 0.985226
vt 0.634744 1.000000
vt 0.592529 1.000000
vt 0.370507 0.062487
vt 0.360546 0.077987
vt 0.590477 0.985226
vt 0.545886 0.985226
vt 0.589289 1.000000
vt 0.547074 1.000000
vt 0.312797 0.036132
vt 0.307606 0.053811
vt 0.545023 0.985226
vt 0.500431 0.985226
vt 0.543835 1.000000
vt 0.501619 1.000000
vt 0.250000 0.027103
vt 0.250000 0.045528
vt 0.499568 0.985226
vt 0.454977 0.985226
vt 0.498380 1.000000
vt 0.456165 1.000000
vt 0.187203 0.036132
vt 0.192394 0.053811
vt 0.454114 0.985226
vt 0.409522 0.985226
vt 0.452926 1.000000
vt 0.410710 1.000000
vt 0.129493 0.062487
vt 0.139454 0.077987
vt 0.408659 0.985226
vt 0.364068 0.985226
vt 0.407471 1.000000
vt 0.365256 1.000000
vt 0.081546 0.104033
vt 0.095470 0.116099
vt 0.363205 0.985226
vt 0.318613 0.985226
vt 0.362017 1.000000
vt 0.319801 1.000000
vt 0.047246 0.157405
vt 0.064006 0.165059
vt 0.317750 0.985226
vt 0.273159 0.985226
vt 0.316562 1.000000
vt 0.274347 1.000000
vt 0.029372 0.218278
vt 0.047609 0.220900
vt 0.272295 0.985226
vt 0.227704 0.985226
vt 0.271107 1.000000
vt 0.228892 1.000000
vt 0.029371 0.281721
vt 0.047609 0.279099
vt 0.226841 0.985226
vt 0.182250 0.985226
vt 0.225653 1.000000
vt 0.183437 1.000000
vt 0.047245 0.342595
vt 0.064006 0.334941
vt 0.181386 0.985226
vt 0.136795 0.985226
vt 0.180198 1.000000
vt 0.137983 1.000000
vt 0.081545 0.395967
vt 0.095470 0.383900
vt 0.135932 0.985226
vt 0.091340 0.985226
vt 0.134744 1.000000
vt 0.092528 1.000000
vt 0.129492 0.437513
vt 0.139454 0.422013
vt 0.090477 0.985226
vt 0.045886 0.985226
vt 0.089289 1.000000
vt 0.047074 1.000000
vt 0.187202 0.463868
vt 0.192393 0.446189
vt 0.045023 0.985225
vt 0.000431 0.985226
vt 0.043835 1.000000
vt 0.001619 1.000000
vt 0.954545 0.500000
vt 0.999710 0.500000
vt 1.000000 0.500000
vt 0.909091 0.500000
vt 0.863636 0.500000
vt 0.818182 0.500000
vt 0.772727 0.500000
vt 0.727273 0.500000
vt 0.681818 0.500000
vt 0.636364 0.500000
vt 0.590909 0.500000
vt 0.545454 0.500000
vt 0.500000 0.500000
vt 0.454545 0.500000
vt 0.409091 0.500000
vt 0.363636 0.500000
vt 0.318182 0.500000
vt 0.272727 0.500000
vt 0.227272 0.500000
vt 0.181818 0.500000
vt 0.136363 0.500000
vt 0.090909 0.500000
vt 0.045454 0.500000
vt 0.000290 0.500000
vt 1.000000 0.500000
vn -0.2776 0.1704 -0.9455
vn -0.2708 0.2760 -0.9222
vn 0.0000 0.2760 -0.9612
vn 0.0000 0.1704 -0.9854
vn 0.5327 0.1704 -0.8289
vn 0.5196 0.2760 -0.8086
vn 0.7264 0.2760 -0.6294
vn 0.7447 0.1704 -0.6453
vn 0.8743 0.2760 -0.3993
vn 0.8963 0.1704 -0.4093
vn 0.9514 0.2760 -0.1368
vn 0.9753 0.1704 -0.1402
vn 0.9514 0.2760 0.1368
vn 0.9753 0.1704 0.1402
vn 0.8743 0.2760 0.3993
vn 0.8963 0.1704 0.4093
vn 0.7264 0.2760 0.6294
vn 0.7447 0.1704 0.6453
vn 0.5196 0.2760 0.8086
vn 0.5327 0.1704 0.8289
vn 0.2708 0.2760 0.9222
vn 0.2776 0.1704 0.9455
vn 0.0000 0.2760 0.9612
vn 0.0000 0.1704 0.9854
vn -0.2708 0.2760 0.9222
vn -0.2776 0.1704 0.9455
vn -0.5196 0.2760 0.8086
vn -0.5327 0.1704 0.8289
vn -0.7264 0.2760 0.6294
vn -0.7447 0.1704 0.6453
vn -0.8743 0.2760 0.3993
vn -0.8963 0.1704 0.4093
vn -0.9514 0.2760 0.1368
vn -0.9753 0.1704 0.1402
vn -0.9514 0.2760 -0.1368
vn -0.9753 0.1704 -0.1402
vn -0.8743 0.2760 -0.3993
vn -0.8963 0.1704 -0.4093
vn -0.7264 0.2760 -0.6294
vn -0.7447 0.1704 -0.6453
vn -0.5196 0.2760 -0.8086
vn -0.5327 0.1704 -0.8289
vn 0.2708 0.2760 -0.9222
vn 0.2776 0.1704 -0.9455
vn 0.5304 0.1935 -0.8254
vn 0.7415 0.1935 -0.6425
vn 0.7557 0.0000 -0.6549
vn 0.5406 0.0000 -0.8413
vn 0.9711 0.1935 -0.1396
vn 0.9711 0.1935 0.1396
vn 0.9898 0.0000 0.1423
vn 0.9898 0.0000 -0.1423
vn 0.8924 0.1935 0.4076
vn 0.7415 0.1935 0.6425
vn 0.7557 0.0000 0.6549
vn 0.9096 0.0000 0.4154
vn -0.2764 0.1935 0.9414
vn -0.5304 0.1935 0.8254
vn -0.5406 0.0000 0.8413
vn -0.2817 0.0000 0.9595
vn -0.9711 0.1935 -0.1396
vn -0.8924 0.1935 -0.4076
vn -0.9096 0.0000 -0.4154
vn -0.9898 0.0000 -0.1423
vn -0.0000 1.0000 -0.0000
vn 0.0592 0.9777 -0.2016
vn -0.0000 0.9777 -0.2101
vn 0.8924 0.1935 -0.4076
vn 0.9096 0.0000 -0.4154
vn 0.2764 0.1935 0.9414
vn 0.0000 0.1935 0.9811
vn -0.0000 0.0000 1.0000
vn 0.2817 0.0000 0.9595
vn -0.8924 0.1935 0.4076
vn -0.9711 0.1935 0.1396
vn -0.9898 0.0000 0.1423
vn -0.9096 0.0000 0.4154
vn -0.5304 0.1935 -0.8254
vn -0.2764 0.1935 -0.9414
vn -0.2817 0.0000 -0.9595
vn -0.5406 0.0000 -0.8413
vn 0.5304 0.1935 0.8254
vn 0.5406 0.0000 0.8413
vn -0.0000 0.1935 -0.9811
vn 0.0000 0.0000 -1.0000
vn -0.7415 0.1935 0.6425
vn -0.7557 0.0000 0.6549
vn -0.7415 0.1935 -0.6425
vn -0.7557 0.0000 -0.6549
vn 0.2080 0.9777 -0.0299
vn 0.1911 0.9777 -0.0873
vn 0.0000 -1.0000 0.0000
vn -0.1136 0.9777 -0.1768
vn -0.1588 0.9777 -0.1376
vn -0.1136 0.9777 0.1768
vn -0.0592 0.9777 0.2016
vn 0.2080 0.9777 0.0299
vn -0.0592 0.9777 -0.2016
vn -0.1588 0.9777 0.1376
vn 0.1911 0.9777 0.0873
vn 0.2764 0.1935 -0.9414
vn 0.2817 0.0000 -0.9595
vn -0.1911 0.9777 0.0873
vn 0.1588 0.9777 0.1376
vn -0.2080 0.9777 0.0299
vn 0.1136 0.9777 0.1768
vn 0.1136 0.9777 -0.1768
vn -0.2080 0.9777 -0.0299
vn 0.0592 0.9777 0.2016
vn 0.1588 0.9777 -0.1376
vn -0.1911 0.9777 -0.0873
vn -0.0000 0.9777 0.2101
vn 0.0000 0.5768 -0.8169
vn 0.2301 0.5768 -0.7838
vn 0.0000 0.8788 -0.4773
vn 0.1345 0.8788 -0.4579
vn 0.0000 0.9909 -0.1347
vn 0.0380 0.9909 -0.1293
vn 0.4416 0.5768 -0.6872
vn 0.2580 0.8788 -0.4015
vn 0.0728 0.9909 -0.1133
vn 0.6174 0.5768 -0.5349
vn 0.3607 0.8788 -0.3125
vn 0.1018 0.9909 -0.0882
vn 0.7431 0.5768 -0.3393
vn 0.4341 0.8788 -0.1983
vn 0.1226 0.9909 -0.0560
vn 0.8086 0.5768 -0.1163
vn 0.4724 0.8788 -0.0679
vn 0.1334 0.9909 -0.0192
vn 0.8086 0.5768 0.1163
vn 0.4724 0.8788 0.0679
vn 0.1334 0.9909 0.0192
vn 0.7431 0.5768 0.3393
vn 0.4341 0.8788 0.1983
vn 0.1226 0.9909 0.0560
vn 0.6174 0.5768 0.5349
vn 0.3607 0.8788 0.3125
vn 0.1018 0.9909 0.0882
vn 0.4416 0.5768 0.6872
vn 0.2580 0.8788 0.4015
vn 0.0728 0.9909 0.1133
vn 0.2301 0.5768 0.7838
vn 0.1345 0.8788 0.4579
vn 0.0380 0.9909 0.1293
vn -0.0000 0.5768 0.8169
vn -0.0000 0.8788 0.4773
vn -0.0000 0.9909 0.1347
vn -0.2301 0.5768 0.7838
vn -0.1345 0.8788 0.4579
vn -0.0380 0.9909 0.1293
vn -0.4416 0.5768 0.6872
vn -0.2580 0.8788 0.4015
vn -0.0728 0.9909 0.1133
vn -0.6174 0.5768 0.5349
vn -0.3607 0.8788 0.3125
vn -0.1018 0.9909 0.0882
vn -0.7431 0.5768 0.3393
vn -0.4341 0.8788 0.1983
vn -0.1226 0.9909 0.0560
vn -0.8086 0.5768 0.1163
vn -0.4724 0.8788 0.0679
vn -0.1334 0.9909 0.0192
vn -0.8086 0.5768 -0.1163
vn -0.4724 0.8788 -0.0679
vn -0.1334 0.9909 -0.0192
vn -0.7431 0.5768 -0.3393
vn -0.4341 0.8788 -0.1983
vn -0.1226 0.9909 -0.0560
vn -0.6174 0.5768 -0.5349
vn -0.3607 0.8788 -0.3125
vn -0.1018 0.9909 -0.0882
vn -0.4416 0.5768 -0.6872
vn -0.2580 0.8788 -0.4015
vn -0.0728 0.9909 -0.1133
vn -0.2301 0.5768 -0.7838
vn -0.1345 0.8788 -0.4579
vn -0.0380 0.9909 -0.1293
vn 0.1069 0.9253 -0.3640
vn -0.0000 0.9253 -0.3794
vn -0.0000 0.3860 -0.9225
vn 0.2599 0.3860 -0.8851
vn 0.2051 0.9253 -0.3191
vn 0.4987 0.3860 -0.7760
vn 0.2867 0.9253 -0.2484
vn 0.6972 0.3860 -0.6041
vn 0.3451 0.9253 -0.1576
vn 0.8391 0.3860 -0.3832
vn 0.3755 0.9253 -0.0540
vn 0.9131 0.3860 -0.1313
vn 0.3755 0.9253 0.0540
vn 0.9131 0.3860 0.1313
vn 0.3451 0.9253 0.1576
vn 0.8391 0.3860 0.3832
vn 0.2867 0.9253 0.2484
vn 0.6972 0.3860 0.6041
vn 0.2051 0.9253 0.3191
vn 0.4987 0.3860 0.7760
vn 0.1069 0.9253 0.3640
vn 0.2599 0.3860 0.8851
vn 0.0000 0.9253 0.3794
vn -0.0000 0.3860 0.9225
vn -0.1069 0.9253 0.3640
vn -0.2599 0.3860 0.8851
vn -0.2051 0.9253 0.3191
vn -0.4987 0.3860 0.7760
vn -0.2867 0.9253 0.2484
vn -0.6972 0.3860 0.6041
vn -0.3451 0.9253 0.1576
vn -0.8391 0.3860 0.3832
vn -0.3755 0.9253 0.0540
vn -0.9131 0.3860 0.1313
vn -0.3755 0.9253 -0.0540
vn -0.9131 0.3860 -0.1313
vn -0.3451 0.9253 -0.1576
vn -0.8391 0.3860 -0.3832
vn -0.2867 0.9253 -0.2484
vn -0.6972 0.3860 -0.6041
vn -0.2051 0.9253 -0.3191
vn -0.4987 0.3860 -0.7760
vn -0.1069 0.9253 -0.3640
vn -0.2599 0.3860 -0.8851
usemtl None
s 1
f 643/729/650 751/730/651 667/731/652 622/732/653
f 624/733/654 675/734/655 679/735/656 625/736/657
f 625/736/657 679/735/656 683/737/658 626/738/659
f 626/738/659 683/737/658 687/739/660 627/740/661
f 627/740/661 687/739/660 691/741/662 628/742/663
f 628/742/663 691/741/662 695/743/664 629/744/665
f 629/744/665 695/743/664 699/745/666 630/746/667
f 630/746/667 699/745/666 703/747/668 631/748/669
f 631/748/669 703/747/668 707/749/670 632/750/671
f 632/750/671 707/749/670 711/751/672 633/752/673
f 633/752/673 711/751/672 715/753/674 634/754/675
f 634/754/675 715/753/674 719/755/676 635/756/677
f 635/756/677 719/755/676 723/757/678 636/758/679
f 636/758/679 723/757/678 727/759/680 637/760/681
f 637/760/681 727/759/680 731/761/682 638/762/683
f 638/762/683 731/761/682 735/763/684 639/764/685
f 639/764/685 735/763/684 739/765/686 640/766/687
f 640/766/687 739/765/686 743/767/688 641/768/689
f 641/768/689 743/767/688 747/769/690 642/770/691
f 642/770/691 747/769/690 751/730/651 643/729/650
f 622/771/653 667/772/652 671/773/692 623/774/693
f 623/774/693 671/773/692 675/734/655 624/733/654
f 761/775/694 764/776/695 647/777/696 646/778/697
f 770/779/698 773/780/699 650/781/700 649/782/701
f 776/783/702 779/784/703 652/785/704 651/786/705
f 791/787/706 794/788/707 657/789/708 656/790/709
f 806/791/710 809/792/711 662/793/712 661/794/713
f 622/771/714 623/774/714 757/795/715 755/796/716
f 767/797/717 770/779/698 649/782/701 648/798/718
f 785/799/719 788/800/720 655/801/721 654/802/722
f 800/803/723 803/804/724 660/805/725 659/806/726
f 815/807/727 818/808/728 665/809/729 664/810/730
f 764/776/695 767/797/717 648/798/718 647/777/696
f 779/784/703 782/811/731 653/812/732 652/785/704
f 818/808/728 754/813/733 644/814/734 665/809/729
f 794/788/707 797/815/735 658/816/736 657/789/708
f 809/792/711 812/817/737 663/818/738 662/793/712
f 773/780/699 776/783/702 651/786/705 650/781/700
f 788/800/720 791/787/706 656/790/709 655/801/721
f 803/804/724 806/791/710 661/794/713 660/805/725
f 626/738/714 627/740/714 769/819/739 766/820/740
f 782/811/731 785/799/719 654/802/722 653/812/732
f 797/815/735 800/803/723 659/806/726 658/816/736
f 812/817/737 815/807/727 664/810/730 663/818/738
f 644/821/741 645/822/741 646/823/741 647/824/741 648/825/741 649/826/741 650/827/741 651/828/741 652/829/741 653/830/741 654/831/741 655/832/741 656/833/741 657/834/741 658/835/741 659/836/741 660/837/741 661/838/741 662/839/741 663/840/741 664/841/741 665/842/741
f 641/768/714 642/770/714 814/843/742 811/844/743
f 634/754/714 635/756/714 793/845/744 790/846/745
f 627/740/714 628/742/714 772/847/746 769/819/739
f 642/770/714 643/729/714 817/848/747 814/843/742
f 635/756/714 636/758/714 796/849/748 793/845/744
f 628/742/714 629/744/714 775/850/749 772/847/746
f 758/851/750 761/775/694 646/778/697 645/852/751
f 636/758/714 637/760/714 799/853/752 796/849/748
f 629/744/714 630/746/714 778/854/753 775/850/749
f 643/729/714 622/732/714 755/855/716 817/848/747
f 637/760/714 638/762/714 802/856/754 799/853/752
f 630/746/714 631/748/714 781/857/755 778/854/753
f 623/774/714 624/733/714 760/858/756 757/795/715
f 638/762/714 639/764/714 805/859/757 802/856/754
f 631/748/714 632/750/714 784/860/758 781/857/755
f 624/733/714 625/736/714 763/861/759 760/858/756
f 639/764/714 640/766/714 808/862/760 805/859/757
f 632/750/714 633/752/714 787/863/761 784/860/758
f 625/736/714 626/738/714 766/820/740 763/861/759
f 640/766/714 641/768/714 811/844/743 808/862/760
f 633/752/714 634/754/714 790/846/745 787/863/761
f 671/773/692 667/772/652 669/864/762 673/865/763
f 673/865/763 669/864/762 668/866/764 672/867/765
f 672/868/765 668/869/764 666/870/766 670/871/767
f 675/734/655 671/773/692 673/872/763 677/873/768
f 677/873/768 673/872/763 672/874/765 676/875/769
f 676/876/769 672/868/765 670/871/767 674/877/770
f 679/735/656 675/734/655 677/878/768 681/879/771
f 681/879/771 677/878/768 676/880/769 680/881/772
f 680/882/772 676/876/769 674/877/770 678/883/773
f 683/737/658 679/735/656 681/884/771 685/885/774
f 685/885/774 681/884/771 680/886/772 684/887/775
f 684/888/775 680/882/772 678/883/773 682/889/776
f 687/739/660 683/737/658 685/890/774 689/891/777
f 689/891/777 685/890/774 684/892/775 688/893/778
f 688/894/778 684/888/775 682/889/776 686/895/779
f 691/741/662 687/739/660 689/896/777 693/897/780
f 693/897/780 689/896/777 688/898/778 692/899/781
f 692/900/781 688/894/778 686/895/779 690/901/782
f 695/743/664 691/741/662 693/902/780 697/903/783
f 697/903/783 693/902/780 692/904/781 696/905/784
f 696/906/784 692/900/781 690/901/782 694/907/785
f 699/745/666 695/743/664 697/908/783 701/909/786
f 701/909/786 697/908/783 696/910/784 700/911/787
f 700/912/787 696/906/784 694/907/785 698/913/788
f 703/747/668 699/745/666 701/914/786 705/915/789
f 705/915/789 701/914/786 700/916/787 704/917/790
f 704/918/790 700/912/787 698/913/788 702/919/791
f 707/749/670 703/747/668 705/920/789 709/921/792
f 709/921/792 705/920/789 704/922/790 708/923/793
f 708/924/793 704/918/790 702/919/791 706/925/794
f 711/751/672 707/749/670 709/926/792 713/927/795
f 713/927/795 709/926/792 708/928/793 712/929/796
f 712/930/796 708/924/793 706/925/794 710/931/797
f 715/753/674 711/751/672 713/932/795 717/933/798
f 717/933/798 713/932/795 712/934/796 716/935/799
f 716/936/799 712/930/796 710/931/797 714/937/800
f 719/755/676 715/753/674 717/938/798 721/939/801
f 721/939/801 717/938/798 716/940/799 720/941/802
f 720/942/802 716/936/799 714/937/800 718/943/803
f 723/757/678 719/755/676 721/944/801 725/945/804
f 725/945/804 721/944/801 720/946/802 724/947/805
f 724/948/805 720/942/802 718/943/803 722/949/806
f 727/759/680 723/757/678 725/950/804 729/951/807
f 729/951/807 725/950/804 724/952/805 728/953/808
f 728/954/808 724/948/805 722/949/806 726/955/809
f 731/761/682 727/759/680 729/956/807 733/957/810
f 733/957/810 729/956/807 728/958/808 732/959/811
f 732/960/811 728/954/808 726/955/809 730/961/812
f 735/763/684 731/761/682 733/962/810 737/963/813
f 737/963/813 733/962/810 732/964/811 736/965/814
f 736/966/814 732/960/811 730/961/812 734/967/815
f 739/765/686 735/763/684 737/968/813 741/969/816
f 741/969/816 737/968/813 736/970/814 740/971/817
f 740/972/817 736/966/814 734/967/815 738/973/818
f 743/767/688 739/765/686 741/974/816 745/975/819
f 745/975/819 741/974/816 740/976/817 744/977/820
f 744/978/820 740/972/817 738/973/818 742/979/821
f 747/769/690 743/767/688 745/980/819 749/981/822
f 749/981/822 745/980/819 744/982/820 748/983/823
f 748/984/823 744/978/820 742/979/821 746/985/824
f 751/730/651 747/769/690 749/986/822 753/987/825
f 753/987/825 749/986/822 748/988/823 752/989/826
f 752/990/826 748/984/823 746/985/824 750/991/827
f 667/731/652 751/730/651 753/992/825 669/993/762
f 669/993/762 753/992/825 752/994/826 668/995/764
f 668/869/764 752/990/826 750/991/827 666/870/766
f 670/871/767 666/870/766 750/991/827 746/985/824 742/979/821 738/973/818 734/967/815 730/961/812 726/955/809 722/949/806 718/943/803 714/937/800 710/931/797 706/925/794 702/919/791 698/913/788 694/907/785 690/901/782 686/895/779 682/889/776 678/883/773 674/877/770
f 755/796/716 757/795/715 759/996/828 756/997/829
f 756/997/830 759/996/831 758/851/750 754/998/733
f 757/795/715 760/858/756 762/999/832 759/996/828
f 759/996/831 762/999/833 761/775/694 758/851/750
f 760/858/756 763/861/759 765/1000/834 762/999/832
f 762/999/833 765/1000/835 764/776/695 761/775/694
f 763/861/759 766/820/740 768/1001/836 765/1000/834
f 765/1000/835 768/1001/837 767/797/717 764/776/695
f 766/820/740 769/819/739 771/1002/838 768/1001/836
f 768/1001/837 771/1002/839 770/779/698 767/797/717
f 769/819/739 772/847/746 774/1003/840 771/1002/838
f 771/1002/839 774/1003/841 773/780/699 770/779/698
f 772/847/746 775/850/749 777/1004/842 774/1003/840
f 774/1003/841 777/1004/843 776/783/702 773/780/699
f 775/850/749 778/854/753 780/1005/844 777/1004/842
f 777/1004/843 780/1005/845 779/784/703 776/783/702
f 778/854/753 781/857/755 783/1006/846 780/1005/844
f 780/1005/845 783/1006/847 782/811/731 779/784/703
f 781/857/755 784/860/758 786/1007/848 783/1006/846
f 783/1006/847 786/1007/849 785/799/719 782/811/731
f 784/860/758 787/863/761 789/1008/850 786/1007/848
f 786/1007/849 789/1008/851 788/800/720 785/799/719
f 787/863/761 790/846/745 792/1009/852 789/1008/850
f 789/1008/851 792/1009/853 791/787/706 788/800/720
f 790/846/745 793/845/744 795/1010/854 792/1009/852
f 792/1009/853 795/1010/855 794/788/707 791/787/706
f 793/845/744 796/849/748 798/1011/856 795/1010/854
f 795/1010/855 798/1011/857 797/815/735 794/788/707
f 796/849/748 799/853/752 801/1012/858 798/1011/856
f 798/1011/857 801/1012/859 800/803/723 797/815/735
f 799/853/752 802/856/754 804/1013/860 801/1012/858
f 801/1012/859 804/1013/861 803/804/724 800/803/723
f 802/856/754 805/859/757 807/1014/862 804/1013/860
f 804/1013/861 807/1014/863 806/791/710 803/804/724
f 805/859/757 808/862/760 810/1015/864 807/1014/862
f 807/1014/863 810/1015/865 809/792/711 806/791/710
f 808/862/760 811/844/743 813/1016/866 810/1015/864
f 810/1015/865 813/1016/867 812/817/737 809/792/711
f 811/844/743 814/843/742 816/1017/868 813/1016/866
f 813/1016/867 816/1017/869 815/807/727 812/817/737
f 814/843/742 817/848/747 819/1018/870 816/1017/868
f 816/1017/869 819/1018/871 818/808/728 815/807/727
f 817/848/747 755/855/716 756/1019/829 819/1018/870
f 819/1018/871 756/1019/830 754/813/733 818/808/728
f 754/998/733 758/851/750 645/852/751 644/1020/734
o RC-HandSupport_Cylinder.007
v -0.002604 4.308522 -1.362243
v -0.002604 4.308522 -0.756194
v 0.009023 4.305425 -0.756194
v 0.009023 4.305425 -1.362243
v 0.019858 4.296345 -0.756194
v 0.019858 4.296345 -1.362243
v 0.029162 4.281901 -0.756194
v 0.029162 4.281901 -1.362243
v 0.036302 4.263077 -0.756194
v 0.036302 4.263077 -1.362243
v 0.040790 4.241155 -0.756194
v 0.040790 4.241155 -1.362243
v 0.042321 4.217631 -0.756194
v 0.042321 4.217631 -1.362243
v 0.040790 4.194107 -0.756194
v 0.040790 4.194107 -1.362243
v 0.036302 4.172185 -0.756194
v 0.036302 4.172185 -1.362243
v 0.029162 4.153361 -0.756194
v 0.029162 4.153361 -1.362243
v 0.019858 4.138916 -0.756194
v 0.019858 4.138916 -1.362243
v 0.009023 4.129837 -0.756194
v 0.009023 4.129837 -1.362243
v -0.002604 4.126740 -0.756194
v -0.002604 4.126740 -1.362243
v -0.014231 4.129837 -0.756194
v -0.014231 4.129837 -1.362243
v -0.025066 4.138916 -0.756194
v -0.025066 4.138916 -1.362243
v -0.034371 4.153361 -0.756194
v -0.034371 4.153361 -1.362243
v -0.041510 4.172185 -0.756194
v -0.041510 4.172185 -1.362243
v -0.045998 4.194107 -0.756194
v -0.045998 4.194107 -1.362243
v -0.047529 4.217631 -0.756194
v -0.047529 4.217631 -1.362243
v -0.045998 4.241155 -0.756194
v -0.045998 4.241155 -1.362243
v -0.041510 4.263077 -0.756194
v -0.041510 4.263077 -1.362243
v -0.034371 4.281901 -0.756194
v -0.034371 4.281901 -1.362243
v -0.025066 4.296345 -0.756194
v -0.025066 4.296345 -1.362243
v -0.014231 4.305425 -0.756194
v -0.014231 4.305425 -1.362243
v -0.002604 4.308522 -1.295784
v -0.002604 4.308522 -0.822652
v 0.009023 4.305425 -0.822652
v 0.009023 4.305425 -1.295784
v 0.019858 4.296345 -0.822652
v 0.019858 4.296345 -1.295784
v 0.029162 4.281901 -0.822652
v 0.029162 4.281901 -1.295784
v 0.036302 4.263077 -0.822652
v 0.036302 4.263077 -1.295784
v 0.040790 4.241155 -0.822652
v 0.040790 4.241155 -1.295784
v 0.042321 4.217631 -0.822652
v 0.042321 4.217631 -1.295784
v 0.040790 4.194107 -0.822652
v 0.040790 4.194107 -1.295784
v 0.036302 4.172185 -0.822652
v 0.036302 4.172185 -1.295784
v 0.029162 4.153361 -0.822652
v 0.029162 4.153361 -1.295784
v 0.019858 4.138916 -0.822652
v 0.019858 4.138916 -1.295784
v 0.009023 4.129837 -0.822652
v 0.009023 4.129837 -1.295784
v -0.002604 4.126740 -0.822652
v -0.002604 4.126740 -1.295784
v -0.014231 4.129837 -0.822652
v -0.014231 4.129837 -1.295784
v -0.025066 4.138916 -0.822652
v -0.025066 4.138916 -1.295784
v -0.034371 4.153361 -0.822652
v -0.034371 4.153361 -1.295784
v -0.041510 4.172185 -0.822652
v -0.041510 4.172185 -1.295784
v -0.045998 4.194107 -0.822652
v -0.045998 4.194107 -1.295784
v -0.047529 4.217631 -0.822652
v -0.047529 4.217631 -1.295784
v -0.045998 4.241155 -0.822652
v -0.045998 4.241155 -1.295784
v -0.041510 4.263077 -0.822652
v -0.041510 4.263077 -1.295784
v -0.034371 4.281901 -0.822652
v -0.034371 4.281901 -1.295784
v -0.025066 4.296345 -0.822652
v -0.025066 4.296345 -1.295784
v -0.014231 4.305425 -0.822652
v -0.014231 4.305425 -1.295784
v -0.002604 4.321816 -0.802795
v -0.002604 4.321816 -0.769794
v 0.010724 4.318266 -1.315642
v 0.010724 4.318266 -1.348643
v 0.023144 4.307858 -1.315642
v 0.023144 4.307858 -1.348643
v 0.033809 4.291301 -1.315642
v 0.033809 4.291301 -1.348643
v 0.041992 4.269723 -1.315642
v 0.041992 4.269723 -1.348643
v 0.047137 4.244596 -1.315642
v 0.047137 4.244596 -1.348643
v 0.048891 4.217631 -1.315642
v 0.048891 4.217631 -1.348643
v 0.047137 4.190666 -1.315642
v 0.047137 4.190666 -1.348643
v 0.041992 4.165538 -1.315642
v 0.041992 4.165538 -1.348643
v 0.033809 4.143960 -1.315642
v 0.033809 4.143960 -1.348643
v 0.023144 4.127403 -1.315642
v 0.023144 4.127403 -1.348643
v 0.010724 4.116995 -1.315642
v 0.010724 4.116995 -1.348643
v -0.002604 4.113445 -1.315642
v -0.002604 4.113445 -1.348643
v -0.015932 4.116995 -1.315642
v -0.015932 4.116995 -1.348643
v -0.028352 4.127403 -1.315642
v -0.028352 4.127403 -1.348643
v -0.039017 4.143960 -1.315642
v -0.039017 4.143960 -1.348643
v -0.047201 4.165538 -1.315642
v -0.047201 4.165538 -1.348643
v -0.052345 4.190665 -1.315642
v -0.052345 4.190665 -1.348643
v -0.054100 4.217631 -1.315642
v -0.054100 4.217631 -1.348643
v -0.052345 4.244596 -1.315642
v -0.052345 4.244596 -1.348643
v -0.047201 4.269723 -1.315642
v -0.047201 4.269723 -1.348643
v -0.039017 4.291301 -1.315642
v -0.039017 4.291301 -1.348643
v -0.028352 4.307858 -1.315642
v -0.028352 4.307858 -1.348643
v -0.015932 4.318266 -1.315642
v -0.015932 4.318266 -1.348643
v -0.002604 4.321816 -1.348643
v -0.015932 4.318266 -0.769794
v -0.028352 4.307858 -0.769794
v -0.039017 4.291301 -0.769794
v -0.047201 4.269723 -0.769794
v -0.052345 4.244596 -0.769794
v -0.054100 4.217631 -0.769794
v -0.052345 4.190665 -0.769794
v -0.047201 4.165538 -0.769794
v -0.039017 4.143960 -0.769794
v -0.028352 4.127403 -0.769794
v -0.015932 4.116995 -0.769794
v -0.002604 4.113445 -0.769794
v 0.010724 4.116995 -0.769794
v 0.023144 4.127403 -0.769794
v 0.033809 4.143960 -0.769794
v 0.041992 4.165538 -0.769794
v 0.047137 4.190666 -0.769794
v 0.048891 4.217631 -0.769794
v 0.047137 4.244596 -0.769794
v 0.041992 4.269723 -0.769794
v 0.033809 4.291301 -0.769794
v 0.023144 4.307858 -0.769794
v 0.010724 4.318266 -0.769794
v -0.002604 4.321816 -1.315642
v 0.010724 4.318266 -0.802795
v 0.023144 4.307858 -0.802795
v 0.033809 4.291301 -0.802795
v 0.041992 4.269723 -0.802795
v 0.047137 4.244596 -0.802795
v 0.048891 4.217631 -0.802795
v 0.047137 4.190666 -0.802795
v 0.041992 4.165538 -0.802795
v 0.033809 4.143960 -0.802795
v 0.023144 4.127403 -0.802795
v 0.010724 4.116995 -0.802795
v -0.002604 4.113445 -0.802795
v -0.015932 4.116995 -0.802795
v -0.028352 4.127403 -0.802795
v -0.039017 4.143960 -0.802795
v -0.047201 4.165538 -0.802795
v -0.052345 4.190665 -0.802795
v -0.054100 4.217631 -0.802795
v -0.052345 4.244596 -0.802795
v -0.047201 4.269723 -0.802795
v -0.039017 4.291301 -0.802795
v -0.028352 4.307858 -0.802795
v -0.015932 4.318266 -0.802795
v -0.002604 4.329480 -1.001645
v -0.002604 4.329480 -1.116791
v -0.002604 4.332272 -1.059218
v 0.011704 4.325669 -1.116791
v 0.011704 4.325669 -1.001645
v 0.012061 4.328366 -1.059218
v 0.025037 4.314495 -1.116791
v 0.025037 4.314495 -1.001645
v 0.025728 4.316913 -1.059218
v 0.036487 4.296720 -1.116791
v 0.036487 4.296720 -1.001645
v 0.037463 4.298695 -1.059218
v 0.045272 4.273555 -1.116791
v 0.045272 4.273555 -1.001645
v 0.046468 4.274951 -1.059218
v 0.050795 4.246580 -1.116791
v 0.050795 4.246580 -1.001645
v 0.052128 4.247302 -1.059218
v 0.052679 4.217631 -1.116791
v 0.052679 4.217631 -1.001645
v 0.054059 4.217631 -1.059218
v 0.050795 4.188683 -1.116791
v 0.050795 4.188683 -1.001645
v 0.052128 4.187960 -1.059218
v 0.045272 4.161706 -1.116791
v 0.045272 4.161706 -1.001645
v 0.046468 4.160311 -1.059218
v 0.036487 4.138542 -1.116791
v 0.036487 4.138542 -1.001645
v 0.037463 4.136568 -1.059218
v 0.025037 4.120767 -1.116791
v 0.025037 4.120767 -1.001645
v 0.025728 4.118349 -1.059218
v 0.011704 4.109593 -1.116791
v 0.011704 4.109593 -1.001645
v 0.012061 4.106896 -1.059218
v -0.002604 4.105782 -1.116791
v -0.002604 4.105782 -1.001645
v -0.002604 4.102990 -1.059218
v -0.016912 4.109593 -1.116791
v -0.016912 4.109593 -1.001645
v -0.017270 4.106896 -1.059218
v -0.030246 4.120767 -1.116791
v -0.030246 4.120767 -1.001645
v -0.030936 4.118349 -1.059218
v -0.041695 4.138542 -1.116791
v -0.041695 4.138542 -1.001645
v -0.042671 4.136568 -1.059218
v -0.050481 4.161706 -1.116791
v -0.050481 4.161706 -1.001645
v -0.051676 4.160311 -1.059218
v -0.056003 4.188683 -1.116791
v -0.056003 4.188683 -1.001645
v -0.057337 4.187960 -1.059218
v -0.057887 4.217631 -1.116791
v -0.057887 4.217631 -1.001645
v -0.059267 4.217631 -1.059218
v -0.056003 4.246580 -1.116791
v -0.056003 4.246580 -1.001645
v -0.057337 4.247302 -1.059218
v -0.050481 4.273555 -1.116791
v -0.050481 4.273555 -1.001645
v -0.051676 4.274951 -1.059218
v -0.041695 4.296720 -1.116791
v -0.041695 4.296720 -1.001645
v -0.042671 4.298694 -1.059218
v -0.030246 4.314495 -1.116791
v -0.030246 4.314495 -1.001645
v -0.030936 4.316913 -1.059218
v -0.016912 4.325668 -1.116791
v -0.016912 4.325669 -1.001645
v -0.017270 4.328366 -1.059218
vt 0.041666 0.666667
vt 1.000000 0.666667
vt 0.958333 0.666667
vt 0.916667 0.666667
vt 0.875000 0.666667
vt 0.833333 0.666667
vt 0.791667 0.666667
vt 0.750000 0.666667
vt 0.708333 0.666667
vt 0.666667 0.666667
vt 0.625000 0.666667
vt 0.583333 0.666667
vt 0.541667 0.666667
vt 0.500000 0.666667
vt 0.458333 0.666667
vt 0.416667 0.666667
vt 0.375000 0.666667
vt 0.333333 0.666667
vt 0.291667 0.666667
vt 0.250000 0.666667
vt 0.208333 0.666667
vt 0.166666 0.666667
vt 0.125000 0.666667
vt 0.083333 0.666667
vt 0.041666 0.833333
vt 0.083333 0.833333
vt 0.125000 0.833333
vt 0.166666 0.833333
vt 0.208333 0.833333
vt 0.250000 0.833333
vt 0.291667 0.833333
vt 0.333333 0.833333
vt 0.375000 0.833333
vt 0.416667 0.833333
vt 0.458333 0.833333
vt 0.500000 0.833333
vt 0.541667 0.833333
vt 0.583333 0.833333
vt 0.625000 0.833333
vt 0.666667 0.833333
vt 0.708333 0.833333
vt 0.750000 0.833333
vt 0.791667 0.833333
vt 0.833333 0.833333
vt 0.875000 0.833333
vt 0.916667 0.833333
vt 0.958333 0.833333
vt 1.000000 0.833333
vt 0.791667 0.777778
vt 0.833333 0.777778
vt 0.833333 0.777778
vt 0.791667 0.777778
vt -0.000000 0.666667
vt 0.041666 0.666667
vt -0.000000 0.666667
vt 0.250000 0.777778
vt 0.291667 0.777778
vt 0.291667 0.777778
vt 0.250000 0.777778
vt 0.583333 0.666667
vt 0.541667 0.666667
vt 0.833333 0.722222
vt 0.791667 0.722222
vt 0.791667 0.722222
vt 0.833333 0.722222
vt 0.291667 0.722222
vt 0.250000 0.722222
vt 0.250000 0.722222
vt 0.291667 0.722222
vt 0.500000 0.833333
vt 0.541667 0.833333
vt 0.875000 0.777778
vt 0.875000 0.777778
vt 0.333333 0.777778
vt 0.333333 0.777778
vt 0.500000 0.666667
vt 0.875000 0.722222
vt 0.875000 0.722222
vt 0.333333 0.722222
vt 0.333333 0.722222
vt 0.458333 0.833333
vt 0.916667 0.777778
vt 0.916667 0.777778
vt 0.375000 0.777778
vt 0.375000 0.777778
vt 0.458333 0.666667
vt 0.916667 0.722222
vt 0.916667 0.722222
vt 0.375000 0.722222
vt 0.375000 0.722222
vt 0.416667 0.833333
vt 0.958333 0.833333
vt 1.000000 0.833333
vt 0.958333 0.777778
vt 0.958333 0.777778
vt 0.416667 0.777778
vt 0.416667 0.777778
vt 0.416667 0.666667
vt 1.000000 0.666667
vt 0.958333 0.666667
vt 0.958333 0.722222
vt 0.958333 0.722222
vt 0.041666 0.722222
vt 0.041666 0.743240
vt -0.000000 0.743240
vt -0.000000 0.722222
vt 0.416667 0.722222
vt 0.416667 0.722222
vt 0.916667 0.743240
vt 0.875000 0.743240
vt 0.375000 0.833333
vt 0.833333 0.743240
vt 0.916667 0.833333
vt 0.791667 0.743240
vt 1.000000 0.777778
vt 1.000000 0.777778
vt 0.750000 0.743240
vt 0.750000 0.722222
vt 0.458333 0.777778
vt 0.458333 0.777778
vt 0.708333 0.743240
vt 0.708333 0.722222
vt 0.375000 0.666667
vt 0.666667 0.743240
vt 0.666667 0.722222
vt 0.916667 0.666667
vt 0.625000 0.743240
vt 0.625000 0.722222
vt 1.000000 0.722222
vt 1.000000 0.722222
vt 0.583333 0.743240
vt 0.583333 0.722222
vt 0.458333 0.722222
vt 0.458333 0.722222
vt 0.541667 0.743240
vt 0.541667 0.722222
vt 0.333333 0.833333
vt 0.500000 0.743240
vt 0.500000 0.722222
vt 0.875000 0.833333
vt 0.458333 0.743240
vt 0.500000 0.777778
vt 0.500000 0.777778
vt 0.416667 0.743240
vt 0.333333 0.666667
vt 0.375000 0.743240
vt 0.875000 0.666667
vt 0.333333 0.743240
vt 0.500000 0.722222
vt 0.291667 0.743240
vt 0.291667 0.833333
vt 0.250000 0.743240
vt 0.833333 0.833333
vt 0.208333 0.743240
vt 0.208333 0.722222
vt 0.541667 0.777778
vt 0.541667 0.777778
vt 0.166666 0.743240
vt 0.166666 0.722222
vt 0.291667 0.666667
vt 0.125000 0.743240
vt 0.125000 0.722222
vt 0.833333 0.666667
vt 0.083333 0.743240
vt 0.083333 0.722222
vt 0.541667 0.722222
vt 0.250000 0.833333
vt 0.791667 0.833333
vt 1.000000 0.743240
vt 0.958333 0.743240
vt 0.083333 0.756760
vt 0.083333 0.777778
vt 0.041666 0.777778
vt 0.041666 0.756760
vt 0.125000 0.756760
vt 0.125000 0.777778
vt 0.166666 0.756760
vt 0.166666 0.777778
vt 0.208333 0.756760
vt 0.208333 0.777778
vt 0.250000 0.756760
vt 0.291667 0.756760
vt 0.333333 0.756760
vt 0.375000 0.756760
vt 0.416667 0.756760
vt 0.458333 0.756760
vt 0.500000 0.756760
vt 0.541667 0.756760
vt 0.583333 0.756760
vt 0.583333 0.777778
vt 0.625000 0.756760
vt 0.625000 0.777778
vt 0.666667 0.756760
vt 0.666667 0.777778
vt 0.708333 0.756760
vt 0.708333 0.777778
vt 0.750000 0.756760
vt 0.750000 0.777778
vt 0.791667 0.756760
vt 0.833333 0.756760
vt 0.875000 0.756760
vt 0.916667 0.756760
vt 0.958333 0.756760
vt 1.000000 0.756760
vt 0.041666 0.777778
vt 0.041666 0.833333
vt -0.000000 0.833333
vt -0.000000 0.777778
vt 0.083333 0.777778
vt 0.083333 0.833333
vt 0.125000 0.777778
vt 0.125000 0.833333
vt 0.166666 0.777778
vt 0.166666 0.833333
vt 0.208333 0.777778
vt 0.208333 0.833333
vt 0.583333 0.777778
vt 0.583333 0.833333
vt 0.625000 0.777778
vt 0.625000 0.833333
vt 0.666667 0.777778
vt 0.666667 0.833333
vt 0.708333 0.777778
vt 0.708333 0.833333
vt 0.750000 0.777778
vt 0.750000 0.833333
vt 0.791667 0.666667
vt 0.750000 0.722222
vt 0.750000 0.666667
vt 0.708333 0.722222
vt 0.708333 0.666667
vt 0.666667 0.722222
vt 0.666667 0.666667
vt 0.625000 0.722222
vt 0.625000 0.666667
vt 0.583333 0.722222
vt 0.250000 0.666667
vt 0.208333 0.722222
vt 0.208333 0.666667
vt 0.166666 0.722222
vt 0.166666 0.666667
vt 0.125000 0.722222
vt 0.125000 0.666667
vt 0.083333 0.722222
vt 0.083333 0.666667
vt 0.041666 0.722222
vt -0.000000 0.722222
vt -0.000000 0.833333
vt -0.000000 0.777778
vt -0.000000 0.756760
vt 0.000694 0.750000
vt 0.041666 0.750000
vt 0.083333 0.750000
vt 0.125000 0.750000
vt 0.166667 0.750000
vt 0.208333 0.750000
vt 0.250000 0.750000
vt 0.291667 0.750000
vt 0.333333 0.750000
vt 0.375000 0.750000
vt 0.416667 0.750000
vt 0.458333 0.750000
vt 0.500000 0.750000
vt 0.541667 0.750000
vt 0.583333 0.750000
vt 0.625000 0.750000
vt 0.666667 0.750000
vt 0.708333 0.750000
vt 0.750000 0.750000
vt 0.791667 0.750000
vt 0.833333 0.750000
vt 0.875000 0.750000
vt 0.916667 0.750000
vt 0.958333 0.750000
vt 0.999306 0.750000
vn -0.0000 0.0000 -1.0000
vn -0.0000 0.0000 1.0000
vn 0.9825 0.1288 -0.1345
vn 0.9523 0.2691 -0.1442
vn 0.9441 0.2792 -0.1752
vn 0.9776 0.1338 -0.1622
vn -0.0000 0.7151 -0.6990
vn -0.3704 0.6518 -0.6618
vn -0.3226 0.6677 -0.6708
vn -0.9913 -0.0000 -0.1315
vn -0.9825 -0.1288 -0.1345
vn -0.9776 -0.1338 -0.1622
vn -0.9874 0.0000 -0.1581
vn 0.3704 -0.6518 -0.6618
vn 0.6278 -0.5127 -0.5857
vn 0.5810 -0.5466 -0.6031
vn 0.3226 -0.6677 -0.6708
vn 0.9523 0.2691 0.1442
vn 0.9825 0.1288 0.1345
vn 0.9776 0.1338 0.1622
vn 0.9441 0.2792 0.1752
vn -0.9825 -0.1288 0.1345
vn -0.9913 -0.0000 0.1315
vn -0.9874 0.0000 0.1581
vn -0.9776 -0.1338 0.1622
vn 0.3704 -0.6518 0.6618
vn -0.0000 -0.7151 0.6990
vn 0.3226 -0.6677 0.6708
vn 0.8860 0.4344 -0.1621
vn 0.8712 0.4491 -0.1982
vn -0.9523 -0.2691 -0.1442
vn -0.9441 -0.2792 -0.1752
vn -0.0000 -0.7151 -0.6990
vn 0.8860 0.4344 0.1621
vn 0.8712 0.4491 0.1982
vn -0.9523 -0.2691 0.1442
vn -0.9441 -0.2792 0.1752
vn -0.3704 -0.6518 0.6618
vn -0.3226 -0.6677 0.6708
vn 0.7469 0.6369 -0.1908
vn 0.7222 0.6521 -0.2308
vn -0.8860 -0.4344 -0.1621
vn -0.8712 -0.4491 -0.1982
vn -0.3704 -0.6518 -0.6618
vn -0.3226 -0.6677 -0.6708
vn 0.7469 0.6369 0.1908
vn 0.7222 0.6521 0.2309
vn -0.8860 -0.4344 0.1621
vn -0.8712 -0.4491 0.1982
vn -0.6278 -0.5127 0.5857
vn -0.5810 -0.5466 0.6031
vn 0.0000 0.7151 0.6990
vn 0.3703 0.6518 0.6618
vn 0.3226 0.6677 0.6709
vn 0.4157 0.7471 -0.5187
vn 0.4356 0.8606 -0.2640
vn -0.7469 -0.6369 -0.1908
vn -0.7222 -0.6521 -0.2308
vn -0.6278 -0.5127 -0.5857
vn -0.5810 -0.5466 -0.6031
vn 0.3704 0.6518 -0.6618
vn 0.3226 0.6677 -0.6708
vn 0.4157 0.7471 0.5187
vn 0.4356 0.8606 0.2640
vn -0.4630 0.8799 -0.1065
vn -0.4582 0.8856 -0.0753
vn -0.0000 0.9966 -0.0820
vn -0.0000 0.9932 -0.1163
vn -0.7469 -0.6369 0.1908
vn -0.7222 -0.6521 0.2308
vn 0.7475 0.6613 -0.0626
vn 0.8911 0.4509 -0.0521
vn -0.7741 -0.3654 0.5170
vn -0.8545 -0.4428 0.2717
vn 0.9593 0.2788 -0.0455
vn 0.6278 0.5127 0.5857
vn 0.5810 0.5466 0.6031
vn 0.9902 0.1332 -0.0420
vn -0.0000 0.8310 -0.5563
vn 0.9992 -0.0000 -0.0408
vn 0.9913 -0.0000 0.1315
vn -0.4157 -0.7471 -0.5187
vn -0.4356 -0.8606 -0.2640
vn 0.9902 -0.1332 -0.0420
vn 0.9825 -0.1288 0.1345
vn -0.7741 -0.3654 -0.5170
vn -0.8545 -0.4428 -0.2717
vn 0.9593 -0.2788 -0.0455
vn 0.9523 -0.2691 0.1442
vn 0.6278 0.5127 -0.5857
vn 0.5810 0.5466 -0.6031
vn 0.8911 -0.4509 -0.0521
vn 0.8860 -0.4344 0.1621
vn 0.0000 0.8310 0.5563
vn 0.7475 -0.6613 -0.0626
vn 0.7469 -0.6369 0.1908
vn -0.4157 -0.7471 0.5187
vn -0.4356 -0.8606 0.2640
vn 0.4582 -0.8856 -0.0753
vn 0.4630 -0.8799 -0.1065
vn -0.8516 -0.2323 0.4699
vn -0.9297 -0.2765 0.2433
vn 0.0000 -0.9966 -0.0820
vn 0.0000 -0.9932 -0.1163
vn 0.7741 0.3654 0.5170
vn 0.8545 0.4428 0.2717
vn -0.4582 -0.8856 -0.0753
vn -0.4630 -0.8799 -0.1065
vn 0.0000 -0.8310 -0.5563
vn -0.7475 -0.6613 -0.0626
vn -0.8516 -0.2323 -0.4699
vn -0.9297 -0.2765 -0.2433
vn -0.8911 -0.4509 -0.0521
vn 0.7741 0.3654 -0.5170
vn 0.8545 0.4428 -0.2717
vn -0.9593 -0.2788 -0.0455
vn 0.0000 -0.8310 0.5563
vn -0.9902 -0.1332 -0.0420
vn -0.8892 -0.1126 0.4435
vn -0.9649 -0.1328 0.2266
vn -0.9992 -0.0000 -0.0408
vn 0.8516 0.2323 0.4699
vn 0.9297 0.2765 0.2433
vn -0.9902 0.1332 -0.0420
vn -0.9825 0.1288 0.1345
vn 0.4157 -0.7471 -0.5187
vn 0.4356 -0.8606 -0.2640
vn -0.9593 0.2788 -0.0455
vn -0.9523 0.2691 0.1442
vn -0.8892 -0.1126 -0.4435
vn -0.9649 -0.1328 -0.2266
vn -0.8911 0.4509 -0.0521
vn -0.8860 0.4344 0.1621
vn 0.8516 0.2323 -0.4699
vn 0.9297 0.2765 -0.2433
vn -0.7475 0.6613 -0.0626
vn -0.7469 0.6369 0.1908
vn 0.4157 -0.7471 0.5187
vn 0.4356 -0.8606 0.2640
vn -0.9004 0.0000 0.4350
vn -0.9752 0.0000 0.2212
vn 0.8892 0.1126 0.4435
vn 0.9649 0.1328 0.2266
vn 0.4582 0.8856 -0.0753
vn 0.4630 0.8799 -0.1065
vn -0.7475 0.6613 0.0626
vn -0.7469 0.6369 -0.1908
vn -0.4630 0.8799 0.1065
vn -0.4582 0.8856 0.0753
vn -0.8911 0.4509 0.0521
vn -0.8860 0.4344 -0.1621
vn -0.9593 0.2788 0.0455
vn -0.9523 0.2691 -0.1442
vn -0.9902 0.1332 0.0420
vn -0.9825 0.1288 -0.1345
vn -0.9992 -0.0000 0.0408
vn -0.9902 -0.1332 0.0420
vn -0.9593 -0.2788 0.0455
vn -0.8911 -0.4509 0.0521
vn -0.7475 -0.6613 0.0626
vn -0.4582 -0.8856 0.0753
vn -0.4630 -0.8799 0.1065
vn -0.0000 -0.9966 0.0820
vn 0.0000 -0.9932 0.1163
vn 0.4582 -0.8856 0.0753
vn 0.4630 -0.8799 0.1065
vn 0.7475 -0.6613 0.0626
vn 0.7469 -0.6369 -0.1908
vn 0.8911 -0.4509 0.0521
vn 0.8860 -0.4344 -0.1621
vn 0.9593 -0.2788 0.0455
vn 0.9523 -0.2691 -0.1442
vn 0.9902 -0.1332 0.0420
vn 0.9825 -0.1288 -0.1345
vn 0.9992 -0.0000 0.0408
vn 0.9913 -0.0000 -0.1315
vn 0.9902 0.1332 0.0420
vn 0.9593 0.2788 0.0455
vn 0.8911 0.4509 0.0521
vn 0.7475 0.6613 0.0626
vn 0.4582 0.8856 0.0753
vn 0.4630 0.8799 0.1065
vn 0.0000 0.9966 0.0820
vn 0.0000 0.9932 0.1163
vn -0.4356 0.8606 -0.2640
vn -0.4608 0.8875 0.0000
vn 0.0000 1.0000 0.0000
vn -0.7222 0.6521 -0.2308
vn -0.7500 0.6615 0.0000
vn -0.8712 0.4491 -0.1982
vn -0.8545 0.4428 0.2717
vn -0.9441 0.2792 -0.1752
vn -0.9297 0.2765 0.2433
vn -0.9776 0.1338 -0.1622
vn -0.9649 0.1328 0.2266
vn -0.7500 -0.6615 0.0000
vn -0.4608 -0.8875 0.0000
vn 0.0000 -1.0000 0.0000
vn 0.4608 -0.8875 0.0000
vn 0.7222 -0.6521 -0.2308
vn 0.7500 -0.6615 0.0000
vn 0.8712 -0.4491 -0.1982
vn 0.8545 -0.4428 0.2717
vn 0.9441 -0.2792 -0.1752
vn 0.9297 -0.2765 0.2433
vn 0.9776 -0.1338 -0.1622
vn 0.9649 -0.1328 0.2266
vn 0.9874 0.0000 -0.1581
vn 0.9752 0.0000 0.2212
vn 0.7500 0.6615 0.0000
vn 0.4608 0.8875 0.0000
vn 0.9649 0.1328 -0.2266
vn 0.9874 0.0000 0.1581
vn 0.9752 0.0000 -0.2212
vn 0.9776 -0.1338 0.1622
vn 0.9649 -0.1328 -0.2266
vn 0.9441 -0.2792 0.1752
vn 0.9297 -0.2765 -0.2433
vn 0.8712 -0.4491 0.1982
vn 0.8545 -0.4428 -0.2717
vn 0.7222 -0.6521 0.2308
vn -0.9752 0.0000 -0.2212
vn -0.9776 0.1338 0.1622
vn -0.9649 0.1328 -0.2266
vn -0.9441 0.2792 0.1752
vn -0.9297 0.2765 -0.2433
vn -0.8712 0.4491 0.1982
vn -0.8545 0.4428 -0.2717
vn -0.7222 0.6521 0.2308
vn -0.4356 0.8606 0.2640
vn 0.6278 -0.5127 0.5857
vn 0.5810 -0.5466 0.6031
vn -0.3704 0.6518 0.6618
vn -0.3226 0.6677 0.6708
vn 0.7741 -0.3654 -0.5170
vn -0.6278 0.5127 -0.5857
vn -0.5810 0.5466 -0.6031
vn 0.7741 -0.3654 0.5170
vn -0.6278 0.5127 0.5857
vn -0.5810 0.5466 0.6031
vn 0.8516 -0.2323 -0.4699
vn -0.7741 0.3654 -0.5170
vn 0.8516 -0.2323 0.4699
vn -0.7741 0.3654 0.5170
vn 0.8892 -0.1126 -0.4435
vn -0.8516 0.2323 -0.4699
vn 0.8892 -0.1126 0.4435
vn -0.8516 0.2323 0.4699
vn 0.9004 0.0000 -0.4350
vn -0.8892 0.1126 -0.4435
vn 0.9004 0.0000 0.4350
vn -0.4157 0.7471 0.5187
vn -0.8892 0.1126 0.4435
vn 0.8892 0.1126 -0.4435
vn -0.4157 0.7471 -0.5187
vn -0.9004 0.0000 -0.4350
vn -0.4589 0.8885 -0.0000
vn -0.7485 0.6631 -0.0000
vn -0.8921 0.4519 -0.0000
vn -0.9602 0.2793 0.0000
vn -0.9911 0.1335 -0.0000
vn -1.0000 -0.0000 -0.0000
vn -0.9911 -0.1335 -0.0000
vn -0.9602 -0.2793 -0.0000
vn -0.8921 -0.4519 0.0000
vn -0.7485 -0.6631 -0.0000
vn -0.4589 -0.8885 -0.0000
vn 0.4589 -0.8885 -0.0000
vn 0.7485 -0.6631 -0.0000
vn 0.8921 -0.4519 0.0000
vn 0.9602 -0.2793 0.0000
vn 0.9911 -0.1335 0.0000
vn 1.0000 -0.0000 -0.0000
vn 0.9911 0.1335 -0.0000
vn 0.9602 0.2793 0.0000
vn 0.8921 0.4519 0.0000
vn 0.7485 0.6631 -0.0000
vn 0.4589 0.8885 0.0000
usemtl None
s 1
f 867/1021/872 820/1022/872 823/1023/872 825/1024/872 827/1025/872 829/1026/872 831/1027/872 833/1028/872 835/1029/872 837/1030/872 839/1031/872 841/1032/872 843/1033/872 845/1034/872 847/1035/872 849/1036/872 851/1037/872 853/1038/872 855/1039/872 857/1040/872 859/1041/872 861/1042/872 863/1043/872 865/1044/872
f 866/1045/873 864/1046/873 862/1047/873 860/1048/873 858/1049/873 856/1050/873 854/1051/873 852/1052/873 850/1053/873 848/1054/873 846/1055/873 844/1056/873 842/1057/873 840/1058/873 838/1059/873 836/1060/873 834/1061/873 832/1062/873 830/1063/873 828/1064/873 826/1065/873 824/1066/873 822/1067/873 821/1068/873
f 878/1069/874 876/1070/875 992/1071/876 993/1072/877
f 820/1073/878 867/1021/879 963/1074/880 964/1075/878
f 904/1076/881 902/1077/882 1005/1078/883 1006/1079/884
f 843/1033/885 841/1032/886 937/1080/887 939/1081/888
f 877/1082/889 879/1083/890 926/1084/891 924/1085/892
f 903/1086/893 905/1087/894 952/1088/895 950/1089/896
f 842/1057/897 844/1056/898 976/1090/898 977/1091/899
f 876/1070/875 874/1092/900 991/1093/901 992/1071/876
f 902/1077/882 900/1094/902 1004/1095/903 1005/1078/883
f 845/1034/904 843/1033/885 939/1081/888 941/1096/904
f 875/1097/905 877/1082/889 924/1085/892 922/1098/906
f 901/1099/907 903/1086/893 950/1089/896 948/1100/908
f 844/1056/898 846/1055/909 975/1101/910 976/1090/898
f 874/1092/900 872/1102/911 990/1103/912 991/1093/901
f 900/1094/902 898/1104/913 1003/1105/914 1004/1095/903
f 847/1035/915 845/1034/904 941/1096/904 943/1106/916
f 873/1107/917 875/1097/905 922/1098/906 920/1108/918
f 899/1109/919 901/1099/907 948/1100/908 946/1110/920
f 846/1055/909 848/1054/921 974/1111/922 975/1101/910
f 821/1068/923 822/1067/924 987/1112/925 917/1113/923
f 872/1102/911 870/1114/926 989/1115/927 990/1103/912
f 898/1104/913 896/1116/928 1002/1117/929 1003/1105/914
f 849/1036/930 847/1035/915 943/1106/916 945/1118/931
f 823/1023/932 820/1022/878 964/1119/878 919/1120/933
f 871/1121/934 873/1107/917 920/1108/918 918/1122/935
f 915/1123/936 1081/1124/937 1013/1125/938 868/1126/939
f 897/1127/940 899/1109/919 946/1110/920 944/1128/941
f 873/1107/917 1018/1129/942 1021/1130/943 875/1097/905
f 848/1054/921 850/1053/944 973/1131/945 974/1111/922
f 875/1097/905 1021/1130/943 1024/1132/946 877/1082/889
f 822/1067/924 824/1066/947 986/1133/948 987/1112/925
f 877/1082/889 1024/1132/946 1027/1134/949 879/1083/890
f 870/1114/926 869/1135/950 916/1136/950 989/1115/927
f 879/1083/890 1027/1134/949 1030/1137/951 881/1138/952
f 896/1116/928 894/1139/953 1001/1140/954 1002/1117/929
f 881/1138/952 1030/1137/951 1033/1141/955 883/1142/956
f 851/1037/957 849/1036/930 945/1118/931 947/1143/958
f 883/1142/956 1033/1141/955 1036/1144/959 885/1145/960
f 825/1024/961 823/1023/932 919/1120/933 921/1146/962
f 885/1145/960 1036/1144/959 1039/1147/963 887/1148/964
f 868/1149/965 871/1121/934 918/1122/935 988/1150/965
f 887/1148/964 1039/1147/963 1042/1151/966 889/1152/967
f 895/1153/968 897/1127/940 944/1128/941 942/1154/969
f 889/1152/967 1042/1151/966 1045/1155/970 891/1156/971
f 850/1053/944 852/1052/972 972/1157/973 973/1131/945
f 891/1156/971 1045/1155/970 1048/1158/974 893/1159/975
f 824/1066/947 826/1065/976 985/1160/977 986/1133/948
f 893/1159/975 1048/1158/974 1051/1161/978 895/1153/979
f 894/1139/953 892/1162/980 1000/1163/980 1001/1140/954
f 895/1153/979 1051/1161/978 1054/1164/981 897/1127/940
f 853/1038/982 851/1037/957 947/1143/958 949/1165/983
f 897/1127/940 1054/1164/981 1057/1166/984 899/1109/919
f 827/1025/985 825/1024/961 921/1146/962 923/1167/986
f 899/1109/919 1057/1166/984 1060/1168/987 901/1099/907
f 893/1159/988 895/1153/968 942/1154/969 940/1169/988
f 901/1099/907 1060/1168/987 1063/1170/989 903/1086/893
f 852/1052/972 854/1051/990 971/1171/991 972/1157/973
f 903/1086/893 1063/1170/989 1066/1172/992 905/1087/894
f 826/1065/976 828/1064/993 984/1173/994 985/1160/977
f 905/1087/894 1066/1172/992 1069/1174/995 907/1175/996
f 892/1162/980 890/1176/997 999/1177/998 1000/1163/980
f 907/1175/996 1069/1174/995 1072/1178/999 909/1179/1000
f 855/1039/1001 853/1038/982 949/1165/983 951/1180/1002
f 909/1179/1000 1072/1178/999 1075/1181/1003 911/1182/1004
f 829/1026/1005 827/1025/985 923/1167/986 925/1183/1006
f 911/1182/1004 1075/1181/1003 1078/1184/1007 913/1185/1008
f 891/1156/1009 893/1159/988 940/1169/988 938/1186/1010
f 913/1185/1008 1078/1184/1007 1081/1124/937 915/1123/936
f 854/1051/990 856/1050/1011 970/1187/1012 971/1171/991
f 828/1064/993 830/1063/1013 983/1188/1014 984/1173/994
f 868/1149/939 1013/1189/938 1015/1190/1015 871/1121/1016
f 871/1121/1016 1015/1190/1015 1018/1129/942 873/1107/917
f 1079/1191/1017 912/1192/1018 914/1193/1019 1082/1194/1020
f 1076/1195/1021 910/1196/1022 912/1192/1018 1079/1191/1017
f 1073/1197/1023 908/1198/1024 910/1196/1022 1076/1195/1021
f 1070/1199/1025 906/1200/1026 908/1198/1024 1073/1197/1023
f 1067/1201/1027 904/1076/881 906/1200/1026 1070/1199/1025
f 1064/1202/1028 902/1077/882 904/1076/881 1067/1201/1027
f 1061/1203/1029 900/1094/902 902/1077/882 1064/1202/1028
f 1058/1204/1030 898/1104/913 900/1094/902 1061/1203/1029
f 1055/1205/1031 896/1116/928 898/1104/913 1058/1204/1030
f 1052/1206/1032 894/1139/1033 896/1116/928 1055/1205/1031
f 1049/1207/1034 892/1162/1035 894/1139/1033 1052/1206/1032
f 1046/1208/1036 890/1176/1037 892/1162/1035 1049/1207/1034
f 1043/1209/1038 888/1210/1039 890/1176/1037 1046/1208/1036
f 1040/1211/1040 886/1212/1041 888/1210/1039 1043/1209/1038
f 1037/1213/1042 884/1214/1043 886/1212/1041 1040/1211/1040
f 1034/1215/1044 882/1216/1045 884/1214/1043 1037/1213/1042
f 1031/1217/1046 880/1218/1047 882/1216/1045 1034/1215/1044
f 1028/1219/1048 878/1069/874 880/1218/1047 1031/1217/1046
f 1025/1220/1049 876/1070/875 878/1069/874 1028/1219/1048
f 1022/1221/1050 874/1092/900 876/1070/875 1025/1220/1049
f 1019/1222/1051 872/1102/911 874/1092/900 1022/1221/1050
f 1016/1223/1052 870/1114/1053 872/1102/911 1019/1222/1051
f 1012/1224/1054 869/1135/1055 870/1114/1053 1016/1223/1052
f 1011/1225/1056 965/1226/1057 917/1227/1058 916/1228/1058
f 1010/1229/1059 966/1230/1060 965/1226/1057 1011/1225/1056
f 1009/1231/1061 967/1232/1062 966/1230/1060 1010/1229/1059
f 1008/1233/1063 968/1234/1064 967/1232/1062 1009/1231/1061
f 1007/1235/1065 969/1236/1066 968/1234/1064 1008/1233/1063
f 1006/1079/884 970/1187/1012 969/1236/1066 1007/1235/1065
f 1005/1078/883 971/1171/991 970/1187/1012 1006/1079/884
f 1004/1095/903 972/1157/973 971/1171/991 1005/1078/883
f 1003/1105/914 973/1131/945 972/1157/973 1004/1095/903
f 1002/1117/929 974/1111/1067 973/1131/945 1003/1105/914
f 1001/1140/954 975/1101/1068 974/1111/1067 1002/1117/929
f 1000/1163/1069 976/1090/1069 975/1101/1068 1001/1140/954
f 999/1177/998 977/1091/1070 976/1090/1069 1000/1163/1069
f 998/1237/1071 978/1238/1072 977/1091/1070 999/1177/998
f 997/1239/1073 979/1240/1074 978/1238/1072 998/1237/1071
f 996/1241/1075 980/1242/1076 979/1240/1074 997/1239/1073
f 995/1243/1077 981/1244/1078 980/1242/1076 996/1241/1075
f 994/1245/1079 982/1246/1080 981/1244/1078 995/1243/1077
f 993/1072/877 983/1188/1014 982/1246/1080 994/1245/1079
f 992/1071/876 984/1173/994 983/1188/1014 993/1072/877
f 991/1093/901 985/1160/977 984/1173/994 992/1071/876
f 990/1103/912 986/1133/1081 985/1160/977 991/1093/901
f 989/1115/927 987/1112/1082 986/1133/1081 990/1103/912
f 916/1136/1058 917/1113/1058 987/1112/1082 989/1115/927
f 964/1119/1058 988/1150/1058 918/1122/935 919/1120/1082
f 919/1120/1082 918/1122/935 920/1108/918 921/1146/1081
f 921/1146/1081 920/1108/918 922/1098/906 923/1167/986
f 923/1167/986 922/1098/906 924/1085/892 925/1183/1006
f 925/1183/1006 924/1085/892 926/1084/891 927/1247/1083
f 927/1247/1083 926/1084/891 928/1248/1084 929/1249/1085
f 929/1249/1085 928/1248/1084 930/1250/1086 931/1251/1087
f 931/1251/1087 930/1250/1086 932/1252/1088 933/1253/1089
f 933/1253/1089 932/1252/1088 934/1254/1090 935/1255/1091
f 935/1255/1091 934/1254/1090 936/1256/1092 937/1080/1072
f 937/1080/1072 936/1256/1092 938/1186/1010 939/1081/1070
f 939/1081/1070 938/1186/1010 940/1169/1069 941/1096/1069
f 941/1096/1069 940/1169/1069 942/1154/969 943/1106/1068
f 943/1106/1068 942/1154/969 944/1128/941 945/1118/1067
f 945/1118/1067 944/1128/941 946/1110/920 947/1143/958
f 947/1143/958 946/1110/920 948/1100/908 949/1165/983
f 949/1165/983 948/1100/908 950/1089/896 951/1180/1002
f 951/1180/1002 950/1089/896 952/1088/895 953/1257/1093
f 953/1257/1093 952/1088/895 954/1258/1094 955/1259/1095
f 955/1259/1095 954/1258/1094 956/1260/1096 957/1261/1097
f 957/1261/1097 956/1260/1096 958/1262/1098 959/1263/1099
f 959/1263/1099 958/1262/1098 960/1264/1100 961/1265/1060
f 961/1265/1060 960/1264/1100 962/1266/1101 963/1074/1057
f 963/1074/1057 962/1266/1101 988/1267/1058 964/1075/1058
f 840/1058/1102 842/1057/897 977/1091/899 978/1238/1103
f 905/1087/894 907/1175/996 954/1258/1094 952/1088/895
f 866/1045/1104 821/1268/923 917/1227/923 965/1226/1105
f 879/1083/890 881/1138/952 928/1248/1084 926/1084/891
f 841/1032/886 839/1031/1106 935/1255/1091 937/1080/887
f 906/1200/1026 904/1076/881 1006/1079/884 1007/1235/1065
f 867/1021/879 865/1044/1107 961/1265/1108 963/1074/880
f 880/1218/1047 878/1069/874 993/1072/877 994/1245/1079
f 838/1059/1109 840/1058/1102 978/1238/1103 979/1240/1074
f 907/1175/996 909/1179/1000 956/1260/1096 954/1258/1094
f 864/1046/1110 866/1045/1104 965/1226/1105 966/1230/1111
f 881/1138/952 883/1142/956 930/1250/1086 928/1248/1084
f 839/1031/1106 837/1030/1112 933/1253/1089 935/1255/1091
f 908/1198/1024 906/1200/1026 1007/1235/1065 1008/1233/1063
f 865/1044/1107 863/1043/1113 959/1263/1099 961/1265/1108
f 882/1216/1045 880/1218/1047 994/1245/1079 995/1243/1077
f 836/1060/1114 838/1059/1109 979/1240/1074 980/1242/1076
f 909/1179/1000 911/1182/1004 958/1262/1098 956/1260/1096
f 862/1047/1115 864/1046/1110 966/1230/1111 967/1232/1062
f 883/1142/956 885/1145/960 932/1252/1088 930/1250/1086
f 837/1030/1112 835/1029/1116 931/1251/1087 933/1253/1089
f 910/1196/1022 908/1198/1024 1008/1233/1063 1009/1231/1061
f 863/1043/1113 861/1042/1117 957/1261/1097 959/1263/1099
f 884/1214/1043 882/1216/1045 995/1243/1077 996/1241/1075
f 834/1061/1118 836/1060/1114 980/1242/1076 981/1244/1078
f 911/1182/1004 913/1185/1008 960/1264/1100 958/1262/1098
f 860/1048/1119 862/1047/1115 967/1232/1062 968/1234/1064
f 885/1145/960 887/1148/964 934/1254/1090 932/1252/1088
f 835/1029/1116 833/1028/1120 929/1249/1085 931/1251/1087
f 912/1192/1018 910/1196/1022 1009/1231/1061 1010/1229/1059
f 861/1042/1117 859/1041/1121 955/1259/1095 957/1261/1097
f 886/1212/1041 884/1214/1043 996/1241/1075 997/1239/1073
f 832/1062/1122 834/1061/1118 981/1244/1078 982/1246/1080
f 913/1185/1008 915/1123/1123 962/1266/1101 960/1264/1100
f 858/1049/1124 860/1048/1119 968/1234/1064 969/1236/1066
f 887/1148/964 889/1152/967 936/1256/1092 934/1254/1090
f 833/1028/1120 831/1027/1125 927/1247/1083 929/1249/1085
f 914/1193/1126 912/1192/1018 1010/1229/1059 1011/1225/1056
f 859/1041/1121 857/1040/1127 953/1257/1093 955/1259/1095
f 888/1210/1039 886/1212/1041 997/1239/1073 998/1237/1071
f 830/1063/1013 832/1062/1122 982/1246/1080 983/1188/1014
f 915/1123/1123 868/1126/965 988/1267/965 962/1266/1101
f 856/1050/1011 858/1049/1124 969/1236/1066 970/1187/1012
f 889/1152/967 891/1156/1009 938/1186/1010 936/1256/1092
f 831/1027/1125 829/1026/1005 925/1183/1006 927/1247/1083
f 869/1269/950 914/1193/1126 1011/1225/1056 916/1228/950
f 857/1040/1127 855/1039/1001 951/1180/1002 953/1257/1093
f 890/1176/997 888/1210/1039 998/1237/1071 999/1177/998
f 1082/1194/1020 1012/1270/1054 1014/1271/1058 1083/1272/1128
f 1083/1272/1128 1014/1271/1058 1013/1125/938 1081/1124/937
f 1079/1191/1017 1082/1194/1020 1083/1272/1128 1080/1273/1129
f 1080/1273/1129 1083/1272/1128 1081/1124/937 1078/1184/1007
f 1076/1195/1021 1079/1191/1017 1080/1273/1129 1077/1274/1130
f 1077/1274/1130 1080/1273/1129 1078/1184/1007 1075/1181/1003
f 1073/1197/1023 1076/1195/1021 1077/1274/1130 1074/1275/1131
f 1074/1275/1131 1077/1274/1130 1075/1181/1003 1072/1178/999
f 1070/1199/1025 1073/1197/1023 1074/1275/1131 1071/1276/1132
f 1071/1276/1132 1074/1275/1131 1072/1178/999 1069/1174/995
f 1067/1201/1027 1070/1199/1025 1071/1276/1132 1068/1277/1133
f 1068/1277/1133 1071/1276/1132 1069/1174/995 1066/1172/992
f 1064/1202/1028 1067/1201/1027 1068/1277/1133 1065/1278/1134
f 1065/1278/1134 1068/1277/1133 1066/1172/992 1063/1170/989
f 1061/1203/1029 1064/1202/1028 1065/1278/1134 1062/1279/1135
f 1062/1279/1135 1065/1278/1134 1063/1170/989 1060/1168/987
f 1058/1204/1030 1061/1203/1029 1062/1279/1135 1059/1280/1136
f 1059/1280/1136 1062/1279/1135 1060/1168/987 1057/1166/984
f 1055/1205/1031 1058/1204/1030 1059/1280/1136 1056/1281/1137
f 1056/1281/1137 1059/1280/1136 1057/1166/984 1054/1164/981
f 1052/1206/1032 1055/1205/1031 1056/1281/1137 1053/1282/1138
f 1053/1282/1138 1056/1281/1137 1054/1164/981 1051/1161/978
f 1049/1207/1034 1052/1206/1032 1053/1282/1138 1050/1283/1069
f 1050/1283/1069 1053/1282/1138 1051/1161/978 1048/1158/974
f 1046/1208/1036 1049/1207/1034 1050/1283/1069 1047/1284/1139
f 1047/1284/1139 1050/1283/1069 1048/1158/974 1045/1155/970
f 1043/1209/1038 1046/1208/1036 1047/1284/1139 1044/1285/1140
f 1044/1285/1140 1047/1284/1139 1045/1155/970 1042/1151/966
f 1040/1211/1040 1043/1209/1038 1044/1285/1140 1041/1286/1141
f 1041/1286/1141 1044/1285/1140 1042/1151/966 1039/1147/963
f 1037/1213/1042 1040/1211/1040 1041/1286/1141 1038/1287/1142
f 1038/1287/1142 1041/1286/1141 1039/1147/963 1036/1144/959
f 1034/1215/1044 1037/1213/1042 1038/1287/1142 1035/1288/1143
f 1035/1288/1143 1038/1287/1142 1036/1144/959 1033/1141/955
f 1031/1217/1046 1034/1215/1044 1035/1288/1143 1032/1289/1144
f 1032/1289/1144 1035/1288/1143 1033/1141/955 1030/1137/951
f 1028/1219/1048 1031/1217/1046 1032/1289/1144 1029/1290/1145
f 1029/1290/1145 1032/1289/1144 1030/1137/951 1027/1134/949
f 1025/1220/1049 1028/1219/1048 1029/1290/1145 1026/1291/1146
f 1026/1291/1146 1029/1290/1145 1027/1134/949 1024/1132/946
f 1022/1221/1050 1025/1220/1049 1026/1291/1146 1023/1292/1147
f 1023/1292/1147 1026/1291/1146 1024/1132/946 1021/1130/943
f 1019/1222/1051 1022/1221/1050 1023/1292/1147 1020/1293/1148
f 1020/1293/1148 1023/1292/1147 1021/1130/943 1018/1129/942
f 1016/1223/1052 1019/1222/1051 1020/1293/1148 1017/1294/1149
f 1017/1294/1149 1020/1293/1148 1018/1129/942 1015/1190/1015
f 1012/1224/1054 1016/1223/1052 1017/1294/1149 1014/1295/1058
f 1014/1295/1058 1017/1294/1149 1015/1190/1015 1013/1189/938
f 1082/1194/1020 914/1193/1019 869/1269/1055 1012/1270/1054
o RC-PoleL_BezierCurve.006
v -0.033049 6.563530 -0.674209
v -0.054130 6.564612 -0.695262
v -0.061846 6.566090 -0.724022
v -0.054130 6.567567 -0.752781
v -0.033049 6.568648 -0.773834
v -0.004252 6.569044 -0.781540
v 0.024545 6.568648 -0.773834
v 0.045627 6.567567 -0.752781
v 0.053343 6.566090 -0.724022
v 0.045627 6.564612 -0.695263
v 0.024546 6.563530 -0.674209
v -0.004252 6.563134 -0.666503
v -0.033048 3.362247 -0.683135
v -0.054129 3.362987 -0.704203
v -0.061846 3.363998 -0.732983
v -0.054129 3.365008 -0.761762
v -0.033048 3.365748 -0.782830
v -0.004251 3.366019 -0.790542
v 0.024546 3.365748 -0.782831
v 0.045627 3.365008 -0.761762
v 0.053343 3.363998 -0.732983
v 0.045627 3.362987 -0.704203
v 0.024546 3.362247 -0.683135
v -0.004251 3.361977 -0.675424
v -0.033048 3.306529 -0.685595
v -0.054129 3.307810 -0.706637
v -0.061846 3.309561 -0.735381
v -0.054129 3.311312 -0.764125
v -0.033048 3.312594 -0.785167
v -0.004251 3.313063 -0.792868
v 0.024546 3.312594 -0.785167
v 0.045627 3.311312 -0.764125
v 0.053343 3.309561 -0.735381
v 0.045627 3.307810 -0.706637
v 0.024546 3.306529 -0.685595
v -0.004251 3.306059 -0.677893
v -0.033048 3.252699 -0.689791
v -0.054129 3.254833 -0.710764
v -0.061846 3.257749 -0.739413
v -0.054129 3.260664 -0.768062
v -0.033048 3.262799 -0.789035
v -0.004251 3.263580 -0.796712
v 0.024546 3.262799 -0.789035
v 0.045627 3.260664 -0.768062
v 0.053343 3.257749 -0.739413
v 0.045627 3.254833 -0.710764
v 0.024546 3.252699 -0.689791
v -0.004251 3.251918 -0.682114
v -0.033048 3.198861 -0.696570
v -0.054129 3.202073 -0.717405
v -0.061846 3.206460 -0.745866
v -0.054129 3.210847 -0.774327
v -0.033048 3.214059 -0.795162
v -0.004251 3.215235 -0.802788
v 0.024546 3.214059 -0.795162
v 0.045627 3.210847 -0.774327
v 0.053343 3.206460 -0.745866
v 0.045627 3.202073 -0.717405
v 0.024546 3.198861 -0.696570
v -0.004251 3.197686 -0.688944
v -0.033048 3.143255 -0.706731
v -0.054129 3.147625 -0.727354
v -0.061846 3.153595 -0.755526
v -0.054129 3.159565 -0.783697
v -0.033048 3.163935 -0.804320
v -0.004251 3.165535 -0.811869
v 0.024546 3.163935 -0.804320
v 0.045627 3.159565 -0.783697
v 0.053343 3.153595 -0.755526
v 0.045627 3.147625 -0.727354
v 0.024546 3.143255 -0.706731
v -0.004251 3.141655 -0.699182
v -0.033048 3.084123 -0.721005
v -0.054129 3.089588 -0.741365
v -0.061846 3.097054 -0.769178
v -0.054129 3.104519 -0.796990
v -0.033048 3.109984 -0.817351
v -0.004251 3.111984 -0.824803
v 0.024546 3.109984 -0.817351
v 0.045627 3.104519 -0.796991
v 0.053343 3.097054 -0.769178
v 0.045627 3.089588 -0.741365
v 0.024546 3.084123 -0.721005
v -0.004251 3.082123 -0.713552
v -0.033048 3.019593 -0.740084
v -0.054129 3.025993 -0.760170
v -0.061846 3.034735 -0.787608
v -0.054129 3.043478 -0.815046
v -0.033048 3.049878 -0.835132
v -0.004251 3.052221 -0.842484
v 0.024546 3.049878 -0.835132
v 0.045627 3.043478 -0.815046
v 0.053343 3.034735 -0.787608
v 0.045627 3.025993 -0.760170
v 0.024546 3.019593 -0.740084
v -0.004251 3.017250 -0.732732
v -0.033048 2.947643 -0.764674
v -0.054129 2.954785 -0.784508
v -0.061846 2.964540 -0.811603
v -0.054129 2.974296 -0.838697
v -0.033048 2.981437 -0.858532
v -0.004251 2.984051 -0.865792
v 0.024546 2.981437 -0.858532
v 0.045627 2.974296 -0.838697
v 0.053343 2.964540 -0.811603
v 0.045627 2.954785 -0.784508
v 0.024546 2.947643 -0.764674
v -0.004251 2.945029 -0.757414
v -0.033048 2.866954 -0.795208
v -0.054129 2.874314 -0.814963
v -0.061846 2.884368 -0.841948
v -0.054129 2.894423 -0.868933
v -0.033048 2.901783 -0.888687
v -0.004251 2.904477 -0.895918
v 0.024546 2.901783 -0.888687
v 0.045627 2.894423 -0.868933
v 0.053343 2.884368 -0.841948
v 0.045627 2.874315 -0.814963
v 0.024546 2.866954 -0.795208
v -0.004251 2.864260 -0.787978
v -0.033048 2.786198 -0.824840
v -0.054129 2.792906 -0.844825
v -0.061846 2.802071 -0.872125
v -0.054129 2.811235 -0.899425
v -0.033048 2.817943 -0.919410
v -0.004251 2.820399 -0.926725
v 0.024546 2.817943 -0.919410
v 0.045627 2.811235 -0.899425
v 0.053343 2.802071 -0.872125
v 0.045627 2.792906 -0.844825
v 0.024546 2.786198 -0.824840
v -0.004251 2.783742 -0.817525
v -0.033048 2.712104 -0.847464
v -0.054129 2.717612 -0.867812
v -0.061846 2.725137 -0.895609
v -0.054129 2.732661 -0.923406
v -0.033048 2.738169 -0.943755
v -0.004251 2.740185 -0.951203
v 0.024546 2.738169 -0.943755
v 0.045627 2.732661 -0.923406
v 0.053343 2.725137 -0.895609
v 0.045627 2.717612 -0.867813
v 0.024546 2.712104 -0.847464
v -0.004251 2.710088 -0.840016
v -0.033048 2.641052 -0.864285
v -0.054129 2.645225 -0.884949
v -0.061846 2.650925 -0.913177
v -0.054129 2.656625 -0.941404
v -0.033048 2.660798 -0.962068
v -0.004251 2.662325 -0.969631
v 0.024546 2.660798 -0.962068
v 0.045627 2.656625 -0.941404
v 0.053343 2.650925 -0.913177
v 0.045627 2.645225 -0.884949
v 0.024546 2.641052 -0.864285
v -0.004251 2.639524 -0.856722
v -0.033048 2.570062 -0.876181
v -0.054129 2.572907 -0.897069
v -0.061846 2.576794 -0.925602
v -0.054129 2.580681 -0.954136
v -0.033048 2.583527 -0.975024
v -0.004251 2.584568 -0.982670
v 0.024546 2.583527 -0.975024
v 0.045627 2.580681 -0.954136
v 0.053343 2.576794 -0.925602
v 0.045627 2.572907 -0.897069
v 0.024546 2.570062 -0.876181
v -0.004251 2.569020 -0.868535
v -0.033048 2.496136 -0.883942
v -0.054129 2.497813 -0.904956
v -0.061846 2.500103 -0.933662
v -0.054129 2.502393 -0.962368
v -0.033048 2.504070 -0.983382
v -0.004251 2.504683 -0.991074
v 0.024546 2.504070 -0.983382
v 0.045627 2.502393 -0.962368
v 0.053343 2.500103 -0.933662
v 0.045627 2.497813 -0.904956
v 0.024546 2.496136 -0.883942
v -0.004251 2.495523 -0.876250
v -0.033048 2.416391 -0.888286
v -0.054129 2.417160 -0.909353
v -0.061846 2.418210 -0.938131
v -0.054129 2.419260 -0.966909
v -0.033048 2.420028 -0.987976
v -0.004251 2.420310 -0.995687
v 0.024546 2.420028 -0.987976
v 0.045627 2.419260 -0.966909
v 0.053343 2.418210 -0.938131
v 0.045627 2.417160 -0.909353
v 0.024546 2.416391 -0.888286
v -0.004251 2.416110 -0.880575
v -0.033048 2.328110 -0.889908
v -0.054129 2.328263 -0.910988
v -0.061846 2.328473 -0.939784
v -0.054129 2.328683 -0.968581
v -0.033048 2.328836 -0.989661
v -0.004251 2.328893 -0.997377
v 0.024546 2.328836 -0.989661
v 0.045627 2.328683 -0.968581
v 0.053343 2.328473 -0.939785
v 0.045627 2.328263 -0.910988
v 0.024546 2.328110 -0.889908
v -0.004251 2.328053 -0.882192
v -0.033048 0.988192 -0.883090
v -0.054129 0.988192 -0.904171
v -0.061845 0.988192 -0.932968
v -0.054129 0.988192 -0.961765
v -0.033048 0.988192 -0.982846
v -0.004251 0.988192 -0.990563
v 0.024546 0.988192 -0.982846
v 0.045627 0.988192 -0.961765
v 0.053343 0.988192 -0.932968
v 0.045627 0.988192 -0.904171
v 0.024546 0.988192 -0.883090
v -0.004251 0.988192 -0.875374
vt 0.000000 1.000000
vt 0.166667 1.000000
vt 0.166667 0.916667
vt 0.000000 0.916667
vt 0.000000 0.083333
vt 0.166667 0.083333
vt 0.166667 0.000000
vt 0.000000 0.000000
vt 0.000000 0.166667
vt 0.166667 0.166667
vt 0.000000 0.250000
vt 0.166667 0.250000
vt 0.000000 0.333333
vt 0.166667 0.333333
vt 0.000000 0.416667
vt 0.166667 0.416667
vt 0.000000 0.500000
vt 0.166667 0.500000
vt 0.000000 0.583333
vt 0.166667 0.583333
vt 0.000000 0.666667
vt 0.166667 0.666667
vt 0.000000 0.750000
vt 0.166667 0.750000
vt 0.000000 0.833333
vt 0.166667 0.833333
vt 0.208333 1.000000
vt 0.208333 0.916667
vt 0.208333 0.083333
vt 0.208333 0.000000
vt 0.208333 0.166667
vt 0.208333 0.250000
vt 0.208333 0.333333
vt 0.208333 0.416667
vt 0.208333 0.500000
vt 0.208333 0.583333
vt 0.208333 0.666667
vt 0.208333 0.750000
vt 0.208333 0.833333
vt 0.250000 1.000000
vt 0.250000 0.916667
vt 0.250000 0.083333
vt 0.250000 0.000000
vt 0.250000 0.166667
vt 0.250000 0.250000
vt 0.250000 0.333333
vt 0.250000 0.416667
vt 0.250000 0.500000
vt 0.250000 0.583333
vt 0.250000 0.666667
vt 0.250000 0.750000
vt 0.250000 0.833333
vt 0.291667 1.000000
vt 0.291667 0.916667
vt 0.291667 0.083333
vt 0.291667 0.000000
vt 0.291667 0.166667
vt 0.291667 0.250000
vt 0.291667 0.333333
vt 0.291667 0.416667
vt 0.291667 0.500000
vt 0.291667 0.583333
vt 0.291667 0.666667
vt 0.291667 0.750000
vt 0.291667 0.833333
vt 0.333333 1.000000
vt 0.333333 0.916667
vt 0.333333 0.083333
vt 0.333333 0.000000
vt 0.333333 0.166667
vt 0.333333 0.250000
vt 0.333333 0.333333
vt 0.333333 0.416667
vt 0.333333 0.500000
vt 0.333333 0.583333
vt 0.333333 0.666667
vt 0.333333 0.750000
vt 0.333333 0.833333
vt 0.375000 1.000000
vt 0.375000 0.916667
vt 0.375000 0.083333
vt 0.375000 0.000000
vt 0.375000 0.166667
vt 0.375000 0.250000
vt 0.375000 0.333333
vt 0.375000 0.416667
vt 0.375000 0.500000
vt 0.375000 0.583333
vt 0.375000 0.666667
vt 0.375000 0.750000
vt 0.375000 0.833333
vt 0.416667 1.000000
vt 0.416667 0.916667
vt 0.416667 0.083333
vt 0.416667 0.000000
vt 0.416667 0.166667
vt 0.416667 0.250000
vt 0.416667 0.333333
vt 0.416667 0.416667
vt 0.416667 0.500000
vt 0.416667 0.583333
vt 0.416667 0.666667
vt 0.416667 0.750000
vt 0.416667 0.833333
vt 0.458333 1.000000
vt 0.458333 0.916667
vt 0.458333 0.083333
vt 0.458333 0.000000
vt 0.458333 0.166667
vt 0.458333 0.250000
vt 0.458333 0.333333
vt 0.458333 0.416667
vt 0.458333 0.500000
vt 0.458333 0.583333
vt 0.458333 0.666667
vt 0.458333 0.750000
vt 0.458333 0.833333
vt 0.500000 1.000000
vt 0.500000 0.916667
vt 0.500000 0.083333
vt 0.500000 0.000000
vt 0.500000 0.166667
vt 0.500000 0.250000
vt 0.500000 0.333333
vt 0.500000 0.416667
vt 0.500000 0.500000
vt 0.500000 0.583333
vt 0.500000 0.666667
vt 0.500000 0.750000
vt 0.500000 0.833333
vt 0.541667 1.000000
vt 0.541667 0.916667
vt 0.541667 0.083333
vt 0.541667 0.000000
vt 0.541667 0.166667
vt 0.541667 0.250000
vt 0.541667 0.333333
vt 0.541667 0.416667
vt 0.541667 0.500000
vt 0.541667 0.583333
vt 0.541667 0.666667
vt 0.541667 0.750000
vt 0.541667 0.833333
vt 0.583333 1.000000
vt 0.583333 0.916667
vt 0.583333 0.083333
vt 0.583333 0.000000
vt 0.583333 0.166667
vt 0.583333 0.250000
vt 0.583333 0.333333
vt 0.583333 0.416667
vt 0.583333 0.500000
vt 0.583333 0.583333
vt 0.583333 0.666667
vt 0.583333 0.750000
vt 0.583333 0.833333
vt 0.625000 1.000000
vt 0.625000 0.916667
vt 0.625000 0.083333
vt 0.625000 0.000000
vt 0.625000 0.166667
vt 0.625000 0.250000
vt 0.625000 0.333333
vt 0.625000 0.416667
vt 0.625000 0.500000
vt 0.625000 0.583333
vt 0.625000 0.666667
vt 0.625000 0.750000
vt 0.625000 0.833333
vt 0.666667 1.000000
vt 0.666667 0.916667
vt 0.666667 0.083333
vt 0.666667 0.000000
vt 0.666667 0.166667
vt 0.666667 0.250000
vt 0.666667 0.333333
vt 0.666667 0.416667
vt 0.666667 0.500000
vt 0.666667 0.583333
vt 0.666667 0.666667
vt 0.666667 0.750000
vt 0.666667 0.833333
vt 0.708333 1.000000
vt 0.708333 0.916667
vt 0.708333 0.083333
vt 0.708333 0.000000
vt 0.708333 0.166667
vt 0.708333 0.250000
vt 0.708333 0.333333
vt 0.708333 0.416667
vt 0.708333 0.500000
vt 0.708333 0.583333
vt 0.708333 0.666667
vt 0.708333 0.750000
vt 0.708333 0.833333
vt 0.750000 1.000000
vt 0.750000 0.916667
vt 0.750000 0.083333
vt 0.750000 0.000000
vt 0.750000 0.166667
vt 0.750000 0.250000
vt 0.750000 0.333333
vt 0.750000 0.416667
vt 0.750000 0.500000
vt 0.750000 0.583333
vt 0.750000 0.666667
vt 0.750000 0.750000
vt 0.750000 0.833333
vt 0.791667 1.000000
vt 0.791667 0.916667
vt 0.791667 0.083333
vt 0.791667 0.000000
vt 0.791667 0.166667
vt 0.791667 0.250000
vt 0.791667 0.333333
vt 0.791667 0.416667
vt 0.791667 0.500000
vt 0.791667 0.583333
vt 0.791667 0.666667
vt 0.791667 0.750000
vt 0.791667 0.833333
vt 1.000000 1.000000
vt 1.000000 0.916667
vt 1.000000 0.083333
vt 1.000000 0.000000
vt 1.000000 0.166667
vt 1.000000 0.250000
vt 1.000000 0.333333
vt 1.000000 0.416667
vt 1.000000 0.500000
vt 1.000000 0.583333
vt 1.000000 0.666667
vt 1.000000 0.750000
vt 1.000000 0.833333
vn -0.5031 -0.0024 0.8642
vn -0.4984 -0.0203 0.8667
vn 0.0000 -0.0235 0.9997
vn 0.0000 -0.0028 1.0000
vn -0.8693 -0.0014 0.4943
vn -0.8645 -0.0117 0.5025
vn -0.9999 0.0000 -0.0080
vn -1.0000 -0.0000 0.0034
vn -0.8624 0.0014 -0.5063
vn -0.8674 0.0116 -0.4974
vn -0.4962 0.0024 -0.8682
vn -0.5014 0.0202 -0.8650
vn 0.0000 0.0028 -1.0000
vn 0.0000 0.0233 -0.9997
vn 0.4962 0.0024 -0.8682
vn 0.5014 0.0202 -0.8650
vn 0.8624 0.0014 -0.5063
vn 0.8674 0.0116 -0.4974
vn 0.9999 0.0000 -0.0080
vn 1.0000 -0.0000 0.0034
vn 0.8693 -0.0014 0.4943
vn 0.8645 -0.0117 0.5025
vn 0.5032 -0.0024 0.8642
vn 0.4984 -0.0203 0.8667
vn -0.4988 -0.0528 0.8651
vn 0.0000 -0.0609 0.9981
vn -0.8648 -0.0305 0.5011
vn -1.0000 -0.0002 0.0027
vn -0.8672 0.0302 -0.4970
vn -0.5012 0.0525 -0.8637
vn 0.0000 0.0607 -0.9981
vn 0.5012 0.0525 -0.8637
vn 0.8672 0.0302 -0.4970
vn 1.0000 -0.0002 0.0027
vn 0.8648 -0.0305 0.5011
vn 0.4988 -0.0528 0.8651
vn -0.4983 -0.0879 0.8625
vn 0.0000 -0.1014 0.9948
vn -0.8643 -0.0509 0.5003
vn -1.0000 -0.0004 0.0039
vn -0.8677 0.0503 -0.4945
vn -0.5017 0.0875 -0.8606
vn 0.0000 0.1011 -0.9949
vn 0.5017 0.0875 -0.8606
vn 0.8677 0.0503 -0.4945
vn 1.0000 -0.0004 0.0039
vn 0.8643 -0.0509 0.5003
vn 0.4983 -0.0879 0.8625
vn -0.4980 -0.1321 0.8570
vn 0.0000 -0.1524 0.9883
vn -0.8640 -0.0767 0.4975
vn -1.0000 -0.0007 0.0045
vn -0.8680 0.0756 -0.4907
vn -0.5020 0.1317 -0.8548
vn 0.0000 0.1523 -0.9883
vn 0.5020 0.1317 -0.8548
vn 0.8680 0.0756 -0.4907
vn 1.0000 -0.0007 0.0045
vn 0.8640 -0.0767 0.4975
vn 0.4980 -0.1321 0.8570
vn -0.4980 -0.1797 0.8483
vn 0.0000 -0.2073 0.9783
vn -0.8640 -0.1043 0.4925
vn -1.0000 -0.0009 0.0045
vn -0.8680 0.1029 -0.4857
vn -0.5020 0.1793 -0.8460
vn 0.0000 0.2073 -0.9782
vn 0.5020 0.1793 -0.8460
vn 0.8680 0.1029 -0.4857
vn 1.0000 -0.0009 0.0045
vn 0.8640 -0.1043 0.4925
vn 0.4980 -0.1797 0.8483
vn -0.4982 -0.2247 0.8374
vn 0.0000 -0.2592 0.9658
vn -0.8642 -0.1304 0.4859
vn -1.0000 -0.0011 0.0040
vn -0.8678 0.1288 -0.4798
vn -0.5018 0.2243 -0.8354
vn 0.0000 0.2593 -0.9658
vn 0.5018 0.2243 -0.8354
vn 0.8678 0.1288 -0.4798
vn 1.0000 -0.0011 0.0040
vn 0.8642 -0.1304 0.4859
vn 0.4982 -0.2247 0.8374
vn -0.4985 -0.2631 0.8260
vn 0.0000 -0.3035 0.9528
vn -0.8645 -0.1525 0.4788
vn -1.0000 -0.0010 0.0033
vn -0.8675 0.1510 -0.4739
vn -0.5015 0.2627 -0.8243
vn 0.0000 0.3037 -0.9528
vn 0.5015 0.2627 -0.8243
vn 0.8675 0.1510 -0.4739
vn 1.0000 -0.0010 0.0033
vn 0.8645 -0.1525 0.4788
vn 0.4985 -0.2631 0.8260
vn -0.4988 -0.2935 0.8155
vn 0.0000 -0.3387 0.9409
vn -0.8649 -0.1700 0.4723
vn -1.0000 -0.0009 0.0025
vn -0.8672 0.1687 -0.4685
vn -0.5011 0.2932 -0.8141
vn 0.0000 0.3388 -0.9408
vn 0.5011 0.2932 -0.8141
vn 0.8672 0.1687 -0.4685
vn 1.0000 -0.0009 0.0025
vn 0.8649 -0.1700 0.4723
vn 0.4988 -0.2935 0.8155
vn -0.5003 -0.3023 0.8113
vn 0.0000 -0.3492 0.9370
vn -0.8664 -0.1744 0.4680
vn -1.0000 0.0003 -0.0008
vn -0.8656 0.1748 -0.4692
vn -0.4996 0.3024 -0.8118
vn 0.0000 0.3490 -0.9371
vn 0.4996 0.3024 -0.8118
vn 0.8656 0.1748 -0.4692
vn 1.0000 0.0003 -0.0008
vn 0.8664 -0.1744 0.4680
vn 0.5003 -0.3023 0.8113
vn -0.5020 -0.2753 0.8198
vn 0.0000 -0.3184 0.9479
vn -0.8680 -0.1581 0.4707
vn -1.0000 0.0014 -0.0043
vn -0.8641 0.1601 -0.4772
vn -0.4981 0.2758 -0.8221
vn 0.0000 0.3181 -0.9481
vn 0.4981 0.2758 -0.8221
vn 0.8640 0.1601 -0.4772
vn 1.0000 0.0014 -0.0043
vn 0.8680 -0.1581 0.4707
vn 0.5020 -0.2753 0.8198
vn -0.5023 -0.2260 0.8346
vn 0.0000 -0.2613 0.9652
vn -0.8683 -0.1296 0.4788
vn -1.0000 0.0013 -0.0051
vn -0.8637 0.1316 -0.4864
vn -0.4977 0.2266 -0.8372
vn 0.0000 0.2612 -0.9653
vn 0.4977 0.2266 -0.8372
vn 0.8637 0.1316 -0.4864
vn 1.0000 0.0013 -0.0051
vn 0.8683 -0.1296 0.4788
vn 0.5023 -0.2260 0.8346
vn -0.5024 -0.1711 0.8475
vn 0.0000 -0.1979 0.9802
vn -0.8684 -0.0981 0.4860
vn -1.0000 0.0011 -0.0053
vn -0.8636 0.0998 -0.4941
vn -0.4976 0.1717 -0.8502
vn 0.0000 0.1979 -0.9802
vn 0.4976 0.1717 -0.8502
vn 0.8636 0.0998 -0.4941
vn 1.0000 0.0011 -0.0053
vn 0.8684 -0.0981 0.4860
vn 0.5024 -0.1711 0.8475
vn -0.5022 -0.1166 0.8568
vn 0.0000 -0.1349 0.9908
vn -0.8682 -0.0669 0.4916
vn -1.0000 0.0007 -0.0050
vn -0.8638 0.0680 -0.4991
vn -0.4978 0.1171 -0.8593
vn 0.0000 0.1350 -0.9908
vn 0.4978 0.1171 -0.8593
vn 0.8638 0.0680 -0.4991
vn 1.0000 0.0007 -0.0050
vn 0.8682 -0.0669 0.4916
vn 0.5022 -0.1166 0.8568
vn -0.5018 -0.0687 0.8622
vn 0.0000 -0.0794 0.9968
vn -0.8678 -0.0395 0.4953
vn -1.0000 0.0003 -0.0041
vn -0.8642 0.0400 -0.5015
vn -0.4982 0.0690 -0.8643
vn 0.0000 0.0796 -0.9968
vn 0.4982 0.0690 -0.8643
vn 0.8642 0.0400 -0.5015
vn 1.0000 0.0003 -0.0041
vn 0.8678 -0.0395 0.4953
vn 0.5018 -0.0687 0.8622
vn -0.5013 -0.0315 0.8647
vn 0.0000 -0.0364 0.9993
vn -0.8673 -0.0181 0.4974
vn -1.0000 0.0001 -0.0030
vn -0.8647 0.0183 -0.5019
vn -0.4987 0.0316 -0.8662
vn 0.0000 0.0365 -0.9993
vn 0.4987 0.0316 -0.8662
vn 0.8647 0.0183 -0.5019
vn 1.0000 0.0001 -0.0030
vn 0.8673 -0.0181 0.4974
vn 0.5013 -0.0315 0.8647
vn -0.5008 -0.0057 0.8655
vn 0.0000 -0.0066 1.0000
vn -0.8668 -0.0033 0.4985
vn -1.0000 0.0000 -0.0019
vn -0.8652 0.0033 -0.5014
vn -0.4991 0.0058 -0.8665
vn 0.0000 0.0067 -1.0000
vn 0.4991 0.0058 -0.8665
vn 0.8652 0.0033 -0.5014
vn 1.0000 0.0000 -0.0019
vn 0.8668 -0.0033 0.4985
vn 0.5008 -0.0057 0.8655
vn -0.4996 0.0044 0.8662
vn 0.0000 0.0051 1.0000
vn -0.8656 0.0025 0.5006
vn -1.0000 0.0000 0.0008
vn -0.8664 -0.0025 -0.4994
vn -0.5003 -0.0044 -0.8658
vn 0.0000 -0.0051 -1.0000
vn 0.5003 -0.0044 -0.8658
vn 0.8664 -0.0025 -0.4994
vn 1.0000 0.0000 0.0008
vn 0.8656 0.0025 0.5006
vn 0.4996 0.0044 0.8662
usemtl None
s 1
f 1084/1296/1150 1096/1297/1151 1107/1298/1152 1095/1299/1153
f 1085/1300/1154 1097/1301/1155 1096/1302/1151 1084/1303/1150
f 1086/1304/1156 1098/1305/1157 1097/1301/1155 1085/1300/1154
f 1087/1306/1158 1099/1307/1159 1098/1305/1157 1086/1304/1156
f 1088/1308/1160 1100/1309/1161 1099/1307/1159 1087/1306/1158
f 1089/1310/1162 1101/1311/1163 1100/1309/1161 1088/1308/1160
f 1090/1312/1164 1102/1313/1165 1101/1311/1163 1089/1310/1162
f 1091/1314/1166 1103/1315/1167 1102/1313/1165 1090/1312/1164
f 1092/1316/1168 1104/1317/1169 1103/1315/1167 1091/1314/1166
f 1093/1318/1170 1105/1319/1171 1104/1317/1169 1092/1316/1168
f 1094/1320/1172 1106/1321/1173 1105/1319/1171 1093/1318/1170
f 1095/1299/1153 1107/1298/1152 1106/1321/1173 1094/1320/1172
f 1096/1297/1151 1108/1322/1174 1119/1323/1175 1107/1298/1152
f 1097/1301/1155 1109/1324/1176 1108/1325/1174 1096/1302/1151
f 1098/1305/1157 1110/1326/1177 1109/1324/1176 1097/1301/1155
f 1099/1307/1159 1111/1327/1178 1110/1326/1177 1098/1305/1157
f 1100/1309/1161 1112/1328/1179 1111/1327/1178 1099/1307/1159
f 1101/1311/1163 1113/1329/1180 1112/1328/1179 1100/1309/1161
f 1102/1313/1165 1114/1330/1181 1113/1329/1180 1101/1311/1163
f 1103/1315/1167 1115/1331/1182 1114/1330/1181 1102/1313/1165
f 1104/1317/1169 1116/1332/1183 1115/1331/1182 1103/1315/1167
f 1105/1319/1171 1117/1333/1184 1116/1332/1183 1104/1317/1169
f 1106/1321/1173 1118/1334/1185 1117/1333/1184 1105/1319/1171
f 1107/1298/1152 1119/1323/1175 1118/1334/1185 1106/1321/1173
f 1108/1322/1174 1120/1335/1186 1131/1336/1187 1119/1323/1175
f 1109/1324/1176 1121/1337/1188 1120/1338/1186 1108/1325/1174
f 1110/1326/1177 1122/1339/1189 1121/1337/1188 1109/1324/1176
f 1111/1327/1178 1123/1340/1190 1122/1339/1189 1110/1326/1177
f 1112/1328/1179 1124/1341/1191 1123/1340/1190 1111/1327/1178
f 1113/1329/1180 1125/1342/1192 1124/1341/1191 1112/1328/1179
f 1114/1330/1181 1126/1343/1193 1125/1342/1192 1113/1329/1180
f 1115/1331/1182 1127/1344/1194 1126/1343/1193 1114/1330/1181
f 1116/1332/1183 1128/1345/1195 1127/1344/1194 1115/1331/1182
f 1117/1333/1184 1129/1346/1196 1128/1345/1195 1116/1332/1183
f 1118/1334/1185 1130/1347/1197 1129/1346/1196 1117/1333/1184
f 1119/1323/1175 1131/1336/1187 1130/1347/1197 1118/1334/1185
f 1120/1335/1186 1132/1348/1198 1143/1349/1199 1131/1336/1187
f 1121/1337/1188 1133/1350/1200 1132/1351/1198 1120/1338/1186
f 1122/1339/1189 1134/1352/1201 1133/1350/1200 1121/1337/1188
f 1123/1340/1190 1135/1353/1202 1134/1352/1201 1122/1339/1189
f 1124/1341/1191 1136/1354/1203 1135/1353/1202 1123/1340/1190
f 1125/1342/1192 1137/1355/1204 1136/1354/1203 1124/1341/1191
f 1126/1343/1193 1138/1356/1205 1137/1355/1204 1125/1342/1192
f 1127/1344/1194 1139/1357/1206 1138/1356/1205 1126/1343/1193
f 1128/1345/1195 1140/1358/1207 1139/1357/1206 1127/1344/1194
f 1129/1346/1196 1141/1359/1208 1140/1358/1207 1128/1345/1195
f 1130/1347/1197 1142/1360/1209 1141/1359/1208 1129/1346/1196
f 1131/1336/1187 1143/1349/1199 1142/1360/1209 1130/1347/1197
f 1132/1348/1198 1144/1361/1210 1155/1362/1211 1143/1349/1199
f 1133/1350/1200 1145/1363/1212 1144/1364/1210 1132/1351/1198
f 1134/1352/1201 1146/1365/1213 1145/1363/1212 1133/1350/1200
f 1135/1353/1202 1147/1366/1214 1146/1365/1213 1134/1352/1201
f 1136/1354/1203 1148/1367/1215 1147/1366/1214 1135/1353/1202
f 1137/1355/1204 1149/1368/1216 1148/1367/1215 1136/1354/1203
f 1138/1356/1205 1150/1369/1217 1149/1368/1216 1137/1355/1204
f 1139/1357/1206 1151/1370/1218 1150/1369/1217 1138/1356/1205
f 1140/1358/1207 1152/1371/1219 1151/1370/1218 1139/1357/1206
f 1141/1359/1208 1153/1372/1220 1152/1371/1219 1140/1358/1207
f 1142/1360/1209 1154/1373/1221 1153/1372/1220 1141/1359/1208
f 1143/1349/1199 1155/1362/1211 1154/1373/1221 1142/1360/1209
f 1144/1361/1210 1156/1374/1222 1167/1375/1223 1155/1362/1211
f 1145/1363/1212 1157/1376/1224 1156/1377/1222 1144/1364/1210
f 1146/1365/1213 1158/1378/1225 1157/1376/1224 1145/1363/1212
f 1147/1366/1214 1159/1379/1226 1158/1378/1225 1146/1365/1213
f 1148/1367/1215 1160/1380/1227 1159/1379/1226 1147/1366/1214
f 1149/1368/1216 1161/1381/1228 1160/1380/1227 1148/1367/1215
f 1150/1369/1217 1162/1382/1229 1161/1381/1228 1149/1368/1216
f 1151/1370/1218 1163/1383/1230 1162/1382/1229 1150/1369/1217
f 1152/1371/1219 1164/1384/1231 1163/1383/1230 1151/1370/1218
f 1153/1372/1220 1165/1385/1232 1164/1384/1231 1152/1371/1219
f 1154/1373/1221 1166/1386/1233 1165/1385/1232 1153/1372/1220
f 1155/1362/1211 1167/1375/1223 1166/1386/1233 1154/1373/1221
f 1156/1374/1222 1168/1387/1234 1179/1388/1235 1167/1375/1223
f 1157/1376/1224 1169/1389/1236 1168/1390/1234 1156/1377/1222
f 1158/1378/1225 1170/1391/1237 1169/1389/1236 1157/1376/1224
f 1159/1379/1226 1171/1392/1238 1170/1391/1237 1158/1378/1225
f 1160/1380/1227 1172/1393/1239 1171/1392/1238 1159/1379/1226
f 1161/1381/1228 1173/1394/1240 1172/1393/1239 1160/1380/1227
f 1162/1382/1229 1174/1395/1241 1173/1394/1240 1161/1381/1228
f 1163/1383/1230 1175/1396/1242 1174/1395/1241 1162/1382/1229
f 1164/1384/1231 1176/1397/1243 1175/1396/1242 1163/1383/1230
f 1165/1385/1232 1177/1398/1244 1176/1397/1243 1164/1384/1231
f 1166/1386/1233 1178/1399/1245 1177/1398/1244 1165/1385/1232
f 1167/1375/1223 1179/1388/1235 1178/1399/1245 1166/1386/1233
f 1168/1387/1234 1180/1400/1246 1191/1401/1247 1179/1388/1235
f 1169/1389/1236 1181/1402/1248 1180/1403/1246 1168/1390/1234
f 1170/1391/1237 1182/1404/1249 1181/1402/1248 1169/1389/1236
f 1171/1392/1238 1183/1405/1250 1182/1404/1249 1170/1391/1237
f 1172/1393/1239 1184/1406/1251 1183/1405/1250 1171/1392/1238
f 1173/1394/1240 1185/1407/1252 1184/1406/1251 1172/1393/1239
f 1174/1395/1241 1186/1408/1253 1185/1407/1252 1173/1394/1240
f 1175/1396/1242 1187/1409/1254 1186/1408/1253 1174/1395/1241
f 1176/1397/1243 1188/1410/1255 1187/1409/1254 1175/1396/1242
f 1177/1398/1244 1189/1411/1256 1188/1410/1255 1176/1397/1243
f 1178/1399/1245 1190/1412/1257 1189/1411/1256 1177/1398/1244
f 1179/1388/1235 1191/1401/1247 1190/1412/1257 1178/1399/1245
f 1180/1400/1246 1192/1413/1258 1203/1414/1259 1191/1401/1247
f 1181/1402/1248 1193/1415/1260 1192/1416/1258 1180/1403/1246
f 1182/1404/1249 1194/1417/1261 1193/1415/1260 1181/1402/1248
f 1183/1405/1250 1195/1418/1262 1194/1417/1261 1182/1404/1249
f 1184/1406/1251 1196/1419/1263 1195/1418/1262 1183/1405/1250
f 1185/1407/1252 1197/1420/1264 1196/1419/1263 1184/1406/1251
f 1186/1408/1253 1198/1421/1265 1197/1420/1264 1185/1407/1252
f 1187/1409/1254 1199/1422/1266 1198/1421/1265 1186/1408/1253
f 1188/1410/1255 1200/1423/1267 1199/1422/1266 1187/1409/1254
f 1189/1411/1256 1201/1424/1268 1200/1423/1267 1188/1410/1255
f 1190/1412/1257 1202/1425/1269 1201/1424/1268 1189/1411/1256
f 1191/1401/1247 1203/1414/1259 1202/1425/1269 1190/1412/1257
f 1192/1413/1258 1204/1426/1270 1215/1427/1271 1203/1414/1259
f 1193/1415/1260 1205/1428/1272 1204/1429/1270 1192/1416/1258
f 1194/1417/1261 1206/1430/1273 1205/1428/1272 1193/1415/1260
f 1195/1418/1262 1207/1431/1274 1206/1430/1273 1194/1417/1261
f 1196/1419/1263 1208/1432/1275 1207/1431/1274 1195/1418/1262
f 1197/1420/1264 1209/1433/1276 1208/1432/1275 1196/1419/1263
f 1198/1421/1265 1210/1434/1277 1209/1433/1276 1197/1420/1264
f 1199/1422/1266 1211/1435/1278 1210/1434/1277 1198/1421/1265
f 1200/1423/1267 1212/1436/1279 1211/1435/1278 1199/1422/1266
f 1201/1424/1268 1213/1437/1280 1212/1436/1279 1200/1423/1267
f 1202/1425/1269 1214/1438/1281 1213/1437/1280 1201/1424/1268
f 1203/1414/1259 1215/1427/1271 1214/1438/1281 1202/1425/1269
f 1204/1426/1270 1216/1439/1282 1227/1440/1283 1215/1427/1271
f 1205/1428/1272 1217/1441/1284 1216/1442/1282 1204/1429/1270
f 1206/1430/1273 1218/1443/1285 1217/1441/1284 1205/1428/1272
f 1207/1431/1274 1219/1444/1286 1218/1443/1285 1206/1430/1273
f 1208/1432/1275 1220/1445/1287 1219/1444/1286 1207/1431/1274
f 1209/1433/1276 1221/1446/1288 1220/1445/1287 1208/1432/1275
f 1210/1434/1277 1222/1447/1289 1221/1446/1288 1209/1433/1276
f 1211/1435/1278 1223/1448/1290 1222/1447/1289 1210/1434/1277
f 1212/1436/1279 1224/1449/1291 1223/1448/1290 1211/1435/1278
f 1213/1437/1280 1225/1450/1292 1224/1449/1291 1212/1436/1279
f 1214/1438/1281 1226/1451/1293 1225/1450/1292 1213/1437/1280
f 1215/1427/1271 1227/1440/1283 1226/1451/1293 1214/1438/1281
f 1216/1439/1282 1228/1452/1294 1239/1453/1295 1227/1440/1283
f 1217/1441/1284 1229/1454/1296 1228/1455/1294 1216/1442/1282
f 1218/1443/1285 1230/1456/1297 1229/1454/1296 1217/1441/1284
f 1219/1444/1286 1231/1457/1298 1230/1456/1297 1218/1443/1285
f 1220/1445/1287 1232/1458/1299 1231/1457/1298 1219/1444/1286
f 1221/1446/1288 1233/1459/1300 1232/1458/1299 1220/1445/1287
f 1222/1447/1289 1234/1460/1301 1233/1459/1300 1221/1446/1288
f 1223/1448/1290 1235/1461/1302 1234/1460/1301 1222/1447/1289
f 1224/1449/1291 1236/1462/1303 1235/1461/1302 1223/1448/1290
f 1225/1450/1292 1237/1463/1304 1236/1462/1303 1224/1449/1291
f 1226/1451/1293 1238/1464/1305 1237/1463/1304 1225/1450/1292
f 1227/1440/1283 1239/1453/1295 1238/1464/1305 1226/1451/1293
f 1228/1452/1294 1240/1465/1306 1251/1466/1307 1239/1453/1295
f 1229/1454/1296 1241/1467/1308 1240/1468/1306 1228/1455/1294
f 1230/1456/1297 1242/1469/1309 1241/1467/1308 1229/1454/1296
f 1231/1457/1298 1243/1470/1310 1242/1469/1309 1230/1456/1297
f 1232/1458/1299 1244/1471/1311 1243/1470/1310 1231/1457/1298
f 1233/1459/1300 1245/1472/1312 1244/1471/1311 1232/1458/1299
f 1234/1460/1301 1246/1473/1313 1245/1472/1312 1233/1459/1300
f 1235/1461/1302 1247/1474/1314 1246/1473/1313 1234/1460/1301
f 1236/1462/1303 1248/1475/1315 1247/1474/1314 1235/1461/1302
f 1237/1463/1304 1249/1476/1316 1248/1475/1315 1236/1462/1303
f 1238/1464/1305 1250/1477/1317 1249/1476/1316 1237/1463/1304
f 1239/1453/1295 1251/1466/1307 1250/1477/1317 1238/1464/1305
f 1240/1465/1306 1252/1478/1318 1263/1479/1319 1251/1466/1307
f 1241/1467/1308 1253/1480/1320 1252/1481/1318 1240/1468/1306
f 1242/1469/1309 1254/1482/1321 1253/1480/1320 1241/1467/1308
f 1243/1470/1310 1255/1483/1322 1254/1482/1321 1242/1469/1309
f 1244/1471/1311 1256/1484/1323 1255/1483/1322 1243/1470/1310
f 1245/1472/1312 1257/1485/1324 1256/1484/1323 1244/1471/1311
f 1246/1473/1313 1258/1486/1325 1257/1485/1324 1245/1472/1312
f 1247/1474/1314 1259/1487/1326 1258/1486/1325 1246/1473/1313
f 1248/1475/1315 1260/1488/1327 1259/1487/1326 1247/1474/1314
f 1249/1476/1316 1261/1489/1328 1260/1488/1327 1248/1475/1315
f 1250/1477/1317 1262/1490/1329 1261/1489/1328 1249/1476/1316
f 1251/1466/1307 1263/1479/1319 1262/1490/1329 1250/1477/1317
f 1252/1478/1318 1264/1491/1330 1275/1492/1331 1263/1479/1319
f 1253/1480/1320 1265/1493/1332 1264/1494/1330 1252/1481/1318
f 1254/1482/1321 1266/1495/1333 1265/1493/1332 1253/1480/1320
f 1255/1483/1322 1267/1496/1334 1266/1495/1333 1254/1482/1321
f 1256/1484/1323 1268/1497/1335 1267/1496/1334 1255/1483/1322
f 1257/1485/1324 1269/1498/1336 1268/1497/1335 1256/1484/1323
f 1258/1486/1325 1270/1499/1337 1269/1498/1336 1257/1485/1324
f 1259/1487/1326 1271/1500/1338 1270/1499/1337 1258/1486/1325
f 1260/1488/1327 1272/1501/1339 1271/1500/1338 1259/1487/1326
f 1261/1489/1328 1273/1502/1340 1272/1501/1339 1260/1488/1327
f 1262/1490/1329 1274/1503/1341 1273/1502/1340 1261/1489/1328
f 1263/1479/1319 1275/1492/1331 1274/1503/1341 1262/1490/1329
f 1264/1491/1330 1276/1504/1342 1287/1505/1343 1275/1492/1331
f 1265/1493/1332 1277/1506/1344 1276/1507/1342 1264/1494/1330
f 1266/1495/1333 1278/1508/1345 1277/1506/1344 1265/1493/1332
f 1267/1496/1334 1279/1509/1346 1278/1508/1345 1266/1495/1333
f 1268/1497/1335 1280/1510/1347 1279/1509/1346 1267/1496/1334
f 1269/1498/1336 1281/1511/1348 1280/1510/1347 1268/1497/1335
f 1270/1499/1337 1282/1512/1349 1281/1511/1348 1269/1498/1336
f 1271/1500/1338 1283/1513/1350 1282/1512/1349 1270/1499/1337
f 1272/1501/1339 1284/1514/1351 1283/1513/1350 1271/1500/1338
f 1273/1502/1340 1285/1515/1352 1284/1514/1351 1272/1501/1339
f 1274/1503/1341 1286/1516/1353 1285/1515/1352 1273/1502/1340
f 1275/1492/1331 1287/1505/1343 1286/1516/1353 1274/1503/1341
f 1276/1504/1342 1288/1517/1354 1299/1518/1355 1287/1505/1343
f 1277/1506/1344 1289/1519/1356 1288/1520/1354 1276/1507/1342
f 1278/1508/1345 1290/1521/1357 1289/1519/1356 1277/1506/1344
f 1279/1509/1346 1291/1522/1358 1290/1521/1357 1278/1508/1345
f 1280/1510/1347 1292/1523/1359 1291/1522/1358 1279/1509/1346
f 1281/1511/1348 1293/1524/1360 1292/1523/1359 1280/1510/1347
f 1282/1512/1349 1294/1525/1361 1293/1524/1360 1281/1511/1348
f 1283/1513/1350 1295/1526/1362 1294/1525/1361 1282/1512/1349
f 1284/1514/1351 1296/1527/1363 1295/1526/1362 1283/1513/1350
f 1285/1515/1352 1297/1528/1364 1296/1527/1363 1284/1514/1351
f 1286/1516/1353 1298/1529/1365 1297/1528/1364 1285/1515/1352
f 1287/1505/1343 1299/1518/1355 1298/1529/1365 1286/1516/1353
o RC-PoleM_Cylinder.006
v -0.003720 0.292502 -1.135149
v 0.017402 0.292502 -1.132112
v 0.036813 0.292502 -1.123247
v 0.052940 0.292502 -1.109273
v 0.064477 0.292502 -1.091321
v 0.070488 0.292502 -1.070847
v 0.070488 0.292502 -1.049507
v 0.064477 0.292502 -1.029033
v 0.052940 0.292502 -1.011081
v 0.036813 0.292502 -0.997107
v 0.017402 0.292502 -0.988242
v -0.003720 0.292502 -0.985205
v -0.024842 0.292502 -0.988242
v -0.044253 0.292502 -0.997107
v -0.060380 0.292502 -1.011081
v -0.071917 0.292502 -1.029032
v -0.077929 0.292502 -1.049507
v -0.077929 0.292502 -1.070846
v -0.071917 0.292502 -1.091321
v -0.060380 0.292502 -1.109273
v -0.044253 0.292502 -1.123247
v -0.024842 0.292502 -1.132112
v -0.003720 2.468424 -1.060177
v 0.024528 2.457834 -1.104132
v 0.035767 2.457834 -1.094393
v 0.043807 2.457834 -1.038472
v 0.035767 2.457834 -1.025961
v -0.003720 2.457834 -1.112426
v 0.011000 2.457834 -1.110309
v -0.018440 2.457834 -1.010044
v -0.031968 2.457834 -1.016222
v -0.055437 2.457834 -1.067613
v -0.051248 2.457834 -1.081882
v 0.047997 2.457834 -1.067613
v 0.047997 2.457834 -1.052741
v 0.011000 2.457834 -1.010044
v -0.003720 2.457834 -1.007928
v -0.051247 2.457834 -1.038472
v -0.055437 2.457834 -1.052741
v -0.031968 2.457834 -1.104131
v -0.018440 2.457834 -1.110309
v 0.043807 2.457834 -1.081882
v 0.024528 2.457834 -1.016222
v -0.043207 2.457834 -1.025961
v -0.043207 2.457834 -1.094393
v -0.003720 2.441460 -1.135149
v -0.003720 2.449558 -1.129983
v -0.003720 2.446177 -1.133636
v 0.015947 2.449558 -1.127156
v 0.017402 2.441460 -1.132112
v 0.016976 2.446177 -1.130660
v 0.034020 2.449558 -1.118902
v 0.036813 2.441460 -1.123247
v 0.035995 2.446177 -1.121974
v 0.049036 2.449558 -1.105891
v 0.052940 2.441460 -1.109273
v 0.051796 2.446177 -1.108282
v 0.059778 2.449558 -1.089176
v 0.064477 2.441460 -1.091321
v 0.063100 2.446177 -1.090693
v 0.065376 2.449558 -1.070111
v 0.070488 2.441460 -1.070847
v 0.068991 2.446177 -1.070631
v 0.065376 2.449558 -1.050242
v 0.070488 2.441460 -1.049507
v 0.068991 2.446177 -1.049723
v 0.059778 2.449558 -1.031178
v 0.064477 2.441460 -1.029033
v 0.063100 2.446177 -1.029661
v 0.049036 2.449558 -1.014463
v 0.052940 2.441460 -1.011081
v 0.051796 2.446177 -1.012072
v 0.034020 2.449558 -1.001452
v 0.036813 2.441460 -0.997107
v 0.035995 2.446177 -0.998379
v 0.015947 2.449558 -0.993198
v 0.017402 2.441460 -0.988242
v 0.016976 2.446177 -0.989694
v -0.003720 2.449558 -0.990370
v -0.003720 2.441460 -0.985205
v -0.003720 2.446177 -0.986718
v -0.023387 2.449558 -0.993198
v -0.024842 2.441460 -0.988242
v -0.024416 2.446177 -0.989694
v -0.041460 2.449558 -1.001452
v -0.044253 2.441460 -0.997107
v -0.043435 2.446177 -0.998379
v -0.056476 2.449558 -1.014463
v -0.060380 2.441460 -1.011081
v -0.059237 2.446177 -1.012072
v -0.067218 2.449558 -1.031178
v -0.071917 2.441460 -1.029032
v -0.070541 2.446177 -1.029661
v -0.072816 2.449558 -1.050242
v -0.077929 2.441460 -1.049507
v -0.076431 2.446177 -1.049723
v -0.072816 2.449558 -1.070111
v -0.077929 2.441460 -1.070846
v -0.076431 2.446177 -1.070631
v -0.067218 2.449558 -1.089176
v -0.071917 2.441460 -1.091321
v -0.070541 2.446177 -1.090693
v -0.056477 2.449558 -1.105891
v -0.060380 2.441460 -1.109273
v -0.059237 2.446177 -1.108282
v -0.041461 2.449558 -1.118902
v -0.044253 2.441460 -1.123247
v -0.043435 2.446177 -1.121974
v -0.023387 2.449558 -1.127156
v -0.024842 2.441460 -1.132112
v -0.024416 2.446177 -1.130660
vt 0.045454 0.500000
vt 0.045454 0.998686
vt -0.000000 0.998686
vt -0.000000 0.500000
vt 0.909091 1.000000
vt 0.954545 1.000000
vt 0.954545 1.000000
vt 0.909091 1.000000
vt 0.863636 1.000000
vt 0.863636 1.000000
vt 0.818182 1.000000
vt 0.818182 1.000000
vt 0.772727 1.000000
vt 0.772727 1.000000
vt 0.727273 1.000000
vt 0.727273 1.000000
vt 0.681818 1.000000
vt 0.681818 1.000000
vt 0.636364 1.000000
vt 0.636364 1.000000
vt 0.590909 1.000000
vt 0.590909 1.000000
vt 0.545454 1.000000
vt 0.545454 1.000000
vt 0.500000 1.000000
vt 0.500000 1.000000
vt 0.454545 1.000000
vt 0.454545 1.000000
vt 0.409091 1.000000
vt 0.409091 1.000000
vt 0.363636 1.000000
vt 0.363636 1.000000
vt 0.318182 1.000000
vt 0.318182 1.000000
vt 0.272727 1.000000
vt 0.272727 1.000000
vt 0.227272 1.000000
vt 0.227272 1.000000
vt 0.181818 1.000000
vt 0.181818 1.000000
vt 0.136363 1.000000
vt 0.136363 1.000000
vt 0.090909 1.000000
vt 0.090909 1.000000
vt 0.863636 1.000000
vt 0.045454 1.000000
vt 0.045454 1.000000
vt -0.000000 1.000000
vt -0.000000 1.000000
vt 0.750000 0.490000
vt 0.817616 0.480278
vt 0.879754 0.451901
vt 0.931380 0.407167
vt 0.968312 0.349700
vt 0.987557 0.284156
vt 0.987557 0.215844
vt 0.968312 0.150300
vt 0.931380 0.092833
vt 0.879754 0.048099
vt 0.817616 0.019722
vt 0.750000 0.010000
vt 0.682384 0.019722
vt 0.620246 0.048099
vt 0.568620 0.092833
vt 0.531688 0.150300
vt 0.512443 0.215844
vt 0.512443 0.284155
vt 0.531688 0.349699
vt 0.568620 0.407166
vt 0.620246 0.451901
vt 0.682384 0.480278
vt 0.636364 1.000000
vt 1.000000 1.000000
vt 0.954545 1.000000
vt 0.409091 1.000000
vt 0.181818 1.000000
vt 0.727273 1.000000
vt 0.500000 1.000000
vt 0.272727 1.000000
vt 0.045454 1.000000
vt 0.818182 1.000000
vt 0.590909 1.000000
vt 0.363636 1.000000
vt 0.136363 1.000000
vt 0.909091 1.000000
vt 0.681818 1.000000
vt 0.454545 1.000000
vt 0.227272 1.000000
vt -0.000000 1.000000
vt 0.772727 1.000000
vt 0.545454 1.000000
vt 0.318182 1.000000
vt 0.090909 1.000000
vt 0.090909 0.500000
vt 0.090909 0.998686
vt 0.318182 0.500000
vt 0.318182 0.998686
vt 0.272727 0.998686
vt 0.272727 0.500000
vt 0.545454 0.500000
vt 0.545454 0.998686
vt 0.500000 0.998686
vt 0.500000 0.500000
vt 0.772727 0.500000
vt 0.772727 0.998686
vt 0.727273 0.998686
vt 0.727273 0.500000
vt 0.954545 0.500000
vt 0.954545 0.998686
vt 0.909091 0.998686
vt 0.909091 0.500000
vt 0.227272 0.500000
vt 0.227272 0.998686
vt 0.181818 0.998686
vt 0.181818 0.500000
vt 0.454545 0.500000
vt 0.454545 0.998686
vt 0.409091 0.998686
vt 0.409091 0.500000
vt 0.681818 0.500000
vt 0.681818 0.998686
vt 0.636364 0.998686
vt 0.636364 0.500000
vt 0.863636 0.998686
vt 0.863636 0.500000
vt 0.136363 0.500000
vt 0.136363 0.998686
vt 0.363636 0.500000
vt 0.363636 0.998686
vt 0.590909 0.500000
vt 0.590909 0.998686
vt 0.818182 0.500000
vt 0.818182 0.998686
vt 1.000000 0.500000
vt 1.000000 0.998686
vt 0.999541 1.000000
vt 0.954545 1.000000
vt 1.000000 1.000000
vt 0.909091 1.000000
vt 0.863636 1.000000
vt 0.818182 1.000000
vt 0.772727 1.000000
vt 0.727273 1.000000
vt 0.681818 1.000000
vt 0.636364 1.000000
vt 0.590909 1.000000
vt 0.545454 1.000000
vt 0.500000 1.000000
vt 0.454545 1.000000
vt 0.409091 1.000000
vt 0.363636 1.000000
vt 0.318182 1.000000
vt 0.272727 1.000000
vt 0.227272 1.000000
vt 0.181818 1.000000
vt 0.136363 1.000000
vt 0.090909 1.000000
vt 0.045454 1.000000
vt 0.000458 1.000000
vn -0.2817 0.0000 -0.9595
vn -0.2784 0.1525 -0.9483
vn -0.0000 0.1525 -0.9883
vn 0.0000 0.0000 -1.0000
vn 0.3075 0.8225 -0.4784
vn 0.1602 0.8225 -0.5457
vn 0.0914 0.9459 -0.3114
vn 0.1755 0.9459 -0.2730
vn 0.4298 0.8225 -0.3724
vn 0.2453 0.9459 -0.2125
vn 0.5173 0.8225 -0.2363
vn 0.2952 0.9459 -0.1348
vn 0.5629 0.8225 -0.0809
vn 0.3212 0.9459 -0.0462
vn 0.5629 0.8225 0.0809
vn 0.3212 0.9459 0.0462
vn 0.5173 0.8225 0.2363
vn 0.2952 0.9459 0.1348
vn 0.4298 0.8225 0.3724
vn 0.2453 0.9459 0.2125
vn 0.3075 0.8225 0.4784
vn 0.1755 0.9459 0.2730
vn 0.1602 0.8225 0.5457
vn 0.0914 0.9459 0.3114
vn -0.0000 0.8225 0.5687
vn -0.0000 0.9459 0.3246
vn -0.1602 0.8225 0.5457
vn -0.0914 0.9459 0.3114
vn -0.3075 0.8225 0.4784
vn -0.1755 0.9459 0.2730
vn -0.4298 0.8225 0.3724
vn -0.2453 0.9459 0.2125
vn -0.5173 0.8225 0.2363
vn -0.2952 0.9459 0.1348
vn -0.5629 0.8225 0.0809
vn -0.3212 0.9459 0.0462
vn -0.5629 0.8225 -0.0809
vn -0.3212 0.9459 -0.0462
vn -0.5173 0.8225 -0.2363
vn -0.2952 0.9459 -0.1348
vn -0.4298 0.8225 -0.3724
vn -0.2453 0.9459 -0.2125
vn -0.3075 0.8225 -0.4784
vn -0.1755 0.9459 -0.2730
vn 0.0000 1.0000 0.0000
vn -0.1602 0.8225 -0.5457
vn -0.0914 0.9459 -0.3114
vn -0.0000 0.8225 -0.5687
vn -0.0000 0.9459 -0.3246
vn 0.0000 -1.0000 0.0000
vn -0.5406 0.0000 -0.8413
vn -0.5343 0.1525 -0.8314
vn -0.9096 0.0000 0.4154
vn -0.8990 0.1525 0.4106
vn -0.9783 0.1525 0.1407
vn -0.9898 0.0000 0.1423
vn 0.2817 0.0000 0.9595
vn 0.2784 0.1525 0.9483
vn -0.0000 0.1525 0.9883
vn -0.0000 0.0000 1.0000
vn 0.9898 0.0000 -0.1423
vn 0.9783 0.1525 -0.1407
vn 0.9783 0.1525 0.1407
vn 0.9898 0.0000 0.1423
vn 0.2817 0.0000 -0.9595
vn 0.2784 0.1524 -0.9483
vn 0.5343 0.1524 -0.8314
vn 0.5406 0.0000 -0.8413
vn -0.9898 0.0000 -0.1423
vn -0.9783 0.1525 -0.1407
vn -0.8990 0.1525 -0.4106
vn -0.9096 0.0000 -0.4154
vn -0.2817 0.0000 0.9595
vn -0.2784 0.1525 0.9483
vn -0.5343 0.1525 0.8314
vn -0.5406 0.0000 0.8413
vn 0.9096 0.0000 0.4154
vn 0.8990 0.1525 0.4106
vn 0.7469 0.1525 0.6472
vn 0.7558 0.0000 0.6549
vn 0.7469 0.1525 -0.6472
vn 0.7557 0.0000 -0.6549
vn -0.7558 0.0000 -0.6549
vn -0.7469 0.1525 -0.6472
vn -0.7557 0.0000 0.6549
vn -0.7469 0.1525 0.6472
vn 0.5406 0.0000 0.8413
vn 0.5343 0.1525 0.8314
vn 0.9096 0.0000 -0.4154
vn 0.8990 0.1525 -0.4106
vn -0.0000 0.5271 -0.8498
vn 0.2394 0.5271 -0.8154
vn 0.4594 0.5271 -0.7149
vn 0.6422 0.5271 -0.5565
vn 0.7730 0.5271 -0.3530
vn 0.8412 0.5271 -0.1209
vn 0.8412 0.5271 0.1209
vn 0.7730 0.5271 0.3530
vn 0.6422 0.5271 0.5565
vn 0.4594 0.5271 0.7149
vn 0.2394 0.5271 0.8154
vn -0.0000 0.5271 0.8498
vn -0.2394 0.5271 0.8154
vn -0.4594 0.5271 0.7149
vn -0.6422 0.5271 0.5565
vn -0.7730 0.5271 0.3530
vn -0.8412 0.5271 0.1209
vn -0.8412 0.5271 -0.1209
vn -0.7730 0.5271 -0.3530
vn -0.6422 0.5271 -0.5565
vn -0.4594 0.5271 -0.7149
vn -0.2394 0.5271 -0.8154
usemtl None
s 1
f 1321/1530/1366 1409/1531/1367 1345/1532/1368 1300/1533/1369
f 1351/1534/1370 1348/1535/1371 1328/1536/1372 1323/1537/1373
f 1354/1538/1374 1351/1534/1370 1323/1537/1373 1324/1539/1375
f 1357/1540/1376 1354/1538/1374 1324/1539/1375 1341/1541/1377
f 1360/1542/1378 1357/1540/1376 1341/1541/1377 1333/1543/1379
f 1363/1544/1380 1360/1542/1378 1333/1543/1379 1334/1545/1381
f 1366/1546/1382 1363/1544/1380 1334/1545/1381 1325/1547/1383
f 1369/1548/1384 1366/1546/1382 1325/1547/1383 1326/1549/1385
f 1372/1550/1386 1369/1548/1384 1326/1549/1385 1342/1551/1387
f 1375/1552/1388 1372/1550/1386 1342/1551/1387 1335/1553/1389
f 1378/1554/1390 1375/1552/1388 1335/1553/1389 1336/1555/1391
f 1381/1556/1392 1378/1554/1390 1336/1555/1391 1329/1557/1393
f 1384/1558/1394 1381/1556/1392 1329/1557/1393 1330/1559/1395
f 1387/1560/1396 1384/1558/1394 1330/1559/1395 1343/1561/1397
f 1390/1562/1398 1387/1560/1396 1343/1561/1397 1337/1563/1399
f 1393/1564/1400 1390/1562/1398 1337/1563/1399 1338/1565/1401
f 1396/1566/1402 1393/1564/1400 1338/1565/1401 1331/1567/1403
f 1399/1568/1404 1396/1566/1402 1331/1567/1403 1332/1569/1405
f 1402/1570/1406 1399/1568/1404 1332/1569/1405 1344/1571/1407
f 1405/1572/1408 1402/1570/1406 1344/1571/1407 1339/1573/1409
f 1324/1539/1375 1323/1537/1373 1322/1574/1410
f 1408/1575/1411 1405/1572/1408 1339/1573/1409 1340/1576/1412
f 1346/1577/1413 1408/1575/1411 1340/1576/1412 1327/1578/1414
f 1300/1579/1415 1301/1580/1415 1302/1581/1415 1303/1582/1415 1304/1583/1415 1305/1584/1415 1306/1585/1415 1307/1586/1415 1308/1587/1415 1309/1588/1415 1310/1589/1415 1311/1590/1415 1312/1591/1415 1313/1592/1415 1314/1593/1415 1315/1594/1415 1316/1595/1415 1317/1596/1415 1318/1597/1415 1319/1598/1415 1320/1599/1415 1321/1600/1415
f 1326/1549/1385 1325/1547/1383 1322/1601/1410
f 1328/1536/1372 1327/1602/1414 1322/1603/1410
f 1330/1559/1395 1329/1557/1393 1322/1604/1410
f 1332/1569/1405 1331/1567/1403 1322/1605/1410
f 1334/1545/1381 1333/1543/1379 1322/1606/1410
f 1336/1555/1391 1335/1553/1389 1322/1607/1410
f 1338/1565/1401 1337/1563/1399 1322/1608/1410
f 1340/1576/1412 1339/1573/1409 1322/1609/1410
f 1341/1541/1377 1324/1539/1375 1322/1610/1410
f 1342/1551/1387 1326/1549/1385 1322/1611/1410
f 1343/1561/1397 1330/1559/1395 1322/1612/1410
f 1344/1571/1407 1332/1569/1405 1322/1613/1410
f 1323/1537/1373 1328/1536/1372 1322/1614/1410
f 1325/1547/1383 1334/1545/1381 1322/1615/1410
f 1329/1557/1393 1336/1555/1391 1322/1616/1410
f 1331/1567/1403 1338/1565/1401 1322/1617/1410
f 1327/1578/1414 1340/1576/1412 1322/1618/1410
f 1333/1543/1379 1341/1541/1377 1322/1619/1410
f 1335/1553/1389 1342/1551/1387 1322/1620/1410
f 1337/1563/1399 1343/1561/1397 1322/1621/1410
f 1339/1573/1409 1344/1571/1407 1322/1622/1410
f 1320/1623/1416 1406/1624/1417 1409/1531/1367 1321/1530/1366
f 1315/1625/1418 1391/1626/1419 1394/1627/1420 1316/1628/1421
f 1310/1629/1422 1376/1630/1423 1379/1631/1424 1311/1632/1425
f 1305/1633/1426 1361/1634/1427 1364/1635/1428 1306/1636/1429
f 1301/1637/1430 1349/1638/1431 1352/1639/1432 1302/1640/1433
f 1317/1641/1434 1397/1642/1435 1400/1643/1436 1318/1644/1437
f 1312/1645/1438 1382/1646/1439 1385/1647/1440 1313/1648/1441
f 1307/1649/1442 1367/1650/1443 1370/1651/1444 1308/1652/1445
f 1302/1640/1433 1352/1639/1432 1355/1653/1446 1303/1654/1447
f 1319/1655/1448 1403/1656/1449 1406/1624/1417 1320/1623/1416
f 1314/1657/1450 1388/1658/1451 1391/1626/1419 1315/1625/1418
f 1309/1659/1452 1373/1660/1453 1376/1630/1423 1310/1629/1422
f 1304/1661/1454 1358/1662/1455 1361/1634/1427 1305/1633/1426
f 1316/1628/1421 1394/1627/1420 1397/1642/1435 1317/1641/1434
f 1311/1632/1425 1379/1631/1424 1382/1646/1439 1312/1645/1438
f 1306/1636/1429 1364/1635/1428 1367/1650/1443 1307/1649/1442
f 1318/1644/1437 1400/1643/1436 1403/1656/1449 1319/1655/1448
f 1313/1648/1441 1385/1647/1440 1388/1658/1451 1314/1657/1450
f 1300/1663/1369 1345/1664/1368 1349/1638/1431 1301/1637/1430
f 1308/1652/1445 1370/1651/1444 1373/1660/1453 1309/1659/1452
f 1303/1654/1447 1355/1653/1446 1358/1662/1455 1304/1661/1454
f 1349/1638/1431 1345/1664/1368 1347/1665/1456 1350/1666/1457
f 1350/1666/1457 1347/1665/1456 1346/1667/1413 1348/1535/1371
f 1352/1639/1432 1349/1638/1431 1350/1666/1457 1353/1668/1458
f 1353/1668/1458 1350/1666/1457 1348/1535/1371 1351/1534/1370
f 1355/1653/1446 1352/1639/1432 1353/1668/1458 1356/1669/1459
f 1356/1669/1459 1353/1668/1458 1351/1534/1370 1354/1538/1374
f 1358/1662/1455 1355/1653/1446 1356/1669/1459 1359/1670/1460
f 1359/1670/1460 1356/1669/1459 1354/1538/1374 1357/1540/1376
f 1361/1634/1427 1358/1662/1455 1359/1670/1460 1362/1671/1461
f 1362/1671/1461 1359/1670/1460 1357/1540/1376 1360/1542/1378
f 1364/1635/1428 1361/1634/1427 1362/1671/1461 1365/1672/1462
f 1365/1672/1462 1362/1671/1461 1360/1542/1378 1363/1544/1380
f 1367/1650/1443 1364/1635/1428 1365/1672/1462 1368/1673/1463
f 1368/1673/1463 1365/1672/1462 1363/1544/1380 1366/1546/1382
f 1370/1651/1444 1367/1650/1443 1368/1673/1463 1371/1674/1464
f 1371/1674/1464 1368/1673/1463 1366/1546/1382 1369/1548/1384
f 1373/1660/1453 1370/1651/1444 1371/1674/1464 1374/1675/1465
f 1374/1675/1465 1371/1674/1464 1369/1548/1384 1372/1550/1386
f 1376/1630/1423 1373/1660/1453 1374/1675/1465 1377/1676/1466
f 1377/1676/1466 1374/1675/1465 1372/1550/1386 1375/1552/1388
f 1379/1631/1424 1376/1630/1423 1377/1676/1466 1380/1677/1467
f 1380/1677/1467 1377/1676/1466 1375/1552/1388 1378/1554/1390
f 1382/1646/1439 1379/1631/1424 1380/1677/1467 1383/1678/1468
f 1383/1678/1468 1380/1677/1467 1378/1554/1390 1381/1556/1392
f 1385/1647/1440 1382/1646/1439 1383/1678/1468 1386/1679/1469
f 1386/1679/1469 1383/1678/1468 1381/1556/1392 1384/1558/1394
f 1388/1658/1451 1385/1647/1440 1386/1679/1469 1389/1680/1470
f 1389/1680/1470 1386/1679/1469 1384/1558/1394 1387/1560/1396
f 1391/1626/1419 1388/1658/1451 1389/1680/1470 1392/1681/1471
f 1392/1681/1471 1389/1680/1470 1387/1560/1396 1390/1562/1398
f 1394/1627/1420 1391/1626/1419 1392/1681/1471 1395/1682/1472
f 1395/1682/1472 1392/1681/1471 1390/1562/1398 1393/1564/1400
f 1397/1642/1435 1394/1627/1420 1395/1682/1472 1398/1683/1473
f 1398/1683/1473 1395/1682/1472 1393/1564/1400 1396/1566/1402
f 1400/1643/1436 1397/1642/1435 1398/1683/1473 1401/1684/1474
f 1401/1684/1474 1398/1683/1473 1396/1566/1402 1399/1568/1404
f 1403/1656/1449 1400/1643/1436 1401/1684/1474 1404/1685/1475
f 1404/1685/1475 1401/1684/1474 1399/1568/1404 1402/1570/1406
f 1406/1624/1417 1403/1656/1449 1404/1685/1475 1407/1686/1476
f 1407/1686/1476 1404/1685/1475 1402/1570/1406 1405/1572/1408
f 1409/1531/1367 1406/1624/1417 1407/1686/1476 1410/1687/1477
f 1410/1687/1477 1407/1686/1476 1405/1572/1408 1408/1575/1411
f 1345/1532/1368 1409/1531/1367 1410/1687/1477 1347/1688/1456
f 1347/1688/1456 1410/1687/1477 1408/1575/1411 1346/1577/1413
f 1348/1535/1371 1346/1667/1413 1327/1602/1414 1328/1536/1372
o RC-PoleR_BezierCurve.005
v 0.024546 6.563530 -1.445507
v 0.045627 6.564612 -1.424454
v 0.053343 6.566090 -1.395695
v 0.045627 6.567567 -1.366935
v 0.024546 6.568648 -1.345882
v -0.004251 6.569044 -1.338176
v -0.033048 6.568648 -1.345882
v -0.054129 6.567567 -1.366935
v -0.061846 6.566090 -1.395695
v -0.054129 6.564612 -1.424454
v -0.033048 6.563530 -1.445507
v -0.004251 6.563134 -1.453213
v 0.024546 3.362247 -1.436581
v 0.045627 3.362987 -1.415513
v 0.053343 3.363998 -1.386734
v 0.045627 3.365008 -1.357954
v 0.024546 3.365748 -1.336886
v -0.004251 3.366019 -1.329175
v -0.033048 3.365748 -1.336886
v -0.054129 3.365008 -1.357954
v -0.061846 3.363998 -1.386734
v -0.054129 3.362987 -1.415513
v -0.033048 3.362247 -1.436581
v -0.004251 3.361977 -1.444293
v 0.024546 3.306529 -1.434122
v 0.045627 3.307810 -1.413080
v 0.053343 3.309561 -1.384336
v 0.045627 3.311312 -1.355592
v 0.024546 3.312594 -1.334550
v -0.004251 3.313063 -1.326848
v -0.033048 3.312594 -1.334550
v -0.054129 3.311312 -1.355592
v -0.061846 3.309561 -1.384336
v -0.054129 3.307810 -1.413080
v -0.033048 3.306529 -1.434122
v -0.004251 3.306059 -1.441824
v 0.024546 3.252699 -1.429925
v 0.045627 3.254833 -1.408953
v 0.053343 3.257749 -1.380304
v 0.045627 3.260664 -1.351654
v 0.024546 3.262799 -1.330681
v -0.004251 3.263580 -1.323005
v -0.033048 3.262799 -1.330681
v -0.054129 3.260664 -1.351654
v -0.061846 3.257749 -1.380303
v -0.054129 3.254833 -1.408953
v -0.033048 3.252699 -1.429925
v -0.004251 3.251918 -1.437602
v 0.024546 3.198861 -1.423146
v 0.045627 3.202073 -1.402311
v 0.053343 3.206460 -1.373850
v 0.045627 3.210847 -1.345389
v 0.024546 3.214059 -1.324554
v -0.004251 3.215235 -1.316928
v -0.033048 3.214059 -1.324554
v -0.054129 3.210847 -1.345389
v -0.061846 3.206460 -1.373850
v -0.054129 3.202073 -1.402311
v -0.033048 3.198861 -1.423146
v -0.004251 3.197686 -1.430773
v 0.024546 3.143255 -1.412985
v 0.045627 3.147625 -1.392362
v 0.053343 3.153595 -1.364191
v 0.045627 3.159565 -1.336019
v 0.024546 3.163935 -1.315396
v -0.004251 3.165535 -1.307847
v -0.033048 3.163935 -1.315396
v -0.054129 3.159565 -1.336019
v -0.061846 3.153595 -1.364191
v -0.054129 3.147625 -1.392362
v -0.033048 3.143255 -1.412985
v -0.004251 3.141655 -1.420534
v 0.024546 3.084123 -1.398712
v 0.045627 3.089588 -1.378351
v 0.053343 3.097054 -1.350539
v 0.045627 3.104519 -1.322726
v 0.024546 3.109984 -1.302366
v -0.004251 3.111984 -1.294913
v -0.033048 3.109984 -1.302366
v -0.054129 3.104519 -1.322726
v -0.061846 3.097054 -1.350539
v -0.054129 3.089588 -1.378351
v -0.033048 3.084123 -1.398712
v -0.004251 3.082123 -1.406164
v 0.024546 3.019593 -1.379632
v 0.045627 3.025993 -1.359546
v 0.053343 3.034735 -1.332108
v 0.045627 3.043478 -1.304670
v 0.024546 3.049878 -1.284584
v -0.004251 3.052221 -1.277232
v -0.033048 3.049878 -1.284584
v -0.054129 3.043478 -1.304670
v -0.061846 3.034735 -1.332108
v -0.054129 3.025993 -1.359546
v -0.033048 3.019593 -1.379632
v -0.004251 3.017250 -1.386984
v 0.024546 2.947643 -1.355043
v 0.045627 2.954785 -1.335208
v 0.053343 2.964540 -1.308114
v 0.045627 2.974296 -1.281019
v 0.024546 2.981437 -1.261185
v -0.004251 2.984051 -1.253925
v -0.033048 2.981437 -1.261185
v -0.054129 2.974296 -1.281019
v -0.061846 2.964540 -1.308114
v -0.054129 2.954785 -1.335208
v -0.033048 2.947643 -1.355043
v -0.004251 2.945029 -1.362303
v 0.024546 2.866954 -1.324508
v 0.045627 2.874315 -1.304754
v 0.053343 2.884368 -1.277769
v 0.045627 2.894423 -1.250784
v 0.024546 2.901783 -1.231029
v -0.004251 2.904477 -1.223799
v -0.033048 2.901783 -1.231029
v -0.054129 2.894423 -1.250784
v -0.061846 2.884368 -1.277769
v -0.054129 2.874314 -1.304754
v -0.033048 2.866954 -1.324508
v -0.004251 2.864260 -1.331739
v 0.024546 2.786198 -1.294877
v 0.045627 2.792906 -1.274892
v 0.053343 2.802071 -1.247592
v 0.045627 2.811235 -1.220291
v 0.024546 2.817943 -1.200306
v -0.004251 2.820399 -1.192991
v -0.033048 2.817943 -1.200306
v -0.054129 2.811235 -1.220291
v -0.061846 2.802071 -1.247592
v -0.054129 2.792906 -1.274892
v -0.033048 2.786198 -1.294877
v -0.004251 2.783742 -1.302192
v 0.024546 2.712104 -1.272253
v 0.045627 2.717612 -1.251904
v 0.053343 2.725137 -1.224107
v 0.045627 2.732661 -1.196310
v 0.024546 2.738169 -1.175962
v -0.004251 2.740185 -1.168514
v -0.033048 2.738169 -1.175962
v -0.054129 2.732661 -1.196310
v -0.061846 2.725137 -1.224107
v -0.054129 2.717612 -1.251904
v -0.033048 2.712104 -1.272253
v -0.004251 2.710088 -1.279701
v 0.024546 2.641052 -1.255431
v 0.045627 2.645225 -1.234767
v 0.053343 2.650925 -1.206540
v 0.045627 2.656625 -1.178312
v 0.024546 2.660798 -1.157649
v -0.004251 2.662325 -1.150085
v -0.033048 2.660798 -1.157648
v -0.054129 2.656625 -1.178312
v -0.061846 2.650925 -1.206540
v -0.054129 2.645225 -1.234767
v -0.033048 2.641052 -1.255431
v -0.004251 2.639524 -1.262995
v 0.024546 2.570062 -1.243536
v 0.045627 2.572907 -1.222648
v 0.053343 2.576794 -1.194114
v 0.045627 2.580681 -1.165581
v 0.024546 2.583527 -1.144692
v -0.004251 2.584568 -1.137047
v -0.033048 2.583527 -1.144692
v -0.054129 2.580681 -1.165580
v -0.061846 2.576794 -1.194114
v -0.054129 2.572907 -1.222648
v -0.033048 2.570062 -1.243536
v -0.004251 2.569020 -1.251181
v 0.024546 2.496136 -1.235775
v 0.045627 2.497813 -1.214761
v 0.053343 2.500103 -1.186055
v 0.045627 2.502393 -1.157349
v 0.024546 2.504070 -1.136334
v -0.004251 2.504683 -1.128643
v -0.033048 2.504070 -1.136334
v -0.054129 2.502393 -1.157349
v -0.061846 2.500103 -1.186055
v -0.054129 2.497813 -1.214761
v -0.033048 2.496136 -1.235775
v -0.004251 2.495523 -1.243467
v 0.024546 2.416391 -1.231431
v 0.045627 2.417160 -1.210364
v 0.053343 2.418210 -1.181586
v 0.045627 2.419260 -1.152808
v 0.024546 2.420028 -1.131741
v -0.004251 2.420310 -1.124030
v -0.033048 2.420028 -1.131741
v -0.054129 2.419260 -1.152808
v -0.061846 2.418210 -1.181586
v -0.054129 2.417160 -1.210364
v -0.033048 2.416391 -1.231431
v -0.004251 2.416110 -1.239142
v 0.024546 2.328110 -1.229809
v 0.045627 2.328263 -1.208728
v 0.053343 2.328473 -1.179932
v 0.045627 2.328683 -1.151136
v 0.024546 2.328836 -1.130055
v -0.004251 2.328893 -1.122339
v -0.033048 2.328836 -1.130055
v -0.054129 2.328683 -1.151135
v -0.061846 2.328473 -1.179932
v -0.054129 2.328263 -1.208728
v -0.033048 2.328110 -1.229809
v -0.004251 2.328053 -1.237525
v 0.024546 0.988192 -1.236627
v 0.045627 0.988192 -1.215546
v 0.053343 0.988192 -1.186748
v 0.045627 0.988192 -1.157951
v 0.024546 0.988192 -1.136870
v -0.004251 0.988192 -1.129154
v -0.033048 0.988192 -1.136870
v -0.054129 0.988192 -1.157951
v -0.061846 0.988192 -1.186748
v -0.054129 0.988192 -1.215546
v -0.033048 0.988192 -1.236627
v -0.004251 0.988192 -1.244343
vt 0.000000 1.000000
vt 0.166667 1.000000
vt 0.166667 0.916667
vt 0.000000 0.916667
vt 0.000000 0.083333
vt 0.166667 0.083333
vt 0.166667 0.000000
vt 0.000000 0.000000
vt 0.000000 0.166667
vt 0.166667 0.166667
vt 0.000000 0.250000
vt 0.166667 0.250000
vt 0.000000 0.333333
vt 0.166667 0.333333
vt 0.000000 0.416667
vt 0.166667 0.416667
vt 0.000000 0.500000
vt 0.166667 0.500000
vt 0.000000 0.583333
vt 0.166667 0.583333
vt 0.000000 0.666667
vt 0.166667 0.666667
vt 0.000000 0.750000
vt 0.166667 0.750000
vt 0.000000 0.833333
vt 0.166667 0.833333
vt 0.208333 1.000000
vt 0.208333 0.916667
vt 0.208333 0.083333
vt 0.208333 0.000000
vt 0.208333 0.166667
vt 0.208333 0.250000
vt 0.208333 0.333333
vt 0.208333 0.416667
vt 0.208333 0.500000
vt 0.208333 0.583333
vt 0.208333 0.666667
vt 0.208333 0.750000
vt 0.208333 0.833333
vt 0.250000 1.000000
vt 0.250000 0.916667
vt 0.250000 0.083333
vt 0.250000 0.000000
vt 0.250000 0.166667
vt 0.250000 0.250000
vt 0.250000 0.333333
vt 0.250000 0.416667
vt 0.250000 0.500000
vt 0.250000 0.583333
vt 0.250000 0.666667
vt 0.250000 0.750000
vt 0.250000 0.833333
vt 0.291667 1.000000
vt 0.291667 0.916667
vt 0.291667 0.083333
vt 0.291667 0.000000
vt 0.291667 0.166667
vt 0.291667 0.250000
vt 0.291667 0.333333
vt 0.291667 0.416667
vt 0.291667 0.500000
vt 0.291667 0.583333
vt 0.291667 0.666667
vt 0.291667 0.750000
vt 0.291667 0.833333
vt 0.333333 1.000000
vt 0.333333 0.916667
vt 0.333333 0.083333
vt 0.333333 0.000000
vt 0.333333 0.166667
vt 0.333333 0.250000
vt 0.333333 0.333333
vt 0.333333 0.416667
vt 0.333333 0.500000
vt 0.333333 0.583333
vt 0.333333 0.666667
vt 0.333333 0.750000
vt 0.333333 0.833333
vt 0.375000 1.000000
vt 0.375000 0.916667
vt 0.375000 0.083333
vt 0.375000 0.000000
vt 0.375000 0.166667
vt 0.375000 0.250000
vt 0.375000 0.333333
vt 0.375000 0.416667
vt 0.375000 0.500000
vt 0.375000 0.583333
vt 0.375000 0.666667
vt 0.375000 0.750000
vt 0.375000 0.833333
vt 0.416667 1.000000
vt 0.416667 0.916667
vt 0.416667 0.083333
vt 0.416667 0.000000
vt 0.416667 0.166667
vt 0.416667 0.250000
vt 0.416667 0.333333
vt 0.416667 0.416667
vt 0.416667 0.500000
vt 0.416667 0.583333
vt 0.416667 0.666667
vt 0.416667 0.750000
vt 0.416667 0.833333
vt 0.458333 1.000000
vt 0.458333 0.916667
vt 0.458333 0.083333
vt 0.458333 0.000000
vt 0.458333 0.166667
vt 0.458333 0.250000
vt 0.458333 0.333333
vt 0.458333 0.416667
vt 0.458333 0.500000
vt 0.458333 0.583333
vt 0.458333 0.666667
vt 0.458333 0.750000
vt 0.458333 0.833333
vt 0.500000 1.000000
vt 0.500000 0.916667
vt 0.500000 0.083333
vt 0.500000 0.000000
vt 0.500000 0.166667
vt 0.500000 0.250000
vt 0.500000 0.333333
vt 0.500000 0.416667
vt 0.500000 0.500000
vt 0.500000 0.583333
vt 0.500000 0.666667
vt 0.500000 0.750000
vt 0.500000 0.833333
vt 0.541667 1.000000
vt 0.541667 0.916667
vt 0.541667 0.083333
vt 0.541667 0.000000
vt 0.541667 0.166667
vt 0.541667 0.250000
vt 0.541667 0.333333
vt 0.541667 0.416667
vt 0.541667 0.500000
vt 0.541667 0.583333
vt 0.541667 0.666667
vt 0.541667 0.750000
vt 0.541667 0.833333
vt 0.583333 1.000000
vt 0.583333 0.916667
vt 0.583333 0.083333
vt 0.583333 0.000000
vt 0.583333 0.166667
vt 0.583333 0.250000
vt 0.583333 0.333333
vt 0.583333 0.416667
vt 0.583333 0.500000
vt 0.583333 0.583333
vt 0.583333 0.666667
vt 0.583333 0.750000
vt 0.583333 0.833333
vt 0.625000 1.000000
vt 0.625000 0.916667
vt 0.625000 0.083333
vt 0.625000 0.000000
vt 0.625000 0.166667
vt 0.625000 0.250000
vt 0.625000 0.333333
vt 0.625000 0.416667
vt 0.625000 0.500000
vt 0.625000 0.583333
vt 0.625000 0.666667
vt 0.625000 0.750000
vt 0.625000 0.833333
vt 0.666667 1.000000
vt 0.666667 0.916667
vt 0.666667 0.083333
vt 0.666667 0.000000
vt 0.666667 0.166667
vt 0.666667 0.250000
vt 0.666667 0.333333
vt 0.666667 0.416667
vt 0.666667 0.500000
vt 0.666667 0.583333
vt 0.666667 0.666667
vt 0.666667 0.750000
vt 0.666667 0.833333
vt 0.708333 1.000000
vt 0.708333 0.916667
vt 0.708333 0.083333
vt 0.708333 0.000000
vt 0.708333 0.166667
vt 0.708333 0.250000
vt 0.708333 0.333333
vt 0.708333 0.416667
vt 0.708333 0.500000
vt 0.708333 0.583333
vt 0.708333 0.666667
vt 0.708333 0.750000
vt 0.708333 0.833333
vt 0.750000 1.000000
vt 0.750000 0.916667
vt 0.750000 0.083333
vt 0.750000 0.000000
vt 0.750000 0.166667
vt 0.750000 0.250000
vt 0.750000 0.333333
vt 0.750000 0.416667
vt 0.750000 0.500000
vt 0.750000 0.583333
vt 0.750000 0.666667
vt 0.750000 0.750000
vt 0.750000 0.833333
vt 0.791667 1.000000
vt 0.791667 0.916667
vt 0.791667 0.083333
vt 0.791667 0.000000
vt 0.791667 0.166667
vt 0.791667 0.250000
vt 0.791667 0.333333
vt 0.791667 0.416667
vt 0.791667 0.500000
vt 0.791667 0.583333
vt 0.791667 0.666667
vt 0.791667 0.750000
vt 0.791667 0.833333
vt 1.000000 1.000000
vt 1.000000 0.916667
vt 1.000000 0.083333
vt 1.000000 0.000000
vt 1.000000 0.166667
vt 1.000000 0.250000
vt 1.000000 0.333333
vt 1.000000 0.416667
vt 1.000000 0.500000
vt 1.000000 0.583333
vt 1.000000 0.666667
vt 1.000000 0.750000
vt 1.000000 0.833333
vn 0.5031 -0.0024 -0.8642
vn 0.4984 -0.0203 -0.8667
vn 0.0000 -0.0235 -0.9997
vn 0.0000 -0.0028 -1.0000
vn 0.8693 -0.0014 -0.4943
vn 0.8645 -0.0117 -0.5025
vn 0.9999 0.0000 0.0080
vn 1.0000 -0.0000 -0.0034
vn 0.8624 0.0014 0.5063
vn 0.8674 0.0116 0.4974
vn 0.4962 0.0024 0.8682
vn 0.5014 0.0202 0.8650
vn 0.0000 0.0028 1.0000
vn 0.0000 0.0233 0.9997
vn -0.4962 0.0024 0.8682
vn -0.5014 0.0202 0.8650
vn -0.8624 0.0014 0.5063
vn -0.8674 0.0116 0.4974
vn -0.9999 0.0000 0.0080
vn -1.0000 -0.0000 -0.0034
vn -0.8693 -0.0014 -0.4943
vn -0.8645 -0.0117 -0.5025
vn -0.5031 -0.0024 -0.8642
vn -0.4984 -0.0203 -0.8667
vn 0.4988 -0.0528 -0.8651
vn 0.0000 -0.0609 -0.9981
vn 0.8648 -0.0305 -0.5011
vn 1.0000 -0.0002 -0.0027
vn 0.8672 0.0302 0.4970
vn 0.5012 0.0525 0.8637
vn 0.0000 0.0607 0.9981
vn -0.5012 0.0525 0.8637
vn -0.8672 0.0302 0.4970
vn -1.0000 -0.0002 -0.0027
vn -0.8648 -0.0305 -0.5011
vn -0.4988 -0.0528 -0.8651
vn 0.4983 -0.0879 -0.8625
vn 0.0000 -0.1014 -0.9948
vn 0.8643 -0.0509 -0.5003
vn 1.0000 -0.0004 -0.0039
vn 0.8677 0.0503 0.4945
vn 0.5017 0.0875 0.8606
vn 0.0000 0.1011 0.9949
vn -0.5017 0.0875 0.8606
vn -0.8677 0.0503 0.4945
vn -1.0000 -0.0004 -0.0039
vn -0.8643 -0.0509 -0.5003
vn -0.4983 -0.0879 -0.8625
vn 0.4980 -0.1321 -0.8570
vn 0.0000 -0.1524 -0.9883
vn 0.8640 -0.0767 -0.4975
vn 1.0000 -0.0007 -0.0045
vn 0.8680 0.0756 0.4907
vn 0.5020 0.1317 0.8548
vn 0.0000 0.1523 0.9883
vn -0.5020 0.1317 0.8548
vn -0.8680 0.0756 0.4907
vn -1.0000 -0.0007 -0.0045
vn -0.8640 -0.0767 -0.4975
vn -0.4980 -0.1321 -0.8570
vn 0.4980 -0.1797 -0.8483
vn 0.0000 -0.2073 -0.9783
vn 0.8640 -0.1043 -0.4925
vn 1.0000 -0.0009 -0.0045
vn 0.8680 0.1029 0.4857
vn 0.5020 0.1793 0.8460
vn 0.0000 0.2073 0.9782
vn -0.5020 0.1793 0.8460
vn -0.8680 0.1029 0.4857
vn -1.0000 -0.0009 -0.0045
vn -0.8640 -0.1043 -0.4925
vn -0.4980 -0.1797 -0.8483
vn 0.4982 -0.2247 -0.8374
vn 0.0000 -0.2592 -0.9658
vn 0.8642 -0.1304 -0.4859
vn 1.0000 -0.0011 -0.0040
vn 0.8678 0.1288 0.4798
vn 0.5018 0.2243 0.8354
vn 0.0000 0.2593 0.9658
vn -0.5018 0.2243 0.8354
vn -0.8678 0.1288 0.4798
vn -1.0000 -0.0011 -0.0040
vn -0.8642 -0.1304 -0.4859
vn -0.4982 -0.2247 -0.8374
vn 0.4985 -0.2631 -0.8260
vn 0.0000 -0.3035 -0.9528
vn 0.8645 -0.1525 -0.4788
vn 1.0000 -0.0010 -0.0033
vn 0.8675 0.1510 0.4739
vn 0.5015 0.2627 0.8243
vn 0.0000 0.3037 0.9528
vn -0.5015 0.2627 0.8243
vn -0.8675 0.1510 0.4739
vn -1.0000 -0.0010 -0.0033
vn -0.8645 -0.1525 -0.4788
vn -0.4985 -0.2631 -0.8260
vn 0.4988 -0.2935 -0.8155
vn 0.0000 -0.3387 -0.9409
vn 0.8649 -0.1700 -0.4723
vn 1.0000 -0.0009 -0.0025
vn 0.8672 0.1687 0.4685
vn 0.5011 0.2932 0.8141
vn 0.0000 0.3388 0.9408
vn -0.5011 0.2932 0.8141
vn -0.8672 0.1687 0.4685
vn -1.0000 -0.0009 -0.0025
vn -0.8649 -0.1700 -0.4723
vn -0.4988 -0.2935 -0.8155
vn 0.5003 -0.3023 -0.8113
vn 0.0000 -0.3492 -0.9370
vn 0.8664 -0.1744 -0.4680
vn 1.0000 0.0003 0.0008
vn 0.8656 0.1748 0.4692
vn 0.4996 0.3024 0.8118
vn 0.0000 0.3490 0.9371
vn -0.4996 0.3024 0.8118
vn -0.8656 0.1748 0.4692
vn -1.0000 0.0003 0.0008
vn -0.8664 -0.1744 -0.4680
vn -0.5003 -0.3023 -0.8113
vn 0.5020 -0.2753 -0.8198
vn 0.0000 -0.3184 -0.9479
vn 0.8680 -0.1581 -0.4707
vn 1.0000 0.0014 0.0043
vn 0.8641 0.1601 0.4772
vn 0.4981 0.2758 0.8221
vn 0.0000 0.3181 0.9481
vn -0.4981 0.2758 0.8221
vn -0.8640 0.1601 0.4772
vn -1.0000 0.0014 0.0043
vn -0.8680 -0.1581 -0.4707
vn -0.5020 -0.2753 -0.8198
vn 0.5023 -0.2260 -0.8346
vn 0.0000 -0.2613 -0.9652
vn 0.8683 -0.1296 -0.4788
vn 1.0000 0.0013 0.0051
vn 0.8637 0.1316 0.4864
vn 0.4977 0.2266 0.8372
vn 0.0000 0.2612 0.9653
vn -0.4977 0.2266 0.8372
vn -0.8637 0.1316 0.4864
vn -1.0000 0.0013 0.0051
vn -0.8683 -0.1296 -0.4788
vn -0.5023 -0.2260 -0.8346
vn 0.5024 -0.1711 -0.8475
vn 0.0000 -0.1979 -0.9802
vn 0.8684 -0.0981 -0.4860
vn 1.0000 0.0011 0.0053
vn 0.8636 0.0998 0.4941
vn 0.4976 0.1717 0.8502
vn 0.0000 0.1979 0.9802
vn -0.4976 0.1717 0.8502
vn -0.8636 0.0998 0.4941
vn -1.0000 0.0011 0.0053
vn -0.8684 -0.0981 -0.4860
vn -0.5024 -0.1711 -0.8475
vn 0.5022 -0.1166 -0.8568
vn 0.0000 -0.1349 -0.9908
vn 0.8682 -0.0669 -0.4916
vn 1.0000 0.0007 0.0050
vn 0.8638 0.0680 0.4991
vn 0.4978 0.1171 0.8593
vn 0.0000 0.1350 0.9908
vn -0.4978 0.1171 0.8593
vn -0.8638 0.0680 0.4991
vn -1.0000 0.0007 0.0050
vn -0.8682 -0.0669 -0.4916
vn -0.5022 -0.1166 -0.8568
vn 0.5018 -0.0687 -0.8622
vn 0.0000 -0.0794 -0.9968
vn 0.8678 -0.0395 -0.4953
vn 1.0000 0.0003 0.0041
vn 0.8642 0.0400 0.5015
vn 0.4982 0.0690 0.8643
vn 0.0000 0.0796 0.9968
vn -0.4982 0.0690 0.8643
vn -0.8642 0.0400 0.5015
vn -1.0000 0.0003 0.0041
vn -0.8678 -0.0395 -0.4953
vn -0.5018 -0.0687 -0.8622
vn 0.5013 -0.0315 -0.8647
vn 0.0000 -0.0364 -0.9993
vn 0.8673 -0.0181 -0.4974
vn 1.0000 0.0001 0.0030
vn 0.8647 0.0183 0.5019
vn 0.4987 0.0316 0.8662
vn 0.0000 0.0365 0.9993
vn -0.4987 0.0316 0.8662
vn -0.8647 0.0183 0.5019
vn -1.0000 0.0001 0.0030
vn -0.8673 -0.0181 -0.4974
vn -0.5013 -0.0315 -0.8647
vn 0.5008 -0.0057 -0.8655
vn 0.0000 -0.0066 -1.0000
vn 0.8668 -0.0033 -0.4985
vn 1.0000 0.0000 0.0019
vn 0.8652 0.0033 0.5014
vn 0.4991 0.0058 0.8665
vn 0.0000 0.0067 1.0000
vn -0.4991 0.0058 0.8665
vn -0.8652 0.0033 0.5014
vn -1.0000 0.0000 0.0019
vn -0.8668 -0.0033 -0.4985
vn -0.5008 -0.0057 -0.8655
vn 0.4996 0.0044 -0.8662
vn 0.0000 0.0051 -1.0000
vn 0.8656 0.0025 -0.5006
vn 1.0000 0.0000 -0.0008
vn 0.8664 -0.0025 0.4994
vn 0.5003 -0.0044 0.8658
vn 0.0000 -0.0051 1.0000
vn -0.5003 -0.0044 0.8658
vn -0.8664 -0.0025 0.4994
vn -1.0000 0.0000 -0.0008
vn -0.8656 0.0025 -0.5006
vn -0.4996 0.0044 -0.8662
usemtl None
s 1
f 1411/1689/1478 1423/1690/1479 1434/1691/1480 1422/1692/1481
f 1412/1693/1482 1424/1694/1483 1423/1695/1479 1411/1696/1478
f 1413/1697/1484 1425/1698/1485 1424/1694/1483 1412/1693/1482
f 1414/1699/1486 1426/1700/1487 1425/1698/1485 1413/1697/1484
f 1415/1701/1488 1427/1702/1489 1426/1700/1487 1414/1699/1486
f 1416/1703/1490 1428/1704/1491 1427/1702/1489 1415/1701/1488
f 1417/1705/1492 1429/1706/1493 1428/1704/1491 1416/1703/1490
f 1418/1707/1494 1430/1708/1495 1429/1706/1493 1417/1705/1492
f 1419/1709/1496 1431/1710/1497 1430/1708/1495 1418/1707/1494
f 1420/1711/1498 1432/1712/1499 1431/1710/1497 1419/1709/1496
f 1421/1713/1500 1433/1714/1501 1432/1712/1499 1420/1711/1498
f 1422/1692/1481 1434/1691/1480 1433/1714/1501 1421/1713/1500
f 1423/1690/1479 1435/1715/1502 1446/1716/1503 1434/1691/1480
f 1424/1694/1483 1436/1717/1504 1435/1718/1502 1423/1695/1479
f 1425/1698/1485 1437/1719/1505 1436/1717/1504 1424/1694/1483
f 1426/1700/1487 1438/1720/1506 1437/1719/1505 1425/1698/1485
f 1427/1702/1489 1439/1721/1507 1438/1720/1506 1426/1700/1487
f 1428/1704/1491 1440/1722/1508 1439/1721/1507 1427/1702/1489
f 1429/1706/1493 1441/1723/1509 1440/1722/1508 1428/1704/1491
f 1430/1708/1495 1442/1724/1510 1441/1723/1509 1429/1706/1493
f 1431/1710/1497 1443/1725/1511 1442/1724/1510 1430/1708/1495
f 1432/1712/1499 1444/1726/1512 1443/1725/1511 1431/1710/1497
f 1433/1714/1501 1445/1727/1513 1444/1726/1512 1432/1712/1499
f 1434/1691/1480 1446/1716/1503 1445/1727/1513 1433/1714/1501
f 1435/1715/1502 1447/1728/1514 1458/1729/1515 1446/1716/1503
f 1436/1717/1504 1448/1730/1516 1447/1731/1514 1435/1718/1502
f 1437/1719/1505 1449/1732/1517 1448/1730/1516 1436/1717/1504
f 1438/1720/1506 1450/1733/1518 1449/1732/1517 1437/1719/1505
f 1439/1721/1507 1451/1734/1519 1450/1733/1518 1438/1720/1506
f 1440/1722/1508 1452/1735/1520 1451/1734/1519 1439/1721/1507
f 1441/1723/1509 1453/1736/1521 1452/1735/1520 1440/1722/1508
f 1442/1724/1510 1454/1737/1522 1453/1736/1521 1441/1723/1509
f 1443/1725/1511 1455/1738/1523 1454/1737/1522 1442/1724/1510
f 1444/1726/1512 1456/1739/1524 1455/1738/1523 1443/1725/1511
f 1445/1727/1513 1457/1740/1525 1456/1739/1524 1444/1726/1512
f 1446/1716/1503 1458/1729/1515 1457/1740/1525 1445/1727/1513
f 1447/1728/1514 1459/1741/1526 1470/1742/1527 1458/1729/1515
f 1448/1730/1516 1460/1743/1528 1459/1744/1526 1447/1731/1514
f 1449/1732/1517 1461/1745/1529 1460/1743/1528 1448/1730/1516
f 1450/1733/1518 1462/1746/1530 1461/1745/1529 1449/1732/1517
f 1451/1734/1519 1463/1747/1531 1462/1746/1530 1450/1733/1518
f 1452/1735/1520 1464/1748/1532 1463/1747/1531 1451/1734/1519
f 1453/1736/1521 1465/1749/1533 1464/1748/1532 1452/1735/1520
f 1454/1737/1522 1466/1750/1534 1465/1749/1533 1453/1736/1521
f 1455/1738/1523 1467/1751/1535 1466/1750/1534 1454/1737/1522
f 1456/1739/1524 1468/1752/1536 1467/1751/1535 1455/1738/1523
f 1457/1740/1525 1469/1753/1537 1468/1752/1536 1456/1739/1524
f 1458/1729/1515 1470/1742/1527 1469/1753/1537 1457/1740/1525
f 1459/1741/1526 1471/1754/1538 1482/1755/1539 1470/1742/1527
f 1460/1743/1528 1472/1756/1540 1471/1757/1538 1459/1744/1526
f 1461/1745/1529 1473/1758/1541 1472/1756/1540 1460/1743/1528
f 1462/1746/1530 1474/1759/1542 1473/1758/1541 1461/1745/1529
f 1463/1747/1531 1475/1760/1543 1474/1759/1542 1462/1746/1530
f 1464/1748/1532 1476/1761/1544 1475/1760/1543 1463/1747/1531
f 1465/1749/1533 1477/1762/1545 1476/1761/1544 1464/1748/1532
f 1466/1750/1534 1478/1763/1546 1477/1762/1545 1465/1749/1533
f 1467/1751/1535 1479/1764/1547 1478/1763/1546 1466/1750/1534
f 1468/1752/1536 1480/1765/1548 1479/1764/1547 1467/1751/1535
f 1469/1753/1537 1481/1766/1549 1480/1765/1548 1468/1752/1536
f 1470/1742/1527 1482/1755/1539 1481/1766/1549 1469/1753/1537
f 1471/1754/1538 1483/1767/1550 1494/1768/1551 1482/1755/1539
f 1472/1756/1540 1484/1769/1552 1483/1770/1550 1471/1757/1538
f 1473/1758/1541 1485/1771/1553 1484/1769/1552 1472/1756/1540
f 1474/1759/1542 1486/1772/1554 1485/1771/1553 1473/1758/1541
f 1475/1760/1543 1487/1773/1555 1486/1772/1554 1474/1759/1542
f 1476/1761/1544 1488/1774/1556 1487/1773/1555 1475/1760/1543
f 1477/1762/1545 1489/1775/1557 1488/1774/1556 1476/1761/1544
f 1478/1763/1546 1490/1776/1558 1489/1775/1557 1477/1762/1545
f 1479/1764/1547 1491/1777/1559 1490/1776/1558 1478/1763/1546
f 1480/1765/1548 1492/1778/1560 1491/1777/1559 1479/1764/1547
f 1481/1766/1549 1493/1779/1561 1492/1778/1560 1480/1765/1548
f 1482/1755/1539 1494/1768/1551 1493/1779/1561 1481/1766/1549
f 1483/1767/1550 1495/1780/1562 1506/1781/1563 1494/1768/1551
f 1484/1769/1552 1496/1782/1564 1495/1783/1562 1483/1770/1550
f 1485/1771/1553 1497/1784/1565 1496/1782/1564 1484/1769/1552
f 1486/1772/1554 1498/1785/1566 1497/1784/1565 1485/1771/1553
f 1487/1773/1555 1499/1786/1567 1498/1785/1566 1486/1772/1554
f 1488/1774/1556 1500/1787/1568 1499/1786/1567 1487/1773/1555
f 1489/1775/1557 1501/1788/1569 1500/1787/1568 1488/1774/1556
f 1490/1776/1558 1502/1789/1570 1501/1788/1569 1489/1775/1557
f 1491/1777/1559 1503/1790/1571 1502/1789/1570 1490/1776/1558
f 1492/1778/1560 1504/1791/1572 1503/1790/1571 1491/1777/1559
f 1493/1779/1561 1505/1792/1573 1504/1791/1572 1492/1778/1560
f 1494/1768/1551 1506/1781/1563 1505/1792/1573 1493/1779/1561
f 1495/1780/1562 1507/1793/1574 1518/1794/1575 1506/1781/1563
f 1496/1782/1564 1508/1795/1576 1507/1796/1574 1495/1783/1562
f 1497/1784/1565 1509/1797/1577 1508/1795/1576 1496/1782/1564
f 1498/1785/1566 1510/1798/1578 1509/1797/1577 1497/1784/1565
f 1499/1786/1567 1511/1799/1579 1510/1798/1578 1498/1785/1566
f 1500/1787/1568 1512/1800/1580 1511/1799/1579 1499/1786/1567
f 1501/1788/1569 1513/1801/1581 1512/1800/1580 1500/1787/1568
f 1502/1789/1570 1514/1802/1582 1513/1801/1581 1501/1788/1569
f 1503/1790/1571 1515/1803/1583 1514/1802/1582 1502/1789/1570
f 1504/1791/1572 1516/1804/1584 1515/1803/1583 1503/1790/1571
f 1505/1792/1573 1517/1805/1585 1516/1804/1584 1504/1791/1572
f 1506/1781/1563 1518/1794/1575 1517/1805/1585 1505/1792/1573
f 1507/1793/1574 1519/1806/1586 1530/1807/1587 1518/1794/1575
f 1508/1795/1576 1520/1808/1588 1519/1809/1586 1507/1796/1574
f 1509/1797/1577 1521/1810/1589 1520/1808/1588 1508/1795/1576
f 1510/1798/1578 1522/1811/1590 1521/1810/1589 1509/1797/1577
f 1511/1799/1579 1523/1812/1591 1522/1811/1590 1510/1798/1578
f 1512/1800/1580 1524/1813/1592 1523/1812/1591 1511/1799/1579
f 1513/1801/1581 1525/1814/1593 1524/1813/1592 1512/1800/1580
f 1514/1802/1582 1526/1815/1594 1525/1814/1593 1513/1801/1581
f 1515/1803/1583 1527/1816/1595 1526/1815/1594 1514/1802/1582
f 1516/1804/1584 1528/1817/1596 1527/1816/1595 1515/1803/1583
f 1517/1805/1585 1529/1818/1597 1528/1817/1596 1516/1804/1584
f 1518/1794/1575 1530/1807/1587 1529/1818/1597 1517/1805/1585
f 1519/1806/1586 1531/1819/1598 1542/1820/1599 1530/1807/1587
f 1520/1808/1588 1532/1821/1600 1531/1822/1598 1519/1809/1586
f 1521/1810/1589 1533/1823/1601 1532/1821/1600 1520/1808/1588
f 1522/1811/1590 1534/1824/1602 1533/1823/1601 1521/1810/1589
f 1523/1812/1591 1535/1825/1603 1534/1824/1602 1522/1811/1590
f 1524/1813/1592 1536/1826/1604 1535/1825/1603 1523/1812/1591
f 1525/1814/1593 1537/1827/1605 1536/1826/1604 1524/1813/1592
f 1526/1815/1594 1538/1828/1606 1537/1827/1605 1525/1814/1593
f 1527/1816/1595 1539/1829/1607 1538/1828/1606 1526/1815/1594
f 1528/1817/1596 1540/1830/1608 1539/1829/1607 1527/1816/1595
f 1529/1818/1597 1541/1831/1609 1540/1830/1608 1528/1817/1596
f 1530/1807/1587 1542/1820/1599 1541/1831/1609 1529/1818/1597
f 1531/1819/1598 1543/1832/1610 1554/1833/1611 1542/1820/1599
f 1532/1821/1600 1544/1834/1612 1543/1835/1610 1531/1822/1598
f 1533/1823/1601 1545/1836/1613 1544/1834/1612 1532/1821/1600
f 1534/1824/1602 1546/1837/1614 1545/1836/1613 1533/1823/1601
f 1535/1825/1603 1547/1838/1615 1546/1837/1614 1534/1824/1602
f 1536/1826/1604 1548/1839/1616 1547/1838/1615 1535/1825/1603
f 1537/1827/1605 1549/1840/1617 1548/1839/1616 1536/1826/1604
f 1538/1828/1606 1550/1841/1618 1549/1840/1617 1537/1827/1605
f 1539/1829/1607 1551/1842/1619 1550/1841/1618 1538/1828/1606
f 1540/1830/1608 1552/1843/1620 1551/1842/1619 1539/1829/1607
f 1541/1831/1609 1553/1844/1621 1552/1843/1620 1540/1830/1608
f 1542/1820/1599 1554/1833/1611 1553/1844/1621 1541/1831/1609
f 1543/1832/1610 1555/1845/1622 1566/1846/1623 1554/1833/1611
f 1544/1834/1612 1556/1847/1624 1555/1848/1622 1543/1835/1610
f 1545/1836/1613 1557/1849/1625 1556/1847/1624 1544/1834/1612
f 1546/1837/1614 1558/1850/1626 1557/1849/1625 1545/1836/1613
f 1547/1838/1615 1559/1851/1627 1558/1850/1626 1546/1837/1614
f 1548/1839/1616 1560/1852/1628 1559/1851/1627 1547/1838/1615
f 1549/1840/1617 1561/1853/1629 1560/1852/1628 1548/1839/1616
f 1550/1841/1618 1562/1854/1630 1561/1853/1629 1549/1840/1617
f 1551/1842/1619 1563/1855/1631 1562/1854/1630 1550/1841/1618
f 1552/1843/1620 1564/1856/1632 1563/1855/1631 1551/1842/1619
f 1553/1844/1621 1565/1857/1633 1564/1856/1632 1552/1843/1620
f 1554/1833/1611 1566/1846/1623 1565/1857/1633 1553/1844/1621
f 1555/1845/1622 1567/1858/1634 1578/1859/1635 1566/1846/1623
f 1556/1847/1624 1568/1860/1636 1567/1861/1634 1555/1848/1622
f 1557/1849/1625 1569/1862/1637 1568/1860/1636 1556/1847/1624
f 1558/1850/1626 1570/1863/1638 1569/1862/1637 1557/1849/1625
f 1559/1851/1627 1571/1864/1639 1570/1863/1638 1558/1850/1626
f 1560/1852/1628 1572/1865/1640 1571/1864/1639 1559/1851/1627
f 1561/1853/1629 1573/1866/1641 1572/1865/1640 1560/1852/1628
f 1562/1854/1630 1574/1867/1642 1573/1866/1641 1561/1853/1629
f 1563/1855/1631 1575/1868/1643 1574/1867/1642 1562/1854/1630
f 1564/1856/1632 1576/1869/1644 1575/1868/1643 1563/1855/1631
f 1565/1857/1633 1577/1870/1645 1576/1869/1644 1564/1856/1632
f 1566/1846/1623 1578/1859/1635 1577/1870/1645 1565/1857/1633
f 1567/1858/1634 1579/1871/1646 1590/1872/1647 1578/1859/1635
f 1568/1860/1636 1580/1873/1648 1579/1874/1646 1567/1861/1634
f 1569/1862/1637 1581/1875/1649 1580/1873/1648 1568/1860/1636
f 1570/1863/1638 1582/1876/1650 1581/1875/1649 1569/1862/1637
f 1571/1864/1639 1583/1877/1651 1582/1876/1650 1570/1863/1638
f 1572/1865/1640 1584/1878/1652 1583/1877/1651 1571/1864/1639
f 1573/1866/1641 1585/1879/1653 1584/1878/1652 1572/1865/1640
f 1574/1867/1642 1586/1880/1654 1585/1879/1653 1573/1866/1641
f 1575/1868/1643 1587/1881/1655 1586/1880/1654 1574/1867/1642
f 1576/1869/1644 1588/1882/1656 1587/1881/1655 1575/1868/1643
f 1577/1870/1645 1589/1883/1657 1588/1882/1656 1576/1869/1644
f 1578/1859/1635 1590/1872/1647 1589/1883/1657 1577/1870/1645
f 1579/1871/1646 1591/1884/1658 1602/1885/1659 1590/1872/1647
f 1580/1873/1648 1592/1886/1660 1591/1887/1658 1579/1874/1646
f 1581/1875/1649 1593/1888/1661 1592/1886/1660 1580/1873/1648
f 1582/1876/1650 1594/1889/1662 1593/1888/1661 1581/1875/1649
f 1583/1877/1651 1595/1890/1663 1594/1889/1662 1582/1876/1650
f 1584/1878/1652 1596/1891/1664 1595/1890/1663 1583/1877/1651
f 1585/1879/1653 1597/1892/1665 1596/1891/1664 1584/1878/1652
f 1586/1880/1654 1598/1893/1666 1597/1892/1665 1585/1879/1653
f 1587/1881/1655 1599/1894/1667 1598/1893/1666 1586/1880/1654
f 1588/1882/1656 1600/1895/1668 1599/1894/1667 1587/1881/1655
f 1589/1883/1657 1601/1896/1669 1600/1895/1668 1588/1882/1656
f 1590/1872/1647 1602/1885/1659 1601/1896/1669 1589/1883/1657
f 1591/1884/1658 1603/1897/1670 1614/1898/1671 1602/1885/1659
f 1592/1886/1660 1604/1899/1672 1603/1900/1670 1591/1887/1658
f 1593/1888/1661 1605/1901/1673 1604/1899/1672 1592/1886/1660
f 1594/1889/1662 1606/1902/1674 1605/1901/1673 1593/1888/1661
f 1595/1890/1663 1607/1903/1675 1606/1902/1674 1594/1889/1662
f 1596/1891/1664 1608/1904/1676 1607/1903/1675 1595/1890/1663
f 1597/1892/1665 1609/1905/1677 1608/1904/1676 1596/1891/1664
f 1598/1893/1666 1610/1906/1678 1609/1905/1677 1597/1892/1665
f 1599/1894/1667 1611/1907/1679 1610/1906/1678 1598/1893/1666
f 1600/1895/1668 1612/1908/1680 1611/1907/1679 1599/1894/1667
f 1601/1896/1669 1613/1909/1681 1612/1908/1680 1600/1895/1668
f 1602/1885/1659 1614/1898/1671 1613/1909/1681 1601/1896/1669
f 1603/1897/1670 1615/1910/1682 1626/1911/1683 1614/1898/1671
f 1604/1899/1672 1616/1912/1684 1615/1913/1682 1603/1900/1670
f 1605/1901/1673 1617/1914/1685 1616/1912/1684 1604/1899/1672
f 1606/1902/1674 1618/1915/1686 1617/1914/1685 1605/1901/1673
f 1607/1903/1675 1619/1916/1687 1618/1915/1686 1606/1902/1674
f 1608/1904/1676 1620/1917/1688 1619/1916/1687 1607/1903/1675
f 1609/1905/1677 1621/1918/1689 1620/1917/1688 1608/1904/1676
f 1610/1906/1678 1622/1919/1690 1621/1918/1689 1609/1905/1677
f 1611/1907/1679 1623/1920/1691 1622/1919/1690 1610/1906/1678
f 1612/1908/1680 1624/1921/1692 1623/1920/1691 1611/1907/1679
f 1613/1909/1681 1625/1922/1693 1624/1921/1692 1612/1908/1680
f 1614/1898/1671 1626/1911/1683 1625/1922/1693 1613/1909/1681
o LC-ArmPitSupport_Sphere.003
v 0.003254 6.801765 0.556140
v 0.003254 6.793982 0.530480
v 0.003254 6.781341 0.506831
v 0.003254 6.764330 0.486103
v 0.003254 6.743602 0.469092
v 0.003254 6.719953 0.456451
v 0.003254 6.694293 0.448667
v 0.008461 6.801765 0.556653
v 0.013467 6.793982 0.531486
v 0.018080 6.781341 0.508291
v 0.022124 6.764330 0.487962
v 0.025443 6.743602 0.471277
v 0.027909 6.719953 0.458880
v 0.029427 6.694293 0.451245
v 0.013467 6.801765 0.558171
v 0.023286 6.793982 0.534464
v 0.032336 6.781341 0.512616
v 0.040269 6.764330 0.493466
v 0.046779 6.743602 0.477749
v 0.051616 6.719953 0.466071
v 0.054595 6.694293 0.458880
v 0.018080 6.801765 0.560638
v 0.032336 6.793982 0.539302
v 0.045475 6.781341 0.519639
v 0.056991 6.764330 0.502404
v 0.066442 6.743602 0.488259
v 0.073464 6.719953 0.477749
v 0.077789 6.694293 0.471277
v 0.022124 6.801765 0.563956
v 0.040269 6.793982 0.545812
v 0.056991 6.781341 0.529090
v 0.071648 6.764330 0.514433
v 0.083677 6.743602 0.502404
v 0.092615 6.719953 0.493466
v 0.098119 6.694293 0.487962
v 0.025443 6.801765 0.568000
v 0.046779 6.793982 0.553744
v 0.066442 6.781341 0.540606
v 0.083677 6.764330 0.529090
v 0.097821 6.743602 0.519639
v 0.108331 6.719953 0.512616
v 0.114803 6.694293 0.508291
v 0.027909 6.801765 0.572614
v 0.051616 6.793982 0.562794
v 0.073464 6.781341 0.553744
v 0.092615 6.764330 0.545812
v 0.108331 6.743602 0.539302
v 0.120009 6.719953 0.534465
v 0.127201 6.694293 0.531486
v 0.029428 6.801765 0.577620
v 0.054595 6.793982 0.572614
v 0.077789 6.781341 0.568000
v 0.098119 6.764330 0.563956
v 0.114803 6.743602 0.560638
v 0.127201 6.719953 0.558172
v 0.134835 6.694293 0.556653
v 0.029940 6.801765 0.582826
v 0.055601 6.793982 0.582826
v 0.079249 6.781341 0.582826
v 0.099977 6.764330 0.582826
v 0.116989 6.743602 0.582826
v 0.129629 6.719953 0.582826
v 0.137413 6.694293 0.582826
v 0.003254 6.804394 0.582826
v -0.023431 6.801765 0.582826
v -0.049092 6.793982 0.582826
v -0.072740 6.781341 0.582826
v -0.093468 6.764330 0.582826
v -0.110480 6.743602 0.582826
v -0.123120 6.719953 0.582826
v -0.130904 6.694293 0.582826
v -0.022919 6.801765 0.577620
v -0.048086 6.793982 0.572614
v -0.071280 6.781341 0.568000
v -0.091610 6.764330 0.563956
v -0.108294 6.743602 0.560638
v -0.120692 6.719953 0.558172
v -0.128326 6.694293 0.556653
v -0.021400 6.801765 0.572614
v -0.045107 6.793982 0.562794
v -0.066955 6.781341 0.553744
v -0.086106 6.764330 0.545812
v -0.101822 6.743602 0.539302
v -0.113500 6.719953 0.534465
v -0.120692 6.694293 0.531486
v -0.018934 6.801765 0.568000
v -0.040270 6.793982 0.553744
v -0.059933 6.781341 0.540606
v -0.077168 6.764330 0.529090
v -0.091312 6.743602 0.519639
v -0.101822 6.719953 0.512616
v -0.108294 6.694293 0.508291
v -0.015615 6.801765 0.563956
v -0.033760 6.793982 0.545812
v -0.050482 6.781341 0.529090
v -0.065139 6.764330 0.514433
v -0.077168 6.743602 0.502404
v -0.086106 6.719953 0.493466
v -0.091610 6.694293 0.487962
v -0.011571 6.801765 0.560638
v -0.025827 6.793982 0.539302
v -0.038966 6.781341 0.519639
v -0.050482 6.764330 0.502404
v -0.059933 6.743602 0.488260
v -0.066955 6.719953 0.477749
v -0.071280 6.694293 0.471277
v -0.006958 6.801765 0.558172
v -0.016778 6.793982 0.534465
v -0.025827 6.781341 0.512616
v -0.033760 6.764330 0.493466
v -0.040270 6.743602 0.477749
v -0.045107 6.719953 0.466071
v -0.048086 6.694293 0.458880
v -0.001952 6.801765 0.556653
v -0.006958 6.793982 0.531486
v -0.011571 6.781341 0.508292
v -0.015615 6.764330 0.487962
v -0.018934 6.743602 0.471277
v -0.021400 6.719953 0.458880
v -0.022919 6.694293 0.451245
v 0.003254 6.585538 0.448667
v 0.029427 6.585538 0.451245
v 0.054595 6.585538 0.458880
v 0.077789 6.585538 0.471277
v 0.098119 6.585538 0.487962
v 0.114803 6.585538 0.508291
v 0.127201 6.585538 0.531486
v 0.134835 6.585538 0.556653
v 0.137413 6.583683 0.582826
v -0.130904 6.583683 0.582826
v -0.128326 6.585538 0.556653
v -0.120692 6.585538 0.531486
v -0.108294 6.585538 0.508291
v -0.091610 6.585538 0.487962
v -0.071280 6.585538 0.471277
v -0.048086 6.585538 0.458880
v -0.022919 6.585538 0.451245
v 0.003254 6.801765 1.601650
v 0.003254 6.793982 1.627310
v 0.003254 6.781341 1.650959
v 0.003254 6.764330 1.671687
v 0.003254 6.743602 1.688698
v 0.003254 6.719953 1.701338
v 0.003254 6.694293 1.709122
v -0.001952 6.801765 1.601137
v -0.006958 6.793982 1.626304
v -0.011571 6.781341 1.649498
v -0.015615 6.764330 1.669828
v -0.018934 6.743602 1.686512
v -0.021400 6.719953 1.698910
v -0.022919 6.694293 1.706544
v -0.006958 6.801765 1.599618
v -0.016778 6.793982 1.623325
v -0.025827 6.781341 1.645174
v -0.033760 6.764330 1.664324
v -0.040270 6.743602 1.680040
v -0.045107 6.719953 1.691719
v -0.048086 6.694293 1.698910
v -0.011571 6.801765 1.597152
v -0.025827 6.793982 1.618488
v -0.038966 6.781341 1.638151
v -0.050482 6.764330 1.655386
v -0.059933 6.743602 1.669530
v -0.066955 6.719953 1.680040
v -0.071280 6.694293 1.686512
v -0.015615 6.801765 1.593833
v -0.033760 6.793982 1.611978
v -0.050482 6.781341 1.628700
v -0.065139 6.764330 1.643357
v -0.077168 6.743602 1.655386
v -0.086106 6.719953 1.664324
v -0.091610 6.694293 1.669828
v -0.018934 6.801765 1.589790
v -0.040270 6.793982 1.604046
v -0.059933 6.781341 1.617184
v -0.077168 6.764330 1.628700
v -0.091312 6.743602 1.638151
v -0.101822 6.719953 1.645174
v -0.108294 6.694293 1.649498
v -0.021400 6.801765 1.585176
v -0.045107 6.793982 1.594996
v -0.066956 6.781341 1.604046
v -0.086106 6.764330 1.611978
v -0.101822 6.743602 1.618488
v -0.113500 6.719953 1.623325
v -0.120692 6.694293 1.626304
v -0.022919 6.801765 1.580170
v -0.048086 6.793982 1.585176
v -0.071280 6.781341 1.589790
v -0.091610 6.764330 1.593833
v -0.108294 6.743602 1.597152
v -0.120692 6.719953 1.599618
v -0.128326 6.694293 1.601137
v -0.023431 6.801765 1.574964
v -0.049092 6.793982 1.574964
v -0.072740 6.781341 1.574964
v -0.093468 6.764330 1.574964
v -0.110480 6.743602 1.574964
v -0.123120 6.719953 1.574964
v -0.130904 6.694293 1.574964
v 0.003254 6.804394 1.574964
v 0.029940 6.801765 1.574964
v 0.055600 6.793982 1.574964
v 0.079249 6.781341 1.574964
v 0.099977 6.764330 1.574964
v 0.116988 6.743602 1.574964
v 0.129629 6.719953 1.574964
v 0.137413 6.694293 1.574964
v 0.029427 6.801765 1.580170
v 0.054595 6.793982 1.585176
v 0.077789 6.781341 1.589790
v 0.098119 6.764330 1.593833
v 0.114803 6.743602 1.597152
v 0.127201 6.719953 1.599618
v 0.134835 6.694293 1.601137
v 0.027909 6.801765 1.585176
v 0.051616 6.793982 1.594996
v 0.073464 6.781341 1.604046
v 0.092615 6.764330 1.611978
v 0.108331 6.743602 1.618488
v 0.120009 6.719953 1.623325
v 0.127201 6.694293 1.626304
v 0.025443 6.801765 1.589790
v 0.046779 6.793982 1.604046
v 0.066442 6.781341 1.617184
v 0.083677 6.764330 1.628700
v 0.097821 6.743602 1.638151
v 0.108331 6.719953 1.645174
v 0.114803 6.694293 1.649498
v 0.022124 6.801765 1.593833
v 0.040269 6.793982 1.611978
v 0.056991 6.781341 1.628700
v 0.071648 6.764330 1.643357
v 0.083677 6.743602 1.655386
v 0.092615 6.719953 1.664324
v 0.098119 6.694293 1.669828
v 0.018080 6.801765 1.597152
v 0.032336 6.793982 1.618488
v 0.045475 6.781341 1.638151
v 0.056991 6.764330 1.655386
v 0.066442 6.743602 1.669530
v 0.073464 6.719953 1.680040
v 0.077789 6.694293 1.686512
v 0.013467 6.801765 1.599618
v 0.023286 6.793982 1.623325
v 0.032336 6.781341 1.645174
v 0.040269 6.764330 1.664324
v 0.046779 6.743602 1.680040
v 0.051616 6.719953 1.691719
v 0.054595 6.694293 1.698910
v 0.008461 6.801765 1.601137
v 0.013467 6.793982 1.626304
v 0.018080 6.781341 1.649498
v 0.022124 6.764330 1.669828
v 0.025443 6.743602 1.686512
v 0.027909 6.719953 1.698910
v 0.029427 6.694293 1.706544
v 0.003254 6.585538 1.709122
v -0.022919 6.585538 1.706544
v -0.048086 6.585538 1.698910
v -0.071280 6.585538 1.686512
v -0.091610 6.585538 1.669828
v -0.108294 6.585538 1.649498
v -0.120692 6.585538 1.626304
v -0.128326 6.585538 1.601137
v -0.130904 6.583683 1.574964
v 0.137413 6.583683 1.574964
v 0.134835 6.585538 1.601137
v 0.127201 6.585538 1.626304
v 0.114803 6.585538 1.649498
v 0.098119 6.585538 1.669828
v 0.077789 6.585538 1.686512
v 0.054595 6.585538 1.698910
v 0.029427 6.585538 1.706544
v 0.137413 6.668344 1.395254
v 0.137413 6.668344 0.762535
v 0.137413 6.654340 1.250107
v 0.137413 6.649422 1.078895
v 0.137413 6.654340 0.907682
v 0.003254 6.778291 0.763599
v 0.003254 6.778291 1.394191
v 0.003254 6.764334 0.908258
v 0.003254 6.759433 1.078895
v 0.003254 6.764334 1.249532
v -0.023431 6.775669 1.394232
v -0.023431 6.775669 0.763558
v -0.023431 6.761710 1.249554
v -0.023431 6.756809 1.078895
v -0.023431 6.761710 0.908236
v -0.049092 6.767902 0.763439
v -0.049092 6.767902 1.394351
v -0.049092 6.753938 0.908171
v -0.049092 6.749034 1.078895
v -0.049092 6.753938 1.249618
v -0.072740 6.755287 0.763261
v -0.072740 6.755287 1.394529
v -0.072740 6.741315 0.908075
v -0.072740 6.736409 1.078895
v -0.072740 6.741315 1.249715
v -0.093468 6.738307 0.763050
v -0.093468 6.738307 1.394740
v -0.093468 6.724326 0.907961
v -0.093468 6.719416 1.078895
v -0.093468 6.724326 1.249829
v -0.110480 6.717609 0.762838
v -0.110480 6.717609 1.394952
v -0.110480 6.703619 0.907846
v -0.110480 6.698706 1.078895
v -0.110480 6.703619 1.249944
v -0.123120 6.693986 0.762657
v -0.123120 6.693986 1.395133
v -0.123120 6.679988 0.907748
v -0.123120 6.675072 1.078895
v -0.123120 6.679988 1.250041
v -0.130904 6.668344 0.762535
v -0.130904 6.668344 1.395254
v -0.130904 6.654340 0.907682
v -0.130904 6.649422 1.078895
v -0.130904 6.654340 1.250107
v 0.029940 6.775669 0.763558
v 0.029940 6.775669 1.394232
v 0.029940 6.761710 0.908236
v 0.029940 6.756809 1.078895
v 0.029940 6.761710 1.249554
v 0.055600 6.767902 1.394351
v 0.055601 6.767902 0.763439
v 0.055600 6.753938 1.249619
v 0.055601 6.749034 1.078895
v 0.055601 6.753938 0.908171
v 0.079249 6.755287 1.394529
v 0.079249 6.755287 0.763261
v 0.079249 6.741315 1.249715
v 0.079249 6.736409 1.078895
v 0.079249 6.741315 0.908075
v 0.099977 6.738307 1.394740
v 0.099977 6.738307 0.763050
v 0.099977 6.724326 1.249829
v 0.099977 6.719416 1.078895
v 0.099977 6.724326 0.907961
v 0.116988 6.717609 1.394952
v 0.116989 6.717609 0.762838
v 0.116988 6.703619 1.249944
v 0.116988 6.698706 1.078895
v 0.116989 6.703619 0.907846
v 0.129629 6.693986 1.395132
v 0.129629 6.693986 0.762657
v 0.129629 6.679988 1.250041
v 0.129629 6.675072 1.078895
v 0.129629 6.679988 0.907748
v -0.130904 6.559595 1.395298
v -0.130904 6.559595 0.762492
v -0.130904 6.545589 1.250131
v -0.130904 6.540671 1.078895
v -0.130904 6.545589 0.907659
v 0.137413 6.559595 0.762492
v 0.137413 6.559595 1.395298
v 0.137413 6.545589 0.907659
v 0.137413 6.540671 1.078895
v 0.137413 6.545589 1.250131
vt 0.750000 0.875000
vt 0.750000 0.937500
vt 0.718750 0.937500
vt 0.718750 0.875000
vt 0.750000 0.812500
vt 0.718750 0.812500
vt 0.750000 0.750000
vt 0.718750 0.750000
vt 0.750000 0.687500
vt 0.718750 0.687500
vt 0.750000 0.625000
vt 0.718750 0.625000
vt 0.750000 0.562500
vt 0.718750 0.562500
vt 0.734375 1.000000
vt 0.703125 1.000000
vt 0.687500 0.937500
vt 0.687500 0.875000
vt 0.687500 0.812500
vt 0.687500 0.750000
vt 0.687500 0.687500
vt 0.687500 0.625000
vt 0.687500 0.562500
vt 0.656250 0.750000
vt 0.656250 0.687500
vt 0.656250 0.625000
vt 0.656250 0.562500
vt 0.671875 1.000000
vt 0.656250 0.937500
vt 0.656250 0.875000
vt 0.656250 0.812500
vt 0.640625 1.000000
vt 0.625000 0.937500
vt 0.625000 0.875000
vt 0.625000 0.812500
vt 0.625000 0.750000
vt 0.625000 0.687500
vt 0.625000 0.625000
vt 0.625000 0.562500
vt 0.593750 0.750000
vt 0.593750 0.687500
vt 0.593750 0.625000
vt 0.593750 0.562500
vt 0.609375 1.000000
vt 0.593750 0.937500
vt 0.593750 0.875000
vt 0.593750 0.812500
vt 0.562500 0.937500
vt 0.562500 0.875000
vt 0.562500 0.812500
vt 0.562500 0.750000
vt 0.562500 0.687500
vt 0.562500 0.625000
vt 0.562500 0.562500
vt 0.578125 1.000000
vt 0.531250 0.687500
vt 0.531250 0.625000
vt 0.531250 0.562500
vt 0.546875 1.000000
vt 0.531250 0.937500
vt 0.531250 0.875000
vt 0.531250 0.812500
vt 0.531250 0.750000
vt 0.500000 0.875000
vt 0.500000 0.812500
vt 0.500000 0.750000
vt 0.500000 0.687500
vt 0.500000 0.625000
vt 0.500000 0.562500
vt 0.515625 1.000000
vt 0.500000 0.937500
vt 1.000000 0.750000
vt 1.000000 0.812500
vt 0.968750 0.812500
vt 0.968750 0.750000
vt 1.000000 0.687500
vt 0.968750 0.687500
vt 1.000000 0.625000
vt 0.968750 0.625000
vt 1.000000 0.562500
vt 0.968750 0.562500
vt 1.000000 0.937500
vt 0.984375 1.000000
vt 0.968750 0.937500
vt 1.000000 0.875000
vt 0.968750 0.875000
vt 0.953125 1.000000
vt 0.937500 0.937500
vt 0.937500 0.875000
vt 0.937500 0.812500
vt 0.937500 0.750000
vt 0.937500 0.687500
vt 0.937500 0.625000
vt 0.937500 0.562500
vt 0.906250 0.750000
vt 0.906250 0.687500
vt 0.906250 0.625000
vt 0.906250 0.562500
vt 0.921875 1.000000
vt 0.906250 0.937500
vt 0.906250 0.875000
vt 0.906250 0.812500
vt 0.890625 1.000000
vt 0.875000 0.937500
vt 0.875000 0.875000
vt 0.875000 0.812500
vt 0.875000 0.750000
vt 0.875000 0.687500
vt 0.875000 0.625000
vt 0.875000 0.562500
vt 0.843750 0.750000
vt 0.843750 0.687500
vt 0.843750 0.625000
vt 0.843750 0.562500
vt 0.859375 1.000000
vt 0.843750 0.937500
vt 0.843750 0.875000
vt 0.843750 0.812500
vt 0.812500 0.937500
vt 0.812500 0.875000
vt 0.812500 0.812500
vt 0.812500 0.750000
vt 0.812500 0.687500
vt 0.812500 0.625000
vt 0.812500 0.562500
vt 0.828125 1.000000
vt 0.781250 0.687500
vt 0.781250 0.625000
vt 0.781250 0.562500
vt 0.796875 1.000000
vt 0.781250 0.937500
vt 0.781250 0.875000
vt 0.781250 0.812500
vt 0.781250 0.750000
vt 0.765625 1.000000
vt 0.750000 0.562500
vt 0.781250 0.562500
vt 0.812500 0.562500
vt 0.843750 0.562500
vt 0.562500 0.562500
vt 0.593750 0.562500
vt 0.937500 0.562500
vt 0.968750 0.562500
vt 0.687500 0.562500
vt 0.718750 0.562500
vt 0.906250 0.562500
vt 0.531250 0.562500
vt 0.656250 0.562500
vt 0.875000 0.562500
vt 0.500000 0.562500
vt 0.625000 0.562500
vt 1.000000 0.562500
vt 0.750000 0.875000
vt 0.750000 0.937500
vt 0.718750 0.937500
vt 0.718750 0.875000
vt 0.750000 0.812500
vt 0.718750 0.812500
vt 0.750000 0.750000
vt 0.718750 0.750000
vt 0.750000 0.687500
vt 0.718750 0.687500
vt 0.750000 0.625000
vt 0.718750 0.625000
vt 0.750000 0.562500
vt 0.718750 0.562500
vt 0.734375 1.000000
vt 0.703125 1.000000
vt 0.687500 0.937500
vt 0.687500 0.875000
vt 0.687500 0.812500
vt 0.687500 0.750000
vt 0.687500 0.687500
vt 0.687500 0.625000
vt 0.687500 0.562500
vt 0.656250 0.750000
vt 0.656250 0.687500
vt 0.656250 0.625000
vt 0.656250 0.562500
vt 0.671875 1.000000
vt 0.656250 0.937500
vt 0.656250 0.875000
vt 0.656250 0.812500
vt 0.640625 1.000000
vt 0.625000 0.937500
vt 0.625000 0.875000
vt 0.625000 0.812500
vt 0.625000 0.750000
vt 0.625000 0.687500
vt 0.625000 0.625000
vt 0.625000 0.562500
vt 0.593750 0.750000
vt 0.593750 0.687500
vt 0.593750 0.625000
vt 0.593750 0.562500
vt 0.609375 1.000000
vt 0.593750 0.937500
vt 0.593750 0.875000
vt 0.593750 0.812500
vt 0.562500 0.937500
vt 0.562500 0.875000
vt 0.562500 0.812500
vt 0.562500 0.750000
vt 0.562500 0.687500
vt 0.562500 0.625000
vt 0.562500 0.562500
vt 0.578125 1.000000
vt 0.531250 0.687500
vt 0.531250 0.625000
vt 0.531250 0.562500
vt 0.546875 1.000000
vt 0.531250 0.937500
vt 0.531250 0.875000
vt 0.531250 0.812500
vt 0.531250 0.750000
vt 0.500000 0.875000
vt 0.500000 0.812500
vt 0.500000 0.750000
vt 0.500000 0.687500
vt 0.500000 0.625000
vt 0.500000 0.562500
vt 0.515625 1.000000
vt 0.500000 0.937500
vt 1.000000 0.750000
vt 1.000000 0.812500
vt 0.968750 0.812500
vt 0.968750 0.750000
vt 1.000000 0.687500
vt 0.968750 0.687500
vt 1.000000 0.625000
vt 0.968750 0.625000
vt 1.000000 0.562500
vt 0.968750 0.562500
vt 1.000000 0.937500
vt 0.984375 1.000000
vt 0.968750 0.937500
vt 1.000000 0.875000
vt 0.968750 0.875000
vt 0.953125 1.000000
vt 0.937500 0.937500
vt 0.937500 0.875000
vt 0.937500 0.812500
vt 0.937500 0.750000
vt 0.937500 0.687500
vt 0.937500 0.625000
vt 0.937500 0.562500
vt 0.906250 0.750000
vt 0.906250 0.687500
vt 0.906250 0.625000
vt 0.906250 0.562500
vt 0.921875 1.000000
vt 0.906250 0.937500
vt 0.906250 0.875000
vt 0.906250 0.812500
vt 0.890625 1.000000
vt 0.875000 0.937500
vt 0.875000 0.875000
vt 0.875000 0.812500
vt 0.875000 0.750000
vt 0.875000 0.687500
vt 0.875000 0.625000
vt 0.875000 0.562500
vt 0.843750 0.750000
vt 0.843750 0.687500
vt 0.843750 0.625000
vt 0.843750 0.562500
vt 0.859375 1.000000
vt 0.843750 0.937500
vt 0.843750 0.875000
vt 0.843750 0.812500
vt 0.812500 0.937500
vt 0.812500 0.875000
vt 0.812500 0.812500
vt 0.812500 0.750000
vt 0.812500 0.687500
vt 0.812500 0.625000
vt 0.812500 0.562500
vt 0.828125 1.000000
vt 0.781250 0.687500
vt 0.781250 0.625000
vt 0.781250 0.562500
vt 0.796875 1.000000
vt 0.781250 0.937500
vt 0.781250 0.875000
vt 0.781250 0.812500
vt 0.781250 0.750000
vt 0.765625 1.000000
vt 0.750000 0.562500
vt 0.781250 0.562500
vt 0.812500 0.562500
vt 0.843750 0.562500
vt 0.562500 0.562500
vt 0.593750 0.562500
vt 0.937500 0.562500
vt 0.968750 0.562500
vt 0.687500 0.562500
vt 0.718750 0.562500
vt 0.906250 0.562500
vt 0.531250 0.562500
vt 0.656250 0.562500
vt 0.875000 0.562500
vt 0.500000 0.562500
vt 0.625000 0.562500
vt 1.000000 0.562500
vt 0.500000 0.562500
vt 0.500000 0.562500
vt 1.000000 0.562500
vt 1.000000 0.625000
vt 0.500000 0.937500
vt 0.500000 0.875000
vt 1.000000 0.937500
vt 0.984375 1.000000
vt 1.000000 0.875000
vt 1.000000 0.937500
vt 0.500000 0.812500
vt 1.000000 0.812500
vt 0.500000 0.750000
vt 1.000000 0.750000
vt 0.515625 1.000000
vt 0.500000 0.937500
vt 0.500000 0.687500
vt 1.000000 0.687500
vt 0.515625 1.000000
vt 0.500000 0.625000
vt 1.000000 0.625000
vt 1.000000 0.562500
vt 1.000000 0.562500
vt 0.500000 0.875000
vt 0.500000 0.625000
vt 1.000000 0.875000
vt 0.500000 0.812500
vt 0.984375 1.000000
vt 1.000000 0.812500
vt 0.500000 0.562500
vt 0.500000 0.750000
vt 1.000000 0.750000
vt 0.500000 0.687500
vt 1.000000 0.687500
vt 1.000000 0.562500
vt 1.000000 0.879604
vt 1.000000 0.942102
vt 1.000000 0.893053
vt 1.000000 0.937500
vt 0.500000 0.937500
vt 0.500000 0.893053
vt 0.500000 0.879604
vt 0.500000 0.942102
vt 1.000000 0.820002
vt 1.000000 0.882497
vt 1.000000 0.841834
vt 1.000000 0.875000
vt 0.500000 0.875000
vt 0.500000 0.841833
vt 0.500000 0.820002
vt 0.500000 0.882497
vt 1.000000 0.760140
vt 1.000000 0.822633
vt 1.000000 0.789503
vt 1.000000 0.812500
vt 0.500000 0.812500
vt 0.500000 0.789503
vt 0.500000 0.760140
vt 0.500000 0.822633
vt 1.000000 0.699914
vt 1.000000 0.762406
vt 1.000000 0.735667
vt 1.000000 0.750000
vt 0.500000 0.750000
vt 0.500000 0.735667
vt 0.500000 0.699914
vt 0.500000 0.762406
vt 1.000000 0.639224
vt 1.000000 0.701716
vt 1.000000 0.679984
vt 1.000000 0.687500
vt 0.500000 0.687500
vt 0.500000 0.679984
vt 0.500000 0.639224
vt 0.500000 0.701716
vt 1.000000 0.577984
vt 1.000000 0.640478
vt 1.000000 0.622184
vt 1.000000 0.625000
vt 0.500000 0.625000
vt 0.500000 0.622184
vt 0.500000 0.577984
vt 0.500000 0.640478
vt 1.000000 0.879604
vt 1.000000 0.942102
vt 1.000000 0.893053
vt 1.000000 0.937500
vt 0.500000 0.937500
vt 0.500000 0.893053
vt 0.500000 0.879604
vt 0.500000 0.942102
vt 1.000000 0.820002
vt 1.000000 0.882498
vt 1.000000 0.841834
vt 1.000000 0.875000
vt 0.500000 0.875000
vt 0.500000 0.841833
vt 0.500000 0.820002
vt 0.500000 0.882497
vt 1.000000 0.760140
vt 1.000000 0.822633
vt 1.000000 0.789503
vt 1.000000 0.812500
vt 0.500000 0.812500
vt 0.500000 0.789503
vt 0.500000 0.760140
vt 0.500000 0.822633
vt 1.000000 0.699914
vt 1.000000 0.762406
vt 1.000000 0.735667
vt 1.000000 0.750000
vt 0.500000 0.750000
vt 0.500000 0.735667
vt 0.500000 0.699914
vt 0.500000 0.762406
vt 1.000000 0.639224
vt 1.000000 0.701716
vt 1.000000 0.679984
vt 1.000000 0.687500
vt 0.500000 0.687500
vt 0.500000 0.679984
vt 0.500000 0.639224
vt 0.500000 0.701716
vt 1.000000 0.562500
vt 1.000000 0.562500
vt 1.000000 0.562500
vt 1.000000 0.562500
vt 0.500000 0.562500
vt 0.500000 0.562500
vt 0.500000 0.562500
vt 0.500000 0.562500
vt 1.000000 0.577984
vt 1.000000 0.640478
vt 1.000000 0.622184
vt 1.000000 0.625000
vt 0.500000 0.625000
vt 0.500000 0.622184
vt 0.500000 0.577984
vt 0.500000 0.640478
vt 0.999612 0.939051
vt 0.983987 1.001551
vt 0.998477 0.943593
vt 0.984375 1.000000
vt 0.515625 1.000000
vt 0.501523 0.943593
vt 0.500388 0.939052
vt 0.516012 1.001551
vt 0.999612 0.939052
vt 0.983988 1.001551
vt 0.998477 0.943594
vt 0.501523 0.943593
vt 0.500388 0.939052
vt 0.516012 1.001552
vt 1.000000 0.562500
vt 1.000000 0.562500
vt 1.000000 0.562500
vt 1.000000 0.562500
vt 0.500000 0.562500
vt 0.500000 0.562500
vt 0.500000 0.562500
vt 0.500000 0.562500
vt 0.500000 0.562500
vn -0.0000 0.9217 -0.3879
vn -0.0000 0.9796 -0.2010
vn 0.0392 0.9796 -0.1971
vn 0.0757 0.9217 -0.3804
vn -0.0000 0.8286 -0.5598
vn 0.1092 0.8286 -0.5490
vn -0.0000 0.7041 -0.7101
vn 0.1385 0.7041 -0.6965
vn -0.0000 0.5528 -0.8333
vn 0.1626 0.5528 -0.8173
vn -0.0000 0.3805 -0.9248
vn 0.1804 0.3805 -0.9070
vn -0.0000 0.1454 -0.9894
vn 0.1930 0.1454 -0.9704
vn -0.0000 0.9992 0.0399
vn 0.0769 0.9796 -0.1856
vn 0.1484 0.9217 -0.3584
vn 0.2142 0.8286 -0.5172
vn 0.2718 0.7041 -0.6561
vn 0.3189 0.5528 -0.7699
vn 0.3539 0.3805 -0.8544
vn 0.3786 0.1454 -0.9141
vn 0.3945 0.7041 -0.5905
vn 0.4630 0.5528 -0.6929
vn 0.5138 0.3805 -0.7689
vn 0.5497 0.1454 -0.8226
vn 0.1117 0.9796 -0.1670
vn 0.2155 0.9217 -0.3225
vn 0.3110 0.8286 -0.4654
vn 0.1421 0.9796 -0.1421
vn 0.2743 0.9217 -0.2743
vn 0.3958 0.8286 -0.3958
vn 0.5021 0.7041 -0.5021
vn 0.5893 0.5528 -0.5893
vn 0.6539 0.3805 -0.6539
vn 0.6996 0.1454 -0.6996
vn 0.5905 0.7041 -0.3945
vn 0.6929 0.5528 -0.4630
vn 0.7689 0.3805 -0.5138
vn 0.8226 0.1454 -0.5497
vn 0.1671 0.9796 -0.1117
vn 0.3225 0.9217 -0.2155
vn 0.4654 0.8286 -0.3110
vn 0.1857 0.9796 -0.0769
vn 0.3584 0.9217 -0.1484
vn 0.5172 0.8286 -0.2142
vn 0.6561 0.7041 -0.2718
vn 0.7699 0.5528 -0.3189
vn 0.8544 0.3805 -0.3539
vn 0.9141 0.1454 -0.3786
vn 0.8173 0.5528 -0.1626
vn 0.9070 0.3805 -0.1804
vn 0.9704 0.1454 -0.1930
vn 0.1971 0.9796 -0.0392
vn 0.3804 0.9217 -0.0757
vn 0.5490 0.8286 -0.1092
vn 0.6965 0.7041 -0.1385
vn 0.3833 0.9224 0.0470
vn 0.5554 0.8310 0.0322
vn 0.7063 0.7077 0.0162
vn 0.8304 0.5572 -0.0005
vn 0.9226 0.3854 -0.0172
vn 0.9876 0.1525 -0.0368
vn 0.1969 0.9786 0.0602
vn -0.7063 0.7077 0.0162
vn -0.5554 0.8310 0.0322
vn -0.5490 0.8286 -0.1092
vn -0.6965 0.7041 -0.1385
vn -0.8304 0.5572 -0.0005
vn -0.8173 0.5528 -0.1626
vn -0.9226 0.3854 -0.0172
vn -0.9070 0.3805 -0.1804
vn -0.9876 0.1525 -0.0368
vn -0.9704 0.1454 -0.1930
vn -0.1969 0.9786 0.0602
vn -0.1971 0.9796 -0.0392
vn -0.3833 0.9224 0.0471
vn -0.3804 0.9217 -0.0757
vn -0.1857 0.9796 -0.0769
vn -0.3584 0.9217 -0.1485
vn -0.5172 0.8286 -0.2142
vn -0.6561 0.7041 -0.2718
vn -0.7699 0.5528 -0.3189
vn -0.8544 0.3805 -0.3539
vn -0.9141 0.1454 -0.3786
vn -0.5905 0.7041 -0.3945
vn -0.6929 0.5528 -0.4630
vn -0.7689 0.3805 -0.5138
vn -0.8226 0.1454 -0.5497
vn -0.1671 0.9796 -0.1116
vn -0.3225 0.9217 -0.2155
vn -0.4654 0.8286 -0.3110
vn -0.1421 0.9796 -0.1421
vn -0.2743 0.9217 -0.2743
vn -0.3958 0.8286 -0.3958
vn -0.5021 0.7041 -0.5021
vn -0.5893 0.5528 -0.5893
vn -0.6539 0.3805 -0.6539
vn -0.6996 0.1454 -0.6996
vn -0.3945 0.7041 -0.5905
vn -0.4630 0.5528 -0.6929
vn -0.5138 0.3805 -0.7689
vn -0.5497 0.1454 -0.8226
vn -0.1117 0.9796 -0.1671
vn -0.2155 0.9217 -0.3225
vn -0.3110 0.8286 -0.4654
vn -0.0769 0.9796 -0.1856
vn -0.1484 0.9217 -0.3584
vn -0.2142 0.8286 -0.5172
vn -0.2718 0.7041 -0.6561
vn -0.3189 0.5528 -0.7699
vn -0.3539 0.3805 -0.8544
vn -0.3786 0.1454 -0.9141
vn -0.1626 0.5528 -0.8173
vn -0.1804 0.3805 -0.9070
vn -0.1930 0.1454 -0.9704
vn -0.0392 0.9796 -0.1971
vn -0.0757 0.9217 -0.3804
vn -0.1092 0.8286 -0.5490
vn -0.1385 0.7041 -0.6965
vn -0.0000 0.0000 -1.0000
vn -0.1951 0.0000 -0.9808
vn -0.3827 0.0000 -0.9239
vn -0.5556 0.0000 -0.8315
vn 0.9239 0.0000 -0.3827
vn 0.8315 0.0000 -0.5556
vn -0.9239 0.0000 -0.3827
vn -0.9812 0.0000 -0.1930
vn 0.3827 0.0000 -0.9239
vn 0.1951 0.0000 -0.9808
vn -0.8315 0.0000 -0.5556
vn 0.9812 0.0000 -0.1930
vn 0.5556 0.0000 -0.8315
vn -0.7071 0.0000 -0.7071
vn 0.9989 -0.0000 -0.0459
vn 0.7071 0.0000 -0.7071
vn -0.9989 0.0000 -0.0459
vn 0.0000 0.9217 0.3879
vn 0.0000 0.9796 0.2009
vn -0.0392 0.9796 0.1971
vn -0.0757 0.9217 0.3804
vn -0.0000 0.8286 0.5598
vn -0.1092 0.8286 0.5490
vn 0.0000 0.7041 0.7101
vn -0.1385 0.7041 0.6965
vn 0.0000 0.5528 0.8333
vn -0.1626 0.5528 0.8173
vn 0.0000 0.3805 0.9248
vn -0.1804 0.3805 0.9070
vn 0.0000 0.1454 0.9894
vn -0.1930 0.1454 0.9704
vn 0.0000 0.9992 -0.0399
vn -0.0769 0.9796 0.1857
vn -0.1484 0.9217 0.3584
vn -0.2142 0.8286 0.5172
vn -0.2718 0.7041 0.6561
vn -0.3189 0.5528 0.7699
vn -0.3539 0.3805 0.8544
vn -0.3786 0.1454 0.9141
vn -0.3945 0.7041 0.5905
vn -0.4630 0.5528 0.6929
vn -0.5138 0.3805 0.7689
vn -0.5497 0.1454 0.8226
vn -0.1117 0.9796 0.1671
vn -0.2155 0.9217 0.3225
vn -0.3110 0.8286 0.4654
vn -0.1421 0.9796 0.1421
vn -0.2743 0.9217 0.2743
vn -0.3958 0.8286 0.3958
vn -0.5021 0.7041 0.5022
vn -0.5893 0.5528 0.5893
vn -0.6539 0.3805 0.6539
vn -0.6996 0.1454 0.6996
vn -0.5905 0.7041 0.3945
vn -0.6929 0.5528 0.4630
vn -0.7689 0.3805 0.5138
vn -0.8226 0.1454 0.5497
vn -0.1671 0.9796 0.1117
vn -0.3225 0.9217 0.2155
vn -0.4654 0.8286 0.3110
vn -0.1857 0.9796 0.0769
vn -0.3584 0.9217 0.1484
vn -0.5172 0.8286 0.2142
vn -0.6561 0.7041 0.2718
vn -0.7699 0.5528 0.3189
vn -0.8544 0.3805 0.3539
vn -0.9141 0.1454 0.3786
vn -0.8173 0.5528 0.1626
vn -0.9070 0.3805 0.1804
vn -0.9704 0.1454 0.1930
vn -0.1971 0.9796 0.0392
vn -0.3804 0.9217 0.0757
vn -0.5490 0.8286 0.1092
vn -0.6965 0.7041 0.1385
vn -0.3833 0.9224 -0.0470
vn -0.5554 0.8310 -0.0322
vn -0.7063 0.7077 -0.0162
vn -0.8304 0.5572 0.0005
vn -0.9226 0.3854 0.0172
vn -0.9876 0.1525 0.0368
vn -0.1969 0.9786 -0.0601
vn 0.7063 0.7077 -0.0162
vn 0.5554 0.8310 -0.0322
vn 0.5490 0.8286 0.1092
vn 0.6965 0.7041 0.1385
vn 0.8304 0.5572 0.0005
vn 0.8173 0.5528 0.1626
vn 0.9226 0.3854 0.0172
vn 0.9070 0.3805 0.1804
vn 0.9876 0.1525 0.0368
vn 0.9704 0.1454 0.1930
vn 0.1969 0.9786 -0.0601
vn 0.1971 0.9796 0.0392
vn 0.3833 0.9224 -0.0470
vn 0.3804 0.9217 0.0757
vn 0.1857 0.9796 0.0769
vn 0.3584 0.9217 0.1484
vn 0.5172 0.8286 0.2142
vn 0.6561 0.7041 0.2718
vn 0.7699 0.5528 0.3189
vn 0.8544 0.3805 0.3539
vn 0.9141 0.1454 0.3786
vn 0.5905 0.7041 0.3945
vn 0.6929 0.5528 0.4630
vn 0.7689 0.3805 0.5138
vn 0.8226 0.1454 0.5497
vn 0.1671 0.9796 0.1116
vn 0.3225 0.9217 0.2155
vn 0.4654 0.8286 0.3110
vn 0.1421 0.9796 0.1421
vn 0.2743 0.9217 0.2743
vn 0.3958 0.8286 0.3958
vn 0.5021 0.7041 0.5021
vn 0.5893 0.5528 0.5893
vn 0.6539 0.3805 0.6539
vn 0.6996 0.1454 0.6996
vn 0.3945 0.7041 0.5905
vn 0.4630 0.5528 0.6929
vn 0.5138 0.3805 0.7689
vn 0.5497 0.1454 0.8226
vn 0.1117 0.9796 0.1671
vn 0.2155 0.9217 0.3225
vn 0.3110 0.8286 0.4654
vn 0.0769 0.9796 0.1857
vn 0.1484 0.9217 0.3584
vn 0.2142 0.8286 0.5172
vn 0.2718 0.7041 0.6561
vn 0.3189 0.5528 0.7699
vn 0.3539 0.3805 0.8544
vn 0.3786 0.1454 0.9141
vn 0.1626 0.5528 0.8173
vn 0.1804 0.3805 0.9070
vn 0.1930 0.1454 0.9704
vn 0.0392 0.9796 0.1971
vn 0.0757 0.9217 0.3804
vn 0.1092 0.8286 0.5490
vn 0.1385 0.7041 0.6965
vn 0.0000 0.0000 1.0000
vn 0.1951 0.0000 0.9808
vn 0.3827 0.0000 0.9239
vn 0.5556 0.0000 0.8315
vn -0.9239 0.0000 0.3827
vn -0.8315 0.0000 0.5556
vn 0.9239 0.0000 0.3827
vn 0.9812 0.0000 0.1930
vn -0.3827 0.0000 0.9239
vn -0.1951 0.0000 0.9808
vn 0.8315 0.0000 0.5556
vn -0.9812 0.0000 0.1930
vn -0.5556 0.0000 0.8315
vn 0.7071 0.0000 0.7071
vn -0.9989 0.0000 0.0459
vn -0.7071 0.0000 0.7071
vn 0.9989 0.0000 0.0459
vn -0.9894 0.1445 -0.0172
vn -1.0000 -0.0000 0.0000
vn 0.9894 0.1445 -0.0172
vn 0.9234 0.3810 -0.0458
vn 0.1940 0.9740 0.1174
vn 0.3808 0.9180 0.1106
vn 0.1940 0.9740 -0.1174
vn 0.0000 0.9928 -0.1197
vn -0.3808 0.9180 0.1106
vn -0.1940 0.9740 0.1174
vn 0.5534 0.8269 0.0996
vn -0.5534 0.8269 0.0996
vn 0.7052 0.7039 0.0848
vn -0.7052 0.7039 0.0848
vn -0.1940 0.9740 -0.1174
vn 0.8303 0.5534 0.0666
vn -0.8303 0.5534 0.0666
vn 0.0000 0.9928 0.1197
vn 0.9234 0.3810 0.0458
vn -0.9234 0.3810 0.0458
vn -0.9894 0.1445 0.0172
vn -0.3808 0.9180 -0.1106
vn -0.9234 0.3810 -0.0458
vn 0.3808 0.9180 -0.1106
vn -0.5534 0.8269 -0.0996
vn 0.5534 0.8269 -0.0996
vn 0.9894 0.1445 0.0172
vn -0.7052 0.7039 -0.0848
vn 0.7052 0.7039 -0.0848
vn -0.8303 0.5534 -0.0666
vn 0.8303 0.5534 -0.0666
vn 1.0000 0.0000 0.0000
vn -0.3825 0.9222 0.0578
vn -0.1949 0.9789 0.0613
vn -0.3829 0.9238 -0.0000
vn -0.1952 0.9808 -0.0000
vn -0.3825 0.9222 -0.0578
vn -0.1949 0.9789 -0.0613
vn -0.5555 0.8299 0.0520
vn -0.5560 0.8312 -0.0000
vn -0.5555 0.8299 -0.0520
vn -0.7072 0.7056 0.0441
vn -0.7077 0.7065 -0.0000
vn -0.7072 0.7056 -0.0442
vn -0.8318 0.5540 0.0346
vn -0.8321 0.5546 -0.0000
vn -0.8318 0.5540 -0.0346
vn -0.9243 0.3809 0.0238
vn -0.9244 0.3813 -0.0000
vn -0.9243 0.3809 -0.0238
vn -0.9896 0.1437 0.0088
vn -0.9896 0.1442 -0.0000
vn -0.9896 0.1437 -0.0088
vn 0.3825 0.9222 -0.0578
vn 0.1949 0.9789 -0.0613
vn 0.3829 0.9238 0.0000
vn 0.1952 0.9808 -0.0000
vn 0.3825 0.9222 0.0578
vn 0.1949 0.9789 0.0613
vn 0.5555 0.8299 -0.0520
vn 0.5560 0.8312 0.0000
vn 0.5555 0.8299 0.0520
vn 0.7072 0.7056 -0.0442
vn 0.7077 0.7065 0.0000
vn 0.7072 0.7056 0.0441
vn 0.8318 0.5540 -0.0346
vn 0.8321 0.5546 0.0000
vn 0.8318 0.5540 0.0346
vn 0.9243 0.3809 -0.0238
vn 0.9244 0.3813 0.0000
vn 0.9243 0.3809 0.0238
vn 0.9896 0.1437 -0.0088
vn 0.9896 0.1442 0.0000
vn 0.9896 0.1437 0.0088
vn -0.0000 0.9980 -0.0625
vn -0.0000 1.0000 -0.0000
vn -0.0000 0.9980 0.0625
vn 0.0000 -0.9998 -0.0175
vn 0.0000 -0.9970 -0.0772
vn 0.0000 -0.9934 -0.1145
vn 0.0000 -0.9981 -0.0624
vn 0.0000 -1.0000 -0.0000
vn 0.0000 -0.9981 0.0624
vn 0.0000 -0.9934 0.1145
vn 0.0000 -0.9970 0.0772
vn 0.0000 -0.9998 0.0175
usemtl None
s 1
f 1628/1923/1694 1627/1924/1695 1634/1925/1696 1635/1926/1697
f 1629/1927/1698 1628/1923/1694 1635/1926/1697 1636/1928/1699
f 1630/1929/1700 1629/1927/1698 1636/1928/1699 1637/1930/1701
f 1631/1931/1702 1630/1929/1700 1637/1930/1701 1638/1932/1703
f 1632/1933/1704 1631/1931/1702 1638/1932/1703 1639/1934/1705
f 1633/1935/1706 1632/1933/1704 1639/1934/1705 1640/1936/1707
f 1627/1924/1695 1690/1937/1708 1634/1925/1696
f 1634/1925/1696 1690/1938/1708 1641/1939/1709
f 1635/1926/1697 1634/1925/1696 1641/1939/1709 1642/1940/1710
f 1636/1928/1699 1635/1926/1697 1642/1940/1710 1643/1941/1711
f 1637/1930/1701 1636/1928/1699 1643/1941/1711 1644/1942/1712
f 1638/1932/1703 1637/1930/1701 1644/1942/1712 1645/1943/1713
f 1639/1934/1705 1638/1932/1703 1645/1943/1713 1646/1944/1714
f 1640/1936/1707 1639/1934/1705 1646/1944/1714 1647/1945/1715
f 1645/1943/1713 1644/1942/1712 1651/1946/1716 1652/1947/1717
f 1646/1944/1714 1645/1943/1713 1652/1947/1717 1653/1948/1718
f 1647/1945/1715 1646/1944/1714 1653/1948/1718 1654/1949/1719
f 1641/1939/1709 1690/1950/1708 1648/1951/1720
f 1642/1940/1710 1641/1939/1709 1648/1951/1720 1649/1952/1721
f 1643/1941/1711 1642/1940/1710 1649/1952/1721 1650/1953/1722
f 1644/1942/1712 1643/1941/1711 1650/1953/1722 1651/1946/1716
f 1648/1951/1720 1690/1954/1708 1655/1955/1723
f 1649/1952/1721 1648/1951/1720 1655/1955/1723 1656/1956/1724
f 1650/1953/1722 1649/1952/1721 1656/1956/1724 1657/1957/1725
f 1651/1946/1716 1650/1953/1722 1657/1957/1725 1658/1958/1726
f 1652/1947/1717 1651/1946/1716 1658/1958/1726 1659/1959/1727
f 1653/1948/1718 1652/1947/1717 1659/1959/1727 1660/1960/1728
f 1654/1949/1719 1653/1948/1718 1660/1960/1728 1661/1961/1729
f 1659/1959/1727 1658/1958/1726 1665/1962/1730 1666/1963/1731
f 1660/1960/1728 1659/1959/1727 1666/1963/1731 1667/1964/1732
f 1661/1961/1729 1660/1960/1728 1667/1964/1732 1668/1965/1733
f 1655/1955/1723 1690/1966/1708 1662/1967/1734
f 1656/1956/1724 1655/1955/1723 1662/1967/1734 1663/1968/1735
f 1657/1957/1725 1656/1956/1724 1663/1968/1735 1664/1969/1736
f 1658/1958/1726 1657/1957/1725 1664/1969/1736 1665/1962/1730
f 1663/1968/1735 1662/1967/1734 1669/1970/1737 1670/1971/1738
f 1664/1969/1736 1663/1968/1735 1670/1971/1738 1671/1972/1739
f 1665/1962/1730 1664/1969/1736 1671/1972/1739 1672/1973/1740
f 1666/1963/1731 1665/1962/1730 1672/1973/1740 1673/1974/1741
f 1667/1964/1732 1666/1963/1731 1673/1974/1741 1674/1975/1742
f 1668/1965/1733 1667/1964/1732 1674/1975/1742 1675/1976/1743
f 1662/1967/1734 1690/1977/1708 1669/1970/1737
f 1674/1975/1742 1673/1974/1741 1680/1978/1744 1681/1979/1745
f 1675/1976/1743 1674/1975/1742 1681/1979/1745 1682/1980/1746
f 1669/1970/1737 1690/1981/1708 1676/1982/1747
f 1670/1971/1738 1669/1970/1737 1676/1982/1747 1677/1983/1748
f 1671/1972/1739 1670/1971/1738 1677/1983/1748 1678/1984/1749
f 1672/1973/1740 1671/1972/1739 1678/1984/1749 1679/1985/1750
f 1673/1974/1741 1672/1973/1740 1679/1985/1750 1680/1978/1744
f 1678/1984/1749 1677/1983/1748 1684/1986/1751 1685/1987/1752
f 1679/1985/1750 1678/1984/1749 1685/1987/1752 1686/1988/1753
f 1680/1978/1744 1679/1985/1750 1686/1988/1753 1687/1989/1754
f 1681/1979/1745 1680/1978/1744 1687/1989/1754 1688/1990/1755
f 1682/1980/1746 1681/1979/1745 1688/1990/1755 1689/1991/1756
f 1676/1982/1747 1690/1992/1708 1683/1993/1757
f 1677/1983/1748 1676/1982/1747 1683/1993/1757 1684/1986/1751
f 1694/1994/1758 1693/1995/1759 1700/1996/1760 1701/1997/1761
f 1695/1998/1762 1694/1994/1758 1701/1997/1761 1702/1999/1763
f 1696/2000/1764 1695/1998/1762 1702/1999/1763 1703/2001/1765
f 1697/2002/1766 1696/2000/1764 1703/2001/1765 1704/2003/1767
f 1691/2004/1768 1690/2005/1708 1698/2006/1769
f 1692/2007/1770 1691/2004/1768 1698/2006/1769 1699/2008/1771
f 1693/1995/1759 1692/2007/1770 1699/2008/1771 1700/1996/1760
f 1698/2006/1769 1690/2009/1708 1705/2010/1772
f 1699/2008/1771 1698/2006/1769 1705/2010/1772 1706/2011/1773
f 1700/1996/1760 1699/2008/1771 1706/2011/1773 1707/2012/1774
f 1701/1997/1761 1700/1996/1760 1707/2012/1774 1708/2013/1775
f 1702/1999/1763 1701/1997/1761 1708/2013/1775 1709/2014/1776
f 1703/2001/1765 1702/1999/1763 1709/2014/1776 1710/2015/1777
f 1704/2003/1767 1703/2001/1765 1710/2015/1777 1711/2016/1778
f 1709/2014/1776 1708/2013/1775 1715/2017/1779 1716/2018/1780
f 1710/2015/1777 1709/2014/1776 1716/2018/1780 1717/2019/1781
f 1711/2016/1778 1710/2015/1777 1717/2019/1781 1718/2020/1782
f 1705/2010/1772 1690/2021/1708 1712/2022/1783
f 1706/2011/1773 1705/2010/1772 1712/2022/1783 1713/2023/1784
f 1707/2012/1774 1706/2011/1773 1713/2023/1784 1714/2024/1785
f 1708/2013/1775 1707/2012/1774 1714/2024/1785 1715/2017/1779
f 1712/2022/1783 1690/2025/1708 1719/2026/1786
f 1713/2023/1784 1712/2022/1783 1719/2026/1786 1720/2027/1787
f 1714/2024/1785 1713/2023/1784 1720/2027/1787 1721/2028/1788
f 1715/2017/1779 1714/2024/1785 1721/2028/1788 1722/2029/1789
f 1716/2018/1780 1715/2017/1779 1722/2029/1789 1723/2030/1790
f 1717/2019/1781 1716/2018/1780 1723/2030/1790 1724/2031/1791
f 1718/2020/1782 1717/2019/1781 1724/2031/1791 1725/2032/1792
f 1723/2030/1790 1722/2029/1789 1729/2033/1793 1730/2034/1794
f 1724/2031/1791 1723/2030/1790 1730/2034/1794 1731/2035/1795
f 1725/2032/1792 1724/2031/1791 1731/2035/1795 1732/2036/1796
f 1719/2026/1786 1690/2037/1708 1726/2038/1797
f 1720/2027/1787 1719/2026/1786 1726/2038/1797 1727/2039/1798
f 1721/2028/1788 1720/2027/1787 1727/2039/1798 1728/2040/1799
f 1722/2029/1789 1721/2028/1788 1728/2040/1799 1729/2033/1793
f 1727/2039/1798 1726/2038/1797 1733/2041/1800 1734/2042/1801
f 1728/2040/1799 1727/2039/1798 1734/2042/1801 1735/2043/1802
f 1729/2033/1793 1728/2040/1799 1735/2043/1802 1736/2044/1803
f 1730/2034/1794 1729/2033/1793 1736/2044/1803 1737/2045/1804
f 1731/2035/1795 1730/2034/1794 1737/2045/1804 1738/2046/1805
f 1732/2036/1796 1731/2035/1795 1738/2046/1805 1739/2047/1806
f 1726/2038/1797 1690/2048/1708 1733/2041/1800
f 1738/2046/1805 1737/2045/1804 1744/2049/1807 1745/2050/1808
f 1739/2047/1806 1738/2046/1805 1745/2050/1808 1746/2051/1809
f 1733/2041/1800 1690/2052/1708 1740/2053/1810
f 1734/2042/1801 1733/2041/1800 1740/2053/1810 1741/2054/1811
f 1735/2043/1802 1734/2042/1801 1741/2054/1811 1742/2055/1812
f 1736/2044/1803 1735/2043/1802 1742/2055/1812 1743/2056/1813
f 1737/2045/1804 1736/2044/1803 1743/2056/1813 1744/2049/1807
f 1741/2054/1811 1740/2053/1810 1627/1924/1695 1628/1923/1694
f 1742/2055/1812 1741/2054/1811 1628/1923/1694 1629/1927/1698
f 1743/2056/1813 1742/2055/1812 1629/1927/1698 1630/1929/1700
f 1744/2049/1807 1743/2056/1813 1630/1929/1700 1631/1931/1702
f 1745/2050/1808 1744/2049/1807 1631/1931/1702 1632/1933/1704
f 1746/2051/1809 1745/2050/1808 1632/1933/1704 1633/1935/1706
f 1740/2053/1810 1690/2057/1708 1627/1924/1695
f 1746/2051/1809 1633/1935/1706 1747/2058/1814 1763/2059/1815
f 1732/2036/1796 1739/2047/1806 1762/2060/1816 1761/2061/1817
f 1668/1965/1733 1675/1976/1743 1753/2062/1818 1752/2063/1819
f 1704/2003/1767 1711/2016/1778 1758/2064/1820 1757/2065/1821
f 1739/2047/1806 1746/2051/1809 1763/2059/1815 1762/2060/1816
f 1640/1936/1707 1647/1945/1715 1749/2066/1822 1748/2067/1823
f 1711/2016/1778 1718/2020/1782 1759/2068/1824 1758/2064/1820
f 1633/1935/1706 1640/1936/1707 1748/2067/1823 1747/2058/1814
f 1675/1976/1743 1682/1980/1746 1754/2069/1825 1753/2062/1818
f 1647/1945/1715 1654/1949/1719 1750/2070/1826 1749/2066/1822
f 1718/2020/1782 1725/2032/1792 1760/2071/1827 1759/2068/1824
f 1682/1980/1746 1689/1991/1756 1755/2072/1828 1754/2069/1825
f 1654/1949/1719 1661/1961/1729 1751/2073/1829 1750/2070/1826
f 1725/2032/1792 1732/2036/1796 1761/2061/1817 1760/2071/1827
f 1697/2002/1766 1704/2003/1767 1757/2065/1821 1756/2074/1830
f 1661/1961/1729 1668/1965/1733 1752/2063/1819 1751/2073/1829
f 1765/2075/1831 1764/2076/1832 1771/2077/1833 1772/2078/1834
f 1766/2079/1835 1765/2075/1831 1772/2078/1834 1773/2080/1836
f 1767/2081/1837 1766/2079/1835 1773/2080/1836 1774/2082/1838
f 1768/2083/1839 1767/2081/1837 1774/2082/1838 1775/2084/1840
f 1769/2085/1841 1768/2083/1839 1775/2084/1840 1776/2086/1842
f 1770/2087/1843 1769/2085/1841 1776/2086/1842 1777/2088/1844
f 1764/2076/1832 1827/2089/1845 1771/2077/1833
f 1771/2077/1833 1827/2090/1845 1778/2091/1846
f 1772/2078/1834 1771/2077/1833 1778/2091/1846 1779/2092/1847
f 1773/2080/1836 1772/2078/1834 1779/2092/1847 1780/2093/1848
f 1774/2082/1838 1773/2080/1836 1780/2093/1848 1781/2094/1849
f 1775/2084/1840 1774/2082/1838 1781/2094/1849 1782/2095/1850
f 1776/2086/1842 1775/2084/1840 1782/2095/1850 1783/2096/1851
f 1777/2088/1844 1776/2086/1842 1783/2096/1851 1784/2097/1852
f 1782/2095/1850 1781/2094/1849 1788/2098/1853 1789/2099/1854
f 1783/2096/1851 1782/2095/1850 1789/2099/1854 1790/2100/1855
f 1784/2097/1852 1783/2096/1851 1790/2100/1855 1791/2101/1856
f 1778/2091/1846 1827/2102/1845 1785/2103/1857
f 1779/2092/1847 1778/2091/1846 1785/2103/1857 1786/2104/1858
f 1780/2093/1848 1779/2092/1847 1786/2104/1858 1787/2105/1859
f 1781/2094/1849 1780/2093/1848 1787/2105/1859 1788/2098/1853
f 1785/2103/1857 1827/2106/1845 1792/2107/1860
f 1786/2104/1858 1785/2103/1857 1792/2107/1860 1793/2108/1861
f 1787/2105/1859 1786/2104/1858 1793/2108/1861 1794/2109/1862
f 1788/2098/1853 1787/2105/1859 1794/2109/1862 1795/2110/1863
f 1789/2099/1854 1788/2098/1853 1795/2110/1863 1796/2111/1864
f 1790/2100/1855 1789/2099/1854 1796/2111/1864 1797/2112/1865
f 1791/2101/1856 1790/2100/1855 1797/2112/1865 1798/2113/1866
f 1796/2111/1864 1795/2110/1863 1802/2114/1867 1803/2115/1868
f 1797/2112/1865 1796/2111/1864 1803/2115/1868 1804/2116/1869
f 1798/2113/1866 1797/2112/1865 1804/2116/1869 1805/2117/1870
f 1792/2107/1860 1827/2118/1845 1799/2119/1871
f 1793/2108/1861 1792/2107/1860 1799/2119/1871 1800/2120/1872
f 1794/2109/1862 1793/2108/1861 1800/2120/1872 1801/2121/1873
f 1795/2110/1863 1794/2109/1862 1801/2121/1873 1802/2114/1867
f 1800/2120/1872 1799/2119/1871 1806/2122/1874 1807/2123/1875
f 1801/2121/1873 1800/2120/1872 1807/2123/1875 1808/2124/1876
f 1802/2114/1867 1801/2121/1873 1808/2124/1876 1809/2125/1877
f 1803/2115/1868 1802/2114/1867 1809/2125/1877 1810/2126/1878
f 1804/2116/1869 1803/2115/1868 1810/2126/1878 1811/2127/1879
f 1805/2117/1870 1804/2116/1869 1811/2127/1879 1812/2128/1880
f 1799/2119/1871 1827/2129/1845 1806/2122/1874
f 1811/2127/1879 1810/2126/1878 1817/2130/1881 1818/2131/1882
f 1812/2128/1880 1811/2127/1879 1818/2131/1882 1819/2132/1883
f 1806/2122/1874 1827/2133/1845 1813/2134/1884
f 1807/2123/1875 1806/2122/1874 1813/2134/1884 1814/2135/1885
f 1808/2124/1876 1807/2123/1875 1814/2135/1885 1815/2136/1886
f 1809/2125/1877 1808/2124/1876 1815/2136/1886 1816/2137/1887
f 1810/2126/1878 1809/2125/1877 1816/2137/1887 1817/2130/1881
f 1815/2136/1886 1814/2135/1885 1821/2138/1888 1822/2139/1889
f 1816/2137/1887 1815/2136/1886 1822/2139/1889 1823/2140/1890
f 1817/2130/1881 1816/2137/1887 1823/2140/1890 1824/2141/1891
f 1818/2131/1882 1817/2130/1881 1824/2141/1891 1825/2142/1892
f 1819/2132/1883 1818/2131/1882 1825/2142/1892 1826/2143/1893
f 1813/2134/1884 1827/2144/1845 1820/2145/1894
f 1814/2135/1885 1813/2134/1884 1820/2145/1894 1821/2138/1888
f 1831/2146/1895 1830/2147/1896 1837/2148/1897 1838/2149/1898
f 1832/2150/1899 1831/2146/1895 1838/2149/1898 1839/2151/1900
f 1833/2152/1901 1832/2150/1899 1839/2151/1900 1840/2153/1902
f 1834/2154/1903 1833/2152/1901 1840/2153/1902 1841/2155/1904
f 1828/2156/1905 1827/2157/1845 1835/2158/1906
f 1829/2159/1907 1828/2156/1905 1835/2158/1906 1836/2160/1908
f 1830/2147/1896 1829/2159/1907 1836/2160/1908 1837/2148/1897
f 1835/2158/1906 1827/2161/1845 1842/2162/1909
f 1836/2160/1908 1835/2158/1906 1842/2162/1909 1843/2163/1910
f 1837/2148/1897 1836/2160/1908 1843/2163/1910 1844/2164/1911
f 1838/2149/1898 1837/2148/1897 1844/2164/1911 1845/2165/1912
f 1839/2151/1900 1838/2149/1898 1845/2165/1912 1846/2166/1913
f 1840/2153/1902 1839/2151/1900 1846/2166/1913 1847/2167/1914
f 1841/2155/1904 1840/2153/1902 1847/2167/1914 1848/2168/1915
f 1846/2166/1913 1845/2165/1912 1852/2169/1916 1853/2170/1917
f 1847/2167/1914 1846/2166/1913 1853/2170/1917 1854/2171/1918
f 1848/2168/1915 1847/2167/1914 1854/2171/1918 1855/2172/1919
f 1842/2162/1909 1827/2173/1845 1849/2174/1920
f 1843/2163/1910 1842/2162/1909 1849/2174/1920 1850/2175/1921
f 1844/2164/1911 1843/2163/1910 1850/2175/1921 1851/2176/1922
f 1845/2165/1912 1844/2164/1911 1851/2176/1922 1852/2169/1916
f 1849/2174/1920 1827/2177/1845 1856/2178/1923
f 1850/2175/1921 1849/2174/1920 1856/2178/1923 1857/2179/1924
f 1851/2176/1922 1850/2175/1921 1857/2179/1924 1858/2180/1925
f 1852/2169/1916 1851/2176/1922 1858/2180/1925 1859/2181/1926
f 1853/2170/1917 1852/2169/1916 1859/2181/1926 1860/2182/1927
f 1854/2171/1918 1853/2170/1917 1860/2182/1927 1861/2183/1928
f 1855/2172/1919 1854/2171/1918 1861/2183/1928 1862/2184/1929
f 1860/2182/1927 1859/2181/1926 1866/2185/1930 1867/2186/1931
f 1861/2183/1928 1860/2182/1927 1867/2186/1931 1868/2187/1932
f 1862/2184/1929 1861/2183/1928 1868/2187/1932 1869/2188/1933
f 1856/2178/1923 1827/2189/1845 1863/2190/1934
f 1857/2179/1924 1856/2178/1923 1863/2190/1934 1864/2191/1935
f 1858/2180/1925 1857/2179/1924 1864/2191/1935 1865/2192/1936
f 1859/2181/1926 1858/2180/1925 1865/2192/1936 1866/2185/1930
f 1864/2191/1935 1863/2190/1934 1870/2193/1937 1871/2194/1938
f 1865/2192/1936 1864/2191/1935 1871/2194/1938 1872/2195/1939
f 1866/2185/1930 1865/2192/1936 1872/2195/1939 1873/2196/1940
f 1867/2186/1931 1866/2185/1930 1873/2196/1940 1874/2197/1941
f 1868/2187/1932 1867/2186/1931 1874/2197/1941 1875/2198/1942
f 1869/2188/1933 1868/2187/1932 1875/2198/1942 1876/2199/1943
f 1863/2190/1934 1827/2200/1845 1870/2193/1937
f 1875/2198/1942 1874/2197/1941 1881/2201/1944 1882/2202/1945
f 1876/2199/1943 1875/2198/1942 1882/2202/1945 1883/2203/1946
f 1870/2193/1937 1827/2204/1845 1877/2205/1947
f 1871/2194/1938 1870/2193/1937 1877/2205/1947 1878/2206/1948
f 1872/2195/1939 1871/2194/1938 1878/2206/1948 1879/2207/1949
f 1873/2196/1940 1872/2195/1939 1879/2207/1949 1880/2208/1950
f 1874/2197/1941 1873/2196/1940 1880/2208/1950 1881/2201/1944
f 1878/2206/1948 1877/2205/1947 1764/2076/1832 1765/2075/1831
f 1879/2207/1949 1878/2206/1948 1765/2075/1831 1766/2079/1835
f 1880/2208/1950 1879/2207/1949 1766/2079/1835 1767/2081/1837
f 1881/2201/1944 1880/2208/1950 1767/2081/1837 1768/2083/1839
f 1882/2202/1945 1881/2201/1944 1768/2083/1839 1769/2085/1841
f 1883/2203/1946 1882/2202/1945 1769/2085/1841 1770/2087/1843
f 1877/2205/1947 1827/2209/1845 1764/2076/1832
f 1883/2203/1946 1770/2087/1843 1884/2210/1951 1900/2211/1952
f 1869/2188/1933 1876/2199/1943 1899/2212/1953 1898/2213/1954
f 1805/2117/1870 1812/2128/1880 1890/2214/1955 1889/2215/1956
f 1841/2155/1904 1848/2168/1915 1895/2216/1957 1894/2217/1958
f 1876/2199/1943 1883/2203/1946 1900/2211/1952 1899/2212/1953
f 1777/2088/1844 1784/2097/1852 1886/2218/1959 1885/2219/1960
f 1848/2168/1915 1855/2172/1919 1896/2220/1961 1895/2216/1957
f 1770/2087/1843 1777/2088/1844 1885/2219/1960 1884/2210/1951
f 1812/2128/1880 1819/2132/1883 1891/2221/1962 1890/2214/1955
f 1784/2097/1852 1791/2101/1856 1887/2222/1963 1886/2218/1959
f 1855/2172/1919 1862/2184/1929 1897/2223/1964 1896/2220/1961
f 1819/2132/1883 1826/2143/1893 1892/2224/1965 1891/2221/1962
f 1791/2101/1856 1798/2113/1866 1888/2225/1966 1887/2222/1963
f 1862/2184/1929 1869/2188/1933 1898/2213/1954 1897/2223/1964
f 1834/2154/1903 1841/2155/1904 1894/2217/1958 1893/2226/1967
f 1798/2113/1866 1805/2117/1870 1889/2215/1956 1888/2225/1966
f 1892/2224/1965 1826/2143/1893 1942/2227/1968 1976/2228/1969
f 1833/2152/1901 1834/2154/1903 1901/2229/1970 1971/2230/1971
f 1684/1986/1751 1683/1993/1757 1946/2231/1972 1952/2232/1973
f 1827/2157/1845 1828/2156/1905 1947/2233/1974 1907/2234/1975
f 1691/2004/1768 1692/2007/1770 1916/2235/1976 1912/2236/1977
f 1685/1987/1752 1684/1986/1751 1952/2232/1973 1957/2237/1978
f 1692/2007/1770 1693/1995/1759 1921/2238/1979 1916/2235/1976
f 1686/1988/1753 1685/1987/1752 1957/2237/1978 1962/2239/1980
f 1693/1995/1759 1694/1994/1758 1926/2240/1981 1921/2238/1979
f 1820/2145/1894 1827/2144/1845 1907/2241/1975 1911/2242/1982
f 1687/1989/1754 1686/1988/1753 1962/2239/1980 1967/2243/1983
f 1694/1994/1758 1695/1998/1762 1931/2244/1984 1926/2240/1981
f 1683/1993/1757 1690/1992/1708 1906/2245/1985 1946/2231/1972
f 1688/1990/1755 1687/1989/1754 1967/2243/1983 1972/2246/1986
f 1695/1998/1762 1696/2000/1764 1936/2247/1987 1931/2244/1984
f 1697/2002/1766 1756/2074/1830 1977/2248/1969 1941/2249/1988
f 1821/2138/1888 1820/2145/1894 1911/2242/1982 1917/2250/1989
f 1826/2143/1893 1825/2142/1892 1937/2251/1990 1942/2227/1968
f 1828/2156/1905 1829/2159/1907 1951/2252/1991 1947/2233/1974
f 1822/2139/1889 1821/2138/1888 1917/2250/1989 1922/2253/1992
f 1690/2005/1708 1691/2004/1768 1912/2236/1977 1906/2254/1985
f 1696/2000/1764 1697/2002/1766 1941/2249/1988 1936/2247/1987
f 1829/2159/1907 1830/2147/1896 1956/2255/1993 1951/2252/1991
f 1689/1991/1756 1688/1990/1755 1972/2246/1986 1902/2256/1994
f 1823/2140/1890 1822/2139/1889 1922/2253/1992 1927/2257/1995
f 1830/2147/1896 1831/2146/1895 1961/2258/1996 1956/2255/1993
f 1824/2141/1891 1823/2140/1890 1927/2257/1995 1932/2259/1997
f 1831/2146/1895 1832/2150/1899 1966/2260/1998 1961/2258/1996
f 1834/2154/1903 1893/2226/1967 1982/2261/1999 1901/2229/1970
f 1825/2142/1892 1824/2141/1891 1932/2259/1997 1937/2251/1990
f 1832/2150/1899 1833/2152/1901 1971/2230/1971 1966/2260/1998
f 1912/2236/1977 1916/2235/1976 1918/2262/2000 1915/2263/2001
f 1915/2263/2001 1918/2262/2000 1919/2264/2002 1914/2265/2003
f 1914/2266/2003 1919/2267/2002 1920/2268/2004 1913/2269/2005
f 1913/2269/2005 1920/2268/2004 1917/2250/1989 1911/2242/1982
f 1916/2235/1976 1921/2238/1979 1923/2270/2006 1918/2271/2000
f 1918/2271/2000 1923/2270/2006 1924/2272/2007 1919/2273/2002
f 1919/2274/2002 1924/2275/2007 1925/2276/2008 1920/2277/2004
f 1920/2277/2004 1925/2276/2008 1922/2253/1992 1917/2250/1989
f 1921/2238/1979 1926/2240/1981 1928/2278/2009 1923/2279/2006
f 1923/2279/2006 1928/2278/2009 1929/2280/2010 1924/2281/2007
f 1924/2282/2007 1929/2283/2010 1930/2284/2011 1925/2285/2008
f 1925/2285/2008 1930/2284/2011 1927/2257/1995 1922/2253/1992
f 1926/2240/1981 1931/2244/1984 1933/2286/2012 1928/2287/2009
f 1928/2287/2009 1933/2286/2012 1934/2288/2013 1929/2289/2010
f 1929/2290/2010 1934/2291/2013 1935/2292/2014 1930/2293/2011
f 1930/2293/2011 1935/2292/2014 1932/2259/1997 1927/2257/1995
f 1931/2244/1984 1936/2247/1987 1938/2294/2015 1933/2295/2012
f 1933/2295/2012 1938/2294/2015 1939/2296/2016 1934/2297/2013
f 1934/2298/2013 1939/2299/2016 1940/2300/2017 1935/2301/2014
f 1935/2301/2014 1940/2300/2017 1937/2251/1990 1932/2259/1997
f 1936/2247/1987 1941/2249/1988 1943/2302/2018 1938/2303/2015
f 1938/2303/2015 1943/2302/2018 1944/2304/2019 1939/2305/2016
f 1939/2306/2016 1944/2307/2019 1945/2308/2020 1940/2309/2017
f 1940/2309/2017 1945/2308/2020 1942/2227/1968 1937/2251/1990
f 1947/2233/1974 1951/2252/1991 1953/2310/2021 1950/2311/2022
f 1950/2311/2022 1953/2310/2021 1954/2312/2023 1949/2313/2024
f 1949/2314/2024 1954/2315/2023 1955/2316/2025 1948/2317/2026
f 1948/2317/2026 1955/2316/2025 1952/2232/1973 1946/2231/1972
f 1951/2252/1991 1956/2255/1993 1958/2318/2027 1953/2319/2021
f 1953/2319/2021 1958/2318/2027 1959/2320/2028 1954/2321/2023
f 1954/2322/2023 1959/2323/2028 1960/2324/2029 1955/2325/2025
f 1955/2325/2025 1960/2324/2029 1957/2237/1978 1952/2232/1973
f 1956/2255/1993 1961/2258/1996 1963/2326/2030 1958/2327/2027
f 1958/2327/2027 1963/2326/2030 1964/2328/2031 1959/2329/2028
f 1959/2330/2028 1964/2331/2031 1965/2332/2032 1960/2333/2029
f 1960/2333/2029 1965/2332/2032 1962/2239/1980 1957/2237/1978
f 1961/2258/1996 1966/2260/1998 1968/2334/2033 1963/2335/2030
f 1963/2335/2030 1968/2334/2033 1969/2336/2034 1964/2337/2031
f 1964/2338/2031 1969/2339/2034 1970/2340/2035 1965/2341/2032
f 1965/2341/2032 1970/2340/2035 1967/2243/1983 1962/2239/1980
f 1966/2260/1998 1971/2230/1971 1973/2342/2036 1968/2343/2033
f 1968/2343/2033 1973/2342/2036 1974/2344/2037 1969/2345/2034
f 1969/2346/2034 1974/2347/2037 1975/2348/2038 1970/2349/2035
f 1970/2349/2035 1975/2348/2038 1972/2246/1986 1967/2243/1983
f 1941/2249/1988 1977/2248/1969 1980/2350/1969 1943/2351/2018
f 1943/2351/2018 1980/2350/1969 1979/2352/1969 1944/2353/2019
f 1944/2354/2019 1979/2355/1969 1978/2356/1969 1945/2357/2020
f 1945/2357/2020 1978/2356/1969 1976/2228/1969 1942/2227/1968
f 1971/2230/1971 1901/2229/1970 1903/2358/2039 1973/2359/2036
f 1973/2359/2036 1903/2358/2039 1904/2360/2040 1974/2361/2037
f 1974/2362/2037 1904/2363/2040 1905/2364/2041 1975/2365/2038
f 1975/2365/2038 1905/2364/2041 1902/2256/1994 1972/2246/1986
f 1907/2234/1975 1947/2233/1974 1950/2366/2022 1910/2367/2042
f 1910/2367/2042 1950/2366/2022 1949/2368/2024 1909/2369/2043
f 1909/2370/2043 1949/2371/2024 1948/2372/2026 1908/2373/2044
f 1908/2373/2044 1948/2372/2026 1946/2231/1972 1906/2245/1985
f 1906/2254/1985 1912/2236/1977 1915/2374/2001 1908/2375/2044
f 1908/2375/2044 1915/2374/2001 1914/2376/2003 1909/2369/2043
f 1909/2370/2043 1914/2377/2003 1913/2378/2005 1910/2379/2042
f 1910/2379/2042 1913/2378/2005 1911/2242/1982 1907/2241/1975
f 1901/2229/1970 1982/2261/1999 1985/2380/1999 1903/2381/2039
f 1903/2381/2039 1985/2380/1999 1984/2382/1999 1904/2383/2040
f 1904/2384/2040 1984/2385/1999 1983/2386/1999 1905/2387/2041
f 1905/2387/2041 1983/2386/1999 1981/2388/1999 1902/2256/1994
f 1755/2072/1828 1689/1991/1756 1902/2256/1994 1981/2388/1999
f 1748/2067/2045 1749/2066/2045 1750/2070/2045 1751/2073/2045 1752/2063/2045 1753/2062/2045 1754/2069/2045 1755/2072/2046 1756/2074/2046 1757/2065/2045 1758/2064/2045 1759/2068/2045 1760/2071/2045 1761/2061/2045 1762/2060/2045 1763/2059/2045 1747/2058/2045
f 1981/2388/2047 1977/2248/2047 1756/2074/2046 1755/2072/2046
f 1977/2248/2047 1981/2388/2047 1983/2386/2048 1980/2350/2048
f 1980/2350/2048 1983/2386/2048 1984/2385/2049 1979/2352/2049
f 1979/2352/2049 1984/2385/2049 1985/2380/2050 1978/2356/2050
f 1978/2356/2050 1985/2380/2050 1982/2261/2051 1976/2228/2051
f 1893/2226/2052 1892/2224/2052 1976/2228/2051 1982/2261/2051
f 1885/2219/2053 1886/2218/2053 1887/2222/2053 1888/2225/2053 1889/2215/2053 1890/2214/2053 1891/2221/2053 1892/2224/2052 1893/2226/2052 1894/2217/2053 1895/2216/2053 1896/2220/2053 1897/2223/2053 1898/2213/2053 1899/2212/2053 1900/2211/2053 1884/2210/2053
o LC-Connection_Circle.003
v -0.002417 0.875921 0.875293
v -0.025500 0.875921 0.878332
v -0.047010 0.875921 0.887242
v -0.065482 0.875921 0.901415
v -0.079655 0.875921 0.919886
v -0.088565 0.875921 0.941397
v -0.091604 0.875921 0.964480
v -0.088565 0.875921 0.987563
v -0.079655 0.875921 1.009074
v 0.074822 0.875921 1.009074
v 0.083731 0.875921 0.987563
v 0.086770 0.875921 0.964480
v 0.083731 0.875921 0.941397
v 0.074822 0.875921 0.919886
v 0.060648 0.875921 0.901415
v 0.042177 0.875921 0.887242
v 0.020667 0.875921 0.878332
v -0.002417 0.875921 1.272251
v -0.025500 0.875921 1.269212
v -0.047010 0.875921 1.260302
v -0.065482 0.875921 1.246128
v -0.079655 0.875921 1.227657
v -0.088565 0.875921 1.206147
v -0.091604 0.875921 1.183063
v -0.088565 0.875921 1.159980
v -0.079655 0.875921 1.138470
v 0.074822 0.875921 1.138470
v 0.083731 0.875921 1.159980
v 0.086770 0.875921 1.183063
v 0.083731 0.875921 1.206147
v 0.074822 0.875921 1.227657
v 0.060648 0.875921 1.246128
v 0.042177 0.875921 1.260302
v 0.020667 0.875921 1.269212
v 0.075055 0.876072 1.117298
v -0.002417 1.013687 0.878142
v -0.002417 1.010262 0.875293
v -0.002417 1.012684 0.876127
v -0.025500 1.010262 0.878332
v -0.024763 1.013687 0.881084
v -0.025284 1.012684 0.879138
v -0.047010 1.010262 0.887242
v -0.045586 1.013687 0.889709
v -0.046593 1.012684 0.887964
v -0.065482 1.010262 0.901415
v -0.063467 1.013687 0.903430
v -0.064892 1.012684 0.902005
v -0.079655 1.010262 0.919886
v -0.077188 1.013687 0.921311
v -0.078932 1.012684 0.920304
v -0.088565 1.010262 0.941397
v -0.085813 1.013687 0.942134
v -0.087759 1.012684 0.941613
v -0.091604 1.010262 0.964480
v -0.088755 1.013687 0.964480
v -0.090769 1.012684 0.964480
v -0.088565 1.010262 0.987563
v -0.085813 1.013687 0.986826
v -0.087759 1.012684 0.987347
v -0.079655 1.010262 1.009074
v -0.076830 1.013687 1.008512
v -0.078828 1.012684 1.008909
v 0.071997 1.013687 1.008512
v 0.074822 1.010262 1.009074
v 0.073994 1.012684 1.008909
v 0.083731 1.010262 0.987563
v 0.080979 1.013687 0.986826
v 0.082925 1.012684 0.987347
v 0.086770 1.010262 0.964480
v 0.083921 1.013687 0.964480
v 0.085936 1.012684 0.964480
v 0.083731 1.010262 0.941397
v 0.080979 1.013687 0.942134
v 0.082925 1.012684 0.941613
v 0.074822 1.010262 0.919886
v 0.072354 1.013687 0.921311
v 0.074099 1.012684 0.920304
v 0.060648 1.010262 0.901415
v 0.058633 1.013687 0.903430
v 0.060058 1.012684 0.902005
v 0.042177 1.010262 0.887242
v 0.040752 1.013687 0.889709
v 0.041760 1.012684 0.887964
v 0.020667 1.010262 0.878332
v 0.019929 1.013687 0.881084
v 0.020451 1.012684 0.879138
v -0.076830 1.013687 1.032394
v -0.079655 1.010262 1.031832
v -0.078828 1.012684 1.031997
v -0.088565 1.010262 1.053343
v -0.085822 1.013687 1.054102
v -0.087762 1.012684 1.053565
v 0.083731 1.010262 1.053343
v 0.080988 1.013687 1.054102
v 0.082928 1.012684 1.053565
v 0.071997 1.013687 1.032394
v 0.074822 1.010262 1.031832
v 0.073994 1.012684 1.031997
v -0.002417 1.010262 1.272251
v -0.002417 1.013687 1.269401
v -0.002417 1.012684 1.271416
v -0.024763 1.013687 1.266459
v -0.025500 1.010262 1.269212
v -0.025284 1.012684 1.268405
v -0.045586 1.013687 1.257834
v -0.047010 1.010262 1.260302
v -0.046593 1.012684 1.259579
v -0.063467 1.013687 1.244113
v -0.065482 1.010262 1.246128
v -0.064892 1.012684 1.245538
v -0.077188 1.013687 1.226232
v -0.079655 1.010262 1.227657
v -0.078932 1.012684 1.227240
v -0.085813 1.013687 1.205409
v -0.088565 1.010262 1.206147
v -0.087759 1.012684 1.205931
v -0.088755 1.013687 1.183063
v -0.091604 1.010262 1.183063
v -0.090769 1.012684 1.183063
v -0.085813 1.013687 1.160717
v -0.088565 1.010262 1.159980
v -0.087759 1.012684 1.160196
v -0.076830 1.013687 1.139032
v -0.079655 1.010262 1.138470
v -0.078828 1.012684 1.138634
v 0.074822 1.010262 1.138470
v 0.071997 1.013687 1.139032
v 0.073994 1.012684 1.138634
v 0.080979 1.013687 1.160717
v 0.083731 1.010262 1.159980
v 0.082925 1.012684 1.160196
v 0.083921 1.013687 1.183063
v 0.086770 1.010262 1.183063
v 0.085936 1.012684 1.183063
v 0.080979 1.013687 1.205409
v 0.083731 1.010262 1.206147
v 0.082925 1.012684 1.205931
v 0.072354 1.013687 1.226232
v 0.074822 1.010262 1.227657
v 0.074099 1.012684 1.227240
v 0.058633 1.013687 1.244113
v 0.060648 1.010262 1.246128
v 0.060058 1.012684 1.245538
v 0.040752 1.013687 1.257834
v 0.042177 1.010262 1.260302
v 0.041760 1.012684 1.259579
v 0.019929 1.013687 1.266459
v 0.020667 1.010262 1.269212
v 0.020451 1.012684 1.268405
v -0.079655 1.010262 1.115711
v -0.076830 1.013687 1.115149
v -0.078828 1.012684 1.115546
v -0.085822 1.013687 1.093441
v -0.088565 1.010262 1.094201
v -0.087762 1.012684 1.093978
v -0.088748 1.013687 1.073772
v -0.091604 1.010262 1.073772
v -0.090768 1.012684 1.073772
v 0.083914 1.013687 1.073772
v 0.086770 1.010262 1.073772
v 0.085934 1.012684 1.073772
v 0.080988 1.013687 1.093441
v 0.083731 1.010262 1.094201
v 0.082928 1.012684 1.093978
v 0.074822 1.010262 1.115711
v 0.071997 1.013687 1.115149
v 0.073994 1.012684 1.115546
v -0.002029 0.876223 0.984968
v -0.025136 0.876223 0.988010
v -0.046668 0.876223 0.996929
v -0.065158 0.876223 1.011117
v -0.079501 0.876072 1.030720
v -0.088415 0.876072 1.052241
v 0.083969 0.876072 1.052241
v 0.075055 0.876072 1.030720
v 0.061101 0.876223 1.011117
v 0.042610 0.876223 0.996929
v 0.021078 0.876223 0.988010
v -0.002029 0.876223 1.163525
v -0.025136 0.876223 1.160483
v -0.046668 0.876223 1.151564
v -0.065158 0.876223 1.137376
v -0.079501 0.876072 1.117298
v -0.088415 0.876072 1.095777
v -0.091456 0.876072 1.074009
v 0.087010 0.876072 1.074009
v 0.083969 0.876072 1.095777
v 0.061101 0.876223 1.137376
v 0.042610 0.876223 1.151564
v 0.021078 0.876223 1.160483
v -0.002029 0.790252 0.989086
v -0.002029 0.794334 0.984968
v -0.002029 0.791448 0.986174
v -0.025136 0.794334 0.988010
v -0.024070 0.790252 0.991988
v -0.024824 0.791448 0.989175
v -0.046668 0.794334 0.996929
v -0.044609 0.790252 1.000495
v -0.046065 0.791448 0.997973
v -0.065158 0.794334 1.011117
v -0.062247 0.790252 1.014029
v -0.064306 0.791448 1.011970
v -0.079354 0.794334 1.029660
v -0.075780 0.790252 1.031666
v -0.078304 0.791448 1.030226
v -0.088273 0.794334 1.051192
v -0.084288 0.790252 1.052205
v -0.087102 0.791448 1.051467
v 0.084196 0.794334 1.051192
v 0.080230 0.790252 1.052205
v 0.083039 0.791447 1.051467
v 0.075277 0.794334 1.029660
v 0.071722 0.790252 1.031666
v 0.074241 0.791447 1.030226
v 0.061101 0.794334 1.011117
v 0.058189 0.790252 1.014029
v 0.060248 0.791448 1.011970
v 0.042610 0.794334 0.996929
v 0.040551 0.790252 1.000495
v 0.042007 0.791448 0.997974
v 0.021078 0.794334 0.988010
v 0.020012 0.790252 0.991988
v 0.020766 0.791448 0.989175
v -0.002029 0.794334 1.163525
v -0.002029 0.790252 1.159407
v -0.002029 0.791448 1.162319
v -0.024070 0.790252 1.156505
v -0.025136 0.794334 1.160483
v -0.024824 0.791448 1.159318
v -0.044609 0.790252 1.147998
v -0.046668 0.794334 1.151564
v -0.046065 0.791448 1.150519
v -0.062247 0.790252 1.134464
v -0.065158 0.794335 1.137376
v -0.064306 0.791448 1.136523
v -0.075780 0.790252 1.116827
v -0.079354 0.794334 1.118810
v -0.078304 0.791448 1.118261
v -0.084288 0.790252 1.096288
v -0.088273 0.794334 1.097278
v -0.087102 0.791448 1.097019
v -0.087190 0.790252 1.074246
v -0.091315 0.794334 1.074235
v -0.090103 0.791448 1.074243
v 0.083132 0.790252 1.074246
v 0.087238 0.794334 1.074235
v 0.086040 0.791447 1.074243
v 0.080230 0.790252 1.096287
v 0.084196 0.794334 1.097278
v 0.083039 0.791447 1.097019
v 0.071722 0.790252 1.116827
v 0.075277 0.794334 1.118810
v 0.074241 0.791447 1.118260
v 0.058189 0.790252 1.134464
v 0.061101 0.794335 1.137376
v 0.060248 0.791448 1.136523
v 0.040551 0.790252 1.147998
v 0.042610 0.794335 1.151564
v 0.042007 0.791448 1.150519
v 0.020012 0.790252 1.156505
v 0.021078 0.794335 1.160483
v 0.020766 0.791448 1.159318
vt 0.000000 0.000000
vt 0.000000 0.000000
vt 0.000000 0.000000
vt 0.000000 0.000000
vt 0.000000 0.000000
vt 0.000000 0.000000
vt 0.000000 0.000000
vt 0.000000 0.000000
vt 0.000000 0.000000
vt 0.000000 0.000000
vt 0.000000 0.000000
vt 0.000000 0.000000
vt 0.000000 0.000000
vt 0.000000 0.000000
vt 0.000000 0.000000
vt 0.000000 0.000000
vt 0.000000 0.000000
vt 0.000000 0.000000
vt 0.000000 0.000000
vt 0.000000 0.000000
vt 0.000000 0.000000
vt 0.000000 0.000000
vt 0.000000 0.000000
vt 0.000000 0.000000
vt 0.000000 0.000000
vt 0.000000 0.000000
vt 0.000000 0.000000
vt 0.000000 0.000000
vt 0.000000 0.000000
vt 0.000000 0.000000
vt 0.000000 0.000000
vt 0.000000 0.000000
vt 0.000000 0.000000
vt 0.000000 0.000000
vt 0.000000 0.000000
vt 0.000000 0.000000
vt 0.000000 0.000000
vt 0.000000 0.000000
vt 0.000000 0.000000
vt 0.000000 0.000000
vt 0.000000 0.000000
vt 0.000000 0.000000
vt 0.000000 0.000000
vt 0.000000 0.000000
vt 0.000000 0.000000
vt 0.000000 0.000000
vt 0.000000 0.000000
vt 0.000000 0.000000
vt 0.000000 0.000000
vt 0.000000 0.000000
vt 0.000000 0.000000
vt 0.000000 0.000000
vt 0.000000 0.000000
vt 0.000000 0.000000
vt 0.000000 0.000000
vt 0.000000 0.000000
vt 0.000000 0.000000
vt 0.000000 0.000000
vt 0.000000 0.000000
vt 0.000000 0.000000
vt 0.000000 0.000000
vt 0.000000 0.000000
vt 0.000000 0.000000
vt 0.000000 0.000000
vt 0.000000 0.000000
vt 0.000000 0.000000
vt 0.000000 0.000000
vt 0.000000 0.000000
vt 0.000000 0.000000
vt 0.000000 0.000000
vt 0.000000 0.000000
vt 0.000000 0.000000
vt 0.000000 0.000000
vt 0.000000 0.000000
vt 0.000000 0.000000
vt 0.000000 0.000000
vt 0.000000 0.000000
vt 0.000000 0.000000
vt 0.000000 0.000000
vt 0.000000 0.000000
vt 0.000000 0.000000
vt 0.000000 0.000000
vt 0.000000 0.000000
vt 0.000000 0.000000
vt 0.000000 0.000000
vt 0.000000 0.000000
vt 0.000000 0.000000
vt 0.000000 0.000000
vt 0.000000 0.000000
vt 0.000000 0.000000
vt 0.000000 0.000000
vt 0.000000 0.000000
vt 0.000000 0.000000
vt 0.000000 0.000000
vt 0.000000 0.000000
vt 0.000000 0.000000
vt 0.000000 0.000000
vt 0.000000 0.000000
vt 0.000000 0.000000
vt 0.000000 0.000000
vt 0.000000 0.000000
vt 0.000000 0.000000
vt 0.000000 0.000000
vt 0.000000 0.000000
vt 0.000000 0.000000
vt 0.000000 0.000000
vt 0.000000 0.000000
vt 0.000000 0.000000
vt 0.000000 0.000000
vt 0.000000 0.000000
vt 0.000000 0.000000
vt 0.000000 0.000000
vt 0.000000 0.000000
vt 0.000000 0.000000
vt 0.000000 0.000000
vt 0.000000 0.000000
vt 0.000000 0.000000
vt 0.000000 0.000000
vt 0.000000 0.000000
vt 0.000000 0.000000
vt 0.000000 0.000000
vt 0.000000 0.000000
vt 0.000000 0.000000
vt 0.000000 0.000000
vt 0.000000 0.000000
vt 0.000000 0.000000
vt 0.000000 0.000000
vt 0.000000 0.000000
vt 0.000000 0.000000
vt 0.000000 0.000000
vt 0.000000 0.000000
vt 0.000000 0.000000
vt 0.000000 0.000000
vt 0.000000 0.000000
vt 0.000000 0.000000
vt 0.000000 0.000000
vt 0.000000 0.000000
vt 0.000000 0.000000
vt 0.000000 0.000000
vt 0.000000 0.000000
vt 0.000000 0.000000
vt 0.000000 0.000000
vt 0.000000 0.000000
vt 0.000000 0.000000
vt 0.000000 0.000000
vt 0.000000 0.000000
vt 0.000000 0.000000
vt 0.000000 0.000000
vt 0.000000 0.000000
vt 0.000000 0.000000
vt 0.000000 0.000000
vt 0.000000 0.000000
vt 0.000000 0.000000
vt 0.000000 0.000000
vt 0.000000 0.000000
vt 0.000000 0.000000
vt 0.000000 0.000000
vt 0.000000 0.000000
vt 0.000000 0.000000
vt 0.000000 0.000000
vt 0.000000 0.000000
vt 0.000000 0.000000
vt 0.000000 0.000000
vt 0.000000 0.000000
vt 0.000000 0.000000
vt 0.000000 0.000000
vt 0.000000 0.000000
vt 0.000000 0.000000
vt 0.000000 0.000000
vt 0.000000 0.000000
vt 0.000000 0.000000
vt 0.000000 0.000000
vt 0.000000 0.000000
vt 0.000000 0.000000
vt 0.000000 0.000000
vt 0.000000 0.000000
vt 0.000000 0.000000
vt 0.000000 0.000000
vt 0.000000 0.000000
vt 0.000000 0.000000
vt 0.000000 0.000000
vt 0.000000 0.000000
vt 0.000000 0.000000
vt 0.000000 0.000000
vt 0.000000 0.000000
vt 0.000000 0.000000
vt 0.000000 0.000000
vt 0.000000 0.000000
vt 0.000000 0.000000
vt 0.000000 0.000000
vt 0.000000 0.000000
vt 0.000000 0.000000
vt 0.000000 0.000000
vt 0.000000 0.000000
vt 0.000000 0.000000
vt 0.000000 0.000000
vt 0.000000 0.000000
vt 0.000000 0.000000
vt 0.000000 0.000000
vt 0.000000 0.000000
vt 0.000000 0.000000
vt 0.000000 0.000000
vt 0.000000 0.000000
vt 0.000000 0.000000
vt 0.000000 0.000000
vt 0.000000 0.000000
vt 0.000000 0.000000
vt 0.000000 0.000000
vt 0.000000 0.000000
vt 0.000000 0.000000
vt 0.000000 0.000000
vt 0.000000 0.000000
vt 0.000000 0.000000
vt 0.000000 0.000000
vt 0.000000 0.000000
vt 0.000000 0.000000
vt 0.000000 0.000000
vt 0.000000 0.000000
vt 0.000000 0.000000
vt 0.000000 0.000000
vt 0.000000 0.000000
vt 0.000000 0.000000
vt 0.000000 0.000000
vt 0.000000 0.000000
vt 0.000000 0.000000
vt 0.000000 0.000000
vt 0.000000 0.000000
vt 0.000000 0.000000
vt 0.000000 0.000000
vt 0.000000 0.000000
vt 0.000000 0.000000
vt 0.000000 0.000000
vt 0.000000 0.000000
vt 0.000000 0.000000
vt 0.000000 0.000000
vt 0.000000 0.000000
vt 0.000000 0.000000
vt 0.000000 0.000000
vt 0.000000 0.000000
vt 0.000000 0.000000
vt 0.000000 0.000000
vt 0.000000 0.000000
vt 0.000000 0.000000
vt 0.000000 0.000000
vt 0.000000 0.000000
vt 0.000000 0.000000
vt 0.000000 0.000000
vt 0.000000 0.000000
vt 0.000000 0.000000
vt 0.000000 0.000000
vt 0.000000 0.000000
vt 0.000000 0.000000
vt 0.000000 0.000000
vt 0.000000 0.000000
vt 0.000000 0.000000
vt 0.000000 0.000000
vt 0.000000 0.000000
vt 0.000000 0.000000
vt 0.000000 0.000000
vt 0.000000 0.000000
vt 0.000000 0.000000
vt 0.000000 0.000000
vn -0.2554 0.1630 0.9530
vn -0.2588 0.0000 0.9659
vn -0.0000 0.0000 1.0000
vn -0.0000 0.1630 0.9866
vn -0.8545 0.1630 -0.4933
vn -0.6977 0.1630 -0.6977
vn -0.7071 0.0000 -0.7071
vn -0.8660 0.0000 -0.5000
vn 0.2554 0.1629 -0.9530
vn 0.4933 0.1629 -0.8545
vn 0.5000 0.0000 -0.8660
vn 0.2588 0.0000 -0.9659
vn 0.9530 0.1630 0.2554
vn 0.9667 0.1706 0.1910
vn 0.9812 0.0005 0.1929
vn 0.9659 0.0000 0.2588
vn -0.9530 0.1630 -0.2554
vn -0.9659 0.0000 -0.2588
vn -0.9512 0.1633 -0.2619
vn -0.9665 0.1707 -0.1919
vn -0.9814 0.0008 -0.1919
vn -0.9642 0.0007 -0.2653
vn -0.9866 0.1630 0.0000
vn -1.0000 0.0000 -0.0000
vn -0.2554 0.1629 -0.9530
vn -0.0000 0.1630 -0.9866
vn -0.0000 0.0000 -1.0000
vn -0.2588 0.0000 -0.9659
vn 0.9659 0.1717 -0.1939
vn 0.9805 0.0029 -0.1963
vn -0.9530 0.1630 0.2554
vn -0.9659 0.0000 0.2588
vn -0.9867 0.1628 -0.0001
vn -1.0000 -0.0004 0.0002
vn 0.9530 0.1630 -0.2554
vn 0.9866 0.1630 -0.0000
vn 1.0000 0.0000 0.0000
vn 0.9659 0.0000 -0.2588
vn -0.9663 0.1701 0.1931
vn -0.9804 -0.0003 0.1972
vn 0.9510 0.1647 -0.2618
vn 0.9864 0.1642 -0.0001
vn 1.0000 0.0025 0.0002
vn 0.9642 0.0035 -0.2653
vn 0.8545 0.1629 -0.4933
vn 0.8660 0.0000 -0.5000
vn -0.4933 0.1629 -0.8545
vn -0.5000 0.0000 -0.8660
vn 0.6977 0.1629 -0.6977
vn 0.7071 0.0000 -0.7071
vn -0.8545 0.1630 0.4933
vn -0.8660 0.0000 0.5000
vn -0.7071 0.0000 0.7071
vn -0.6977 0.1630 0.6977
vn 0.2554 0.1630 0.9530
vn 0.2588 0.0000 0.9659
vn 0.5000 0.0000 0.8660
vn 0.4933 0.1630 0.8545
vn 0.9812 0.0005 -0.1929
vn 0.9667 0.1706 -0.1909
vn -0.9511 0.1638 0.2617
vn -0.9641 0.0017 0.2656
vn -0.9815 0.0014 0.1915
vn -0.9664 0.1711 0.1921
vn -0.4933 0.1630 0.8545
vn -0.5000 0.0000 0.8660
vn 0.9806 0.0036 0.1959
vn 0.9658 0.1720 0.1942
vn -0.9663 0.1701 -0.1931
vn -0.9804 -0.0003 -0.1973
vn 0.9509 0.1651 0.2617
vn 0.9641 0.0045 0.2655
vn 0.8545 0.1630 0.4933
vn 0.8660 0.0000 0.5000
vn 0.6977 0.1630 0.6977
vn 0.7071 0.0000 0.7071
vn -0.0639 0.9690 -0.2385
vn -0.0000 0.9690 -0.2469
vn 0.0000 0.8952 -0.4457
vn -0.1154 0.8952 -0.4306
vn -0.2447 0.3257 -0.9132
vn -0.0000 0.3258 -0.9455
vn -0.1234 0.9690 -0.2138
vn -0.2229 0.8952 -0.3860
vn -0.4727 0.3257 -0.8188
vn -0.1746 0.9690 -0.1746
vn -0.3152 0.8951 -0.3152
vn -0.6685 0.3258 -0.6685
vn -0.2138 0.9690 -0.1234
vn -0.3860 0.8951 -0.2229
vn -0.8188 0.3258 -0.4727
vn -0.2385 0.9690 -0.0639
vn -0.4306 0.8952 -0.1154
vn -0.9132 0.3258 -0.2447
vn -0.2469 0.9690 -0.0000
vn -0.4458 0.8952 -0.0000
vn -0.9455 0.3258 0.0000
vn -0.2385 0.9690 0.0639
vn -0.4306 0.8952 0.1154
vn -0.9132 0.3258 0.2447
vn -0.2237 0.9736 0.0445
vn -0.4334 0.8971 0.0862
vn -0.9262 0.3289 0.1842
vn 0.2385 0.9690 0.0639
vn 0.2237 0.9736 0.0445
vn 0.4334 0.8971 0.0862
vn 0.4306 0.8952 0.1154
vn 0.9132 0.3258 0.2447
vn 0.9262 0.3289 0.1842
vn 0.2469 0.9690 -0.0000
vn 0.4458 0.8952 -0.0000
vn 0.9455 0.3258 -0.0000
vn 0.2385 0.9690 -0.0639
vn 0.4306 0.8952 -0.1154
vn 0.9132 0.3258 -0.2447
vn 0.2138 0.9690 -0.1234
vn 0.3860 0.8952 -0.2229
vn 0.8188 0.3257 -0.4727
vn 0.1746 0.9690 -0.1746
vn 0.3152 0.8952 -0.3152
vn 0.6685 0.3257 -0.6685
vn 0.1234 0.9690 -0.2138
vn 0.2229 0.8951 -0.3861
vn 0.4727 0.3257 -0.8188
vn 0.0639 0.9690 -0.2385
vn 0.1154 0.8952 -0.4306
vn 0.2447 0.3257 -0.9132
vn -0.2370 0.9693 -0.0656
vn -0.2237 0.9736 -0.0445
vn -0.4334 0.8971 -0.0862
vn -0.4299 0.8950 -0.1191
vn -0.9113 0.3254 -0.2524
vn -0.9262 0.3289 -0.1842
vn -0.2486 0.9686 0.0000
vn -0.4449 0.8956 0.0000
vn -0.9452 0.3264 0.0000
vn 0.2237 0.9736 -0.0445
vn 0.4334 0.8971 -0.0862
vn 0.9262 0.3289 -0.1842
vn 0.2370 0.9693 -0.0656
vn 0.2486 0.9686 -0.0000
vn 0.4449 0.8956 -0.0000
vn 0.4299 0.8950 -0.1191
vn 0.9113 0.3254 -0.2524
vn 0.9452 0.3264 0.0000
vn -0.0000 0.3258 0.9455
vn -0.2447 0.3258 0.9132
vn -0.1154 0.8952 0.4306
vn 0.0000 0.8952 0.4457
vn -0.0000 0.9690 0.2469
vn -0.0639 0.9690 0.2385
vn -0.4727 0.3258 0.8188
vn -0.2229 0.8952 0.3860
vn -0.1234 0.9690 0.2138
vn -0.6685 0.3258 0.6685
vn -0.3152 0.8952 0.3152
vn -0.1746 0.9690 0.1746
vn -0.8188 0.3258 0.4727
vn -0.3860 0.8952 0.2229
vn -0.2138 0.9690 0.1234
vn 0.8188 0.3258 0.4727
vn 0.3860 0.8952 0.2229
vn 0.2138 0.9690 0.1234
vn 0.6685 0.3258 0.6685
vn 0.3152 0.8951 0.3152
vn 0.1746 0.9690 0.1746
vn 0.4727 0.3258 0.8188
vn 0.2229 0.8951 0.3860
vn 0.1234 0.9690 0.2138
vn 0.2447 0.3258 0.9132
vn 0.1154 0.8952 0.4306
vn 0.0639 0.9690 0.2385
vn -0.9113 0.3254 0.2524
vn -0.4299 0.8950 0.1191
vn -0.2370 0.9693 0.0656
vn 0.9113 0.3254 0.2524
vn 0.4299 0.8950 0.1191
vn 0.2370 0.9693 0.0656
vn -0.0000 -1.0000 -0.0000
vn 0.2539 0.1935 0.9477
vn 0.0000 0.1935 0.9811
vn 0.7112 -0.0016 0.7030
vn 0.6963 0.1921 0.6916
vn 0.4905 0.1935 0.8497
vn 0.8694 -0.0033 0.4941
vn 0.8518 0.1905 0.4880
vn 0.9657 -0.0011 0.2597
vn 0.9475 0.1925 0.2551
vn -0.9656 -0.0055 0.2598
vn -0.8710 -0.0063 0.4912
vn -0.8532 0.1878 0.4866
vn -0.9483 0.1886 0.2553
vn 1.0000 0.0007 0.0002
vn 0.9810 0.1942 -0.0000
vn -0.7136 -0.0025 0.7005
vn -0.6977 0.1913 0.6903
vn -1.0000 -0.0038 0.0002
vn -0.9818 0.1901 -0.0000
vn -0.4905 0.1935 0.8497
vn -0.2539 0.1935 0.9477
vn -0.0000 0.1935 -0.9811
vn 0.2539 0.1935 -0.9477
vn 0.4905 0.1935 -0.8497
vn 0.6976 0.1914 -0.6904
vn 0.7134 -0.0024 -0.7008
vn 0.8529 0.1888 -0.4867
vn 0.8711 -0.0051 -0.4911
vn 0.9478 0.1912 -0.2553
vn 0.9658 -0.0025 -0.2593
vn -0.9657 -0.0069 -0.2594
vn -0.9485 0.1873 -0.2554
vn -0.8543 0.1861 -0.4853
vn -0.8727 -0.0081 -0.4882
vn -0.6990 0.1906 -0.6892
vn -0.7158 -0.0033 -0.6983
vn -0.4906 0.1935 -0.8497
vn -0.2539 0.1935 -0.9477
vn 0.0541 0.9779 0.2019
vn -0.0000 0.9779 0.2090
vn -0.0000 0.9250 0.3799
vn 0.0983 0.9250 0.3669
vn 0.2388 0.3855 0.8913
vn 0.0000 0.3855 0.9227
vn 0.1045 0.9779 0.1810
vn 0.1899 0.9250 0.3290
vn 0.4614 0.3855 0.7991
vn 0.1479 0.9779 0.1479
vn 0.2688 0.9249 0.2687
vn 0.6531 0.3842 0.6525
vn 0.1812 0.9779 0.1047
vn 0.3295 0.9249 0.1900
vn 0.7998 0.3829 0.4623
vn 0.2020 0.9779 0.0542
vn 0.3671 0.9250 0.0982
vn 0.8913 0.3846 0.2400
vn 0.2090 0.9779 -0.0000
vn 0.3798 0.9251 0.0000
vn 0.9225 0.3861 -0.0002
vn -0.2023 0.9778 0.0543
vn -0.2093 0.9778 -0.0000
vn -0.3804 0.9248 0.0000
vn -0.3677 0.9247 0.0984
vn -0.8927 0.3812 0.2402
vn -0.9240 0.3825 -0.0002
vn -0.1814 0.9778 0.1048
vn -0.3298 0.9247 0.1902
vn -0.8008 0.3805 0.4625
vn -0.1480 0.9779 0.1479
vn -0.2689 0.9249 0.2688
vn -0.6535 0.3835 0.6526
vn -0.1045 0.9779 0.1810
vn -0.1899 0.9250 0.3290
vn -0.4614 0.3855 0.7991
vn -0.0541 0.9779 0.2019
vn -0.0983 0.9250 0.3669
vn -0.2388 0.3855 0.8913
vn -0.0000 0.3855 -0.9227
vn 0.2388 0.3855 -0.8913
vn 0.0983 0.9250 -0.3669
vn 0.0000 0.9250 -0.3799
vn 0.0000 0.9779 -0.2090
vn 0.0541 0.9779 -0.2019
vn 0.4614 0.3855 -0.7991
vn 0.1899 0.9250 -0.3290
vn 0.1045 0.9779 -0.1810
vn 0.6535 0.3836 -0.6526
vn 0.2689 0.9249 -0.2688
vn 0.1480 0.9779 -0.1479
vn 0.8003 0.3814 -0.4628
vn 0.3297 0.9247 -0.1901
vn 0.1813 0.9778 -0.1048
vn 0.8917 0.3835 -0.2405
vn 0.3673 0.9249 -0.0982
vn 0.2021 0.9779 -0.0543
vn -0.8931 0.3800 -0.2408
vn -0.3679 0.9247 -0.0984
vn -0.2024 0.9778 -0.0544
vn -0.8013 0.3790 -0.4629
vn -0.3301 0.9246 -0.1903
vn -0.1815 0.9778 -0.1049
vn -0.6538 0.3829 -0.6526
vn -0.2690 0.9248 -0.2689
vn -0.1480 0.9779 -0.1479
vn -0.4614 0.3855 -0.7991
vn -0.1899 0.9250 -0.3290
vn -0.1045 0.9779 -0.1810
vn -0.2388 0.3855 -0.8913
vn -0.0983 0.9250 -0.3669
vn -0.0541 0.9779 -0.2019
usemtl None
s 1
f 2088/2389/2054 2004/2390/2055 2003/2391/2056 2084/2392/2057
f 2033/2393/2058 2030/2394/2059 1989/2395/2060 1990/2396/2061
f 2069/2397/2062 2066/2398/2063 2001/2399/2064 2002/2400/2065
f 2051/2401/2066 2049/2402/2067 1995/2403/2068 1996/2404/2069
f 2036/2405/2070 2033/2393/2058 1990/2396/2061 1991/2406/2071
f 2075/2407/2072 2073/2408/2073 2157/2409/2074 2158/2410/2075
f 2039/2411/2076 2036/2405/2070 1991/2406/2071 1992/2412/2077
f 2024/2413/2078 2022/2414/2079 1986/2415/2080 1987/2416/2081
f 2049/2402/2067 2082/2417/2082 2160/2418/2083 1995/2403/2068
f 2042/2419/2084 2039/2411/2076 1992/2412/2077 1993/2420/2085
f 2142/2421/2086 2075/2407/2072 2158/2410/2075 2170/2422/2087
f 2057/2423/2088 2054/2424/2089 1997/2425/2090 1998/2426/2091
f 2045/2427/2092 2042/2419/2084 1993/2420/2085 1994/2428/2093
f 2078/2429/2094 2145/2430/2095 2171/2431/2096 2159/2432/2097
f 2060/2433/2098 2057/2423/2088 1998/2426/2091 1999/2434/2099
f 1994/2428/2093 2157/2409/2074 2073/2408/2073 2045/2427/2092
f 2054/2424/2089 2051/2401/2066 1996/2404/2069 1997/2425/2090
f 2027/2435/2100 2024/2413/2078 1987/2416/2081 1988/2436/2101
f 2063/2437/2102 2060/2433/2098 1999/2434/2099 2000/2438/2103
f 2082/2417/2082 2078/2429/2094 2159/2432/2097 2160/2418/2083
f 2030/2394/2059 2027/2435/2100 1988/2436/2101 1989/2395/2060
f 2066/2398/2063 2063/2437/2102 2000/2438/2103 2001/2399/2064
f 2097/2439/2104 2007/2440/2105 2006/2441/2106 2094/2442/2107
f 2133/2443/2108 2019/2444/2109 2018/2445/2110 2130/2446/2111
f 2115/2447/2088 2013/2448/2091 2012/2449/2112 2111/2450/2113
f 2100/2451/2084 2008/2452/2085 2007/2440/2105 2097/2439/2104
f 2139/2453/2114 2169/2454/2115 2168/2455/2116 2135/2456/2117
f 2103/2457/2076 2009/2458/2077 2008/2452/2085 2100/2451/2084
f 2091/2459/2118 2005/2460/2119 2004/2390/2055 2088/2389/2054
f 2111/2450/2113 2012/2449/2112 2020/2461/2120 2150/2462/2121
f 2106/2463/2070 2010/2464/2071 2009/2458/2077 2103/2457/2076
f 2142/2421/2086 2170/2422/2087 2169/2454/2115 2139/2453/2114
f 2121/2465/2066 2015/2466/2069 2014/2467/2090 2118/2468/2089
f 2109/2469/2122 2011/2470/2123 2010/2464/2071 2106/2463/2070
f 2148/2471/2124 2172/2472/2125 2171/2431/2096 2145/2430/2095
f 2124/2473/2126 2016/2474/2127 2015/2466/2069 2121/2465/2066
f 2011/2470/2123 2109/2469/2122 2135/2456/2117 2168/2455/2116
f 2118/2468/2089 2014/2467/2090 2013/2448/2091 2115/2447/2088
f 2084/2392/2057 2003/2391/2056 2019/2444/2109 2133/2443/2108
f 2127/2475/2128 2017/2476/2129 2016/2474/2127 2124/2473/2126
f 2150/2462/2121 2020/2461/2120 2172/2472/2125 2148/2471/2124
f 2094/2442/2107 2006/2441/2106 2005/2460/2119 2091/2459/2118
f 2130/2446/2111 2018/2445/2110 2017/2476/2129 2127/2475/2128
f 2022/2414/2079 2069/2397/2062 2002/2400/2065 1986/2415/2080
f 2025/2477/2130 2021/2478/2131 2023/2479/2132 2026/2480/2133
f 2026/2480/2134 2023/2479/2135 2022/2414/2079 2024/2413/2078
f 2028/2481/2136 2025/2477/2130 2026/2480/2133 2029/2482/2137
f 2029/2482/2138 2026/2480/2134 2024/2413/2078 2027/2435/2100
f 2031/2483/2139 2028/2481/2136 2029/2482/2137 2032/2484/2140
f 2032/2484/2141 2029/2482/2138 2027/2435/2100 2030/2394/2059
f 2034/2485/2142 2031/2483/2139 2032/2484/2140 2035/2486/2143
f 2035/2486/2144 2032/2484/2141 2030/2394/2059 2033/2393/2058
f 2037/2487/2145 2034/2485/2142 2035/2486/2143 2038/2488/2146
f 2038/2488/2147 2035/2486/2144 2033/2393/2058 2036/2405/2070
f 2040/2489/2148 2037/2487/2145 2038/2488/2146 2041/2490/2149
f 2041/2490/2150 2038/2488/2147 2036/2405/2070 2039/2411/2076
f 2043/2491/2151 2040/2489/2148 2041/2490/2149 2044/2492/2152
f 2044/2492/2153 2041/2490/2150 2039/2411/2076 2042/2419/2084
f 2046/2493/2154 2043/2491/2151 2044/2492/2152 2047/2494/2155
f 2047/2494/2156 2044/2492/2153 2042/2419/2084 2045/2427/2092
f 2052/2495/2157 2048/2496/2158 2050/2497/2159 2053/2498/2160
f 2053/2498/2161 2050/2497/2162 2049/2402/2067 2051/2401/2066
f 2055/2499/2163 2052/2495/2157 2053/2498/2160 2056/2500/2164
f 2056/2500/2165 2053/2498/2161 2051/2401/2066 2054/2424/2089
f 2058/2501/2166 2055/2499/2163 2056/2500/2164 2059/2502/2167
f 2059/2502/2168 2056/2500/2165 2054/2424/2089 2057/2423/2088
f 2061/2503/2169 2058/2501/2166 2059/2502/2167 2062/2504/2170
f 2062/2504/2171 2059/2502/2168 2057/2423/2088 2060/2433/2098
f 2064/2505/2172 2061/2503/2169 2062/2504/2170 2065/2506/2173
f 2065/2506/2174 2062/2504/2171 2060/2433/2098 2063/2437/2102
f 2067/2507/2175 2064/2505/2172 2065/2506/2173 2068/2508/2176
f 2068/2508/2177 2065/2506/2174 2063/2437/2102 2066/2398/2063
f 2070/2509/2178 2067/2507/2175 2068/2508/2176 2071/2510/2179
f 2071/2510/2180 2068/2508/2177 2066/2398/2063 2069/2397/2062
f 2021/2478/2131 2070/2509/2178 2071/2510/2179 2023/2479/2132
f 2023/2479/2135 2071/2510/2180 2069/2397/2062 2022/2414/2079
f 2076/2511/2181 2072/2512/2182 2074/2513/2183 2077/2514/2184
f 2077/2514/2185 2074/2513/2186 2073/2408/2073 2075/2407/2072
f 2141/2515/2187 2076/2511/2181 2077/2514/2184 2143/2516/2188
f 2143/2516/2189 2077/2514/2185 2075/2407/2072 2142/2421/2086
f 2048/2496/2158 2081/2517/2190 2083/2518/2191 2050/2497/2159
f 2050/2497/2162 2083/2518/2192 2082/2417/2082 2049/2402/2067
f 2079/2519/2193 2144/2520/2194 2146/2521/2195 2080/2522/2196
f 2080/2522/2197 2146/2521/2198 2145/2430/2095 2078/2429/2094
f 2081/2517/2190 2079/2519/2193 2080/2522/2196 2083/2518/2191
f 2083/2518/2192 2080/2522/2197 2078/2429/2094 2082/2417/2082
f 2072/2512/2182 2046/2493/2154 2047/2494/2155 2074/2513/2183
f 2074/2513/2186 2047/2494/2156 2045/2427/2092 2073/2408/2073
f 2088/2389/2054 2084/2392/2057 2086/2523/2199 2089/2524/2200
f 2089/2524/2201 2086/2523/2202 2085/2525/2203 2087/2526/2204
f 2091/2459/2118 2088/2389/2054 2089/2524/2200 2092/2527/2205
f 2092/2527/2206 2089/2524/2201 2087/2526/2204 2090/2528/2207
f 2094/2442/2107 2091/2459/2118 2092/2527/2205 2095/2529/2208
f 2095/2529/2209 2092/2527/2206 2090/2528/2207 2093/2530/2210
f 2097/2439/2104 2094/2442/2107 2095/2529/2208 2098/2531/2211
f 2098/2531/2212 2095/2529/2209 2093/2530/2210 2096/2532/2213
f 2100/2451/2084 2097/2439/2104 2098/2531/2211 2101/2533/2153
f 2101/2533/2152 2098/2531/2212 2096/2532/2213 2099/2534/2151
f 2103/2457/2076 2100/2451/2084 2101/2533/2153 2104/2535/2150
f 2104/2535/2149 2101/2533/2152 2099/2534/2151 2102/2536/2148
f 2106/2463/2070 2103/2457/2076 2104/2535/2150 2107/2537/2147
f 2107/2537/2146 2104/2535/2149 2102/2536/2148 2105/2538/2145
f 2109/2469/2122 2106/2463/2070 2107/2537/2147 2110/2539/2186
f 2110/2539/2183 2107/2537/2146 2105/2538/2145 2108/2540/2182
f 2115/2447/2088 2111/2450/2113 2113/2541/2192 2116/2542/2168
f 2116/2542/2167 2113/2541/2191 2112/2543/2190 2114/2544/2166
f 2118/2468/2089 2115/2447/2088 2116/2542/2168 2119/2545/2165
f 2119/2545/2164 2116/2542/2167 2114/2544/2166 2117/2546/2163
f 2121/2465/2066 2118/2468/2089 2119/2545/2165 2122/2547/2161
f 2122/2547/2160 2119/2545/2164 2117/2546/2163 2120/2548/2157
f 2124/2473/2126 2121/2465/2066 2122/2547/2161 2125/2549/2214
f 2125/2549/2215 2122/2547/2160 2120/2548/2157 2123/2550/2216
f 2127/2475/2128 2124/2473/2126 2125/2549/2214 2128/2551/2217
f 2128/2551/2218 2125/2549/2215 2123/2550/2216 2126/2552/2219
f 2130/2446/2111 2127/2475/2128 2128/2551/2217 2131/2553/2220
f 2131/2553/2221 2128/2551/2218 2126/2552/2219 2129/2554/2222
f 2133/2443/2108 2130/2446/2111 2131/2553/2220 2134/2555/2223
f 2134/2555/2224 2131/2553/2221 2129/2554/2222 2132/2556/2225
f 2084/2392/2057 2133/2443/2108 2134/2555/2223 2086/2523/2199
f 2086/2523/2202 2134/2555/2224 2132/2556/2225 2085/2525/2203
f 2139/2453/2114 2135/2456/2117 2137/2557/2156 2140/2558/2226
f 2140/2558/2227 2137/2557/2155 2136/2559/2154 2138/2560/2228
f 2142/2421/2086 2139/2453/2114 2140/2558/2226 2143/2516/2189
f 2143/2516/2188 2140/2558/2227 2138/2560/2228 2141/2515/2187
f 2111/2450/2113 2150/2462/2121 2152/2561/2162 2113/2541/2192
f 2113/2541/2191 2152/2561/2159 2151/2562/2158 2112/2543/2190
f 2148/2471/2124 2145/2430/2095 2146/2521/2198 2149/2563/2229
f 2149/2563/2230 2146/2521/2195 2144/2520/2194 2147/2564/2231
f 2150/2462/2121 2148/2471/2124 2149/2563/2229 2152/2561/2162
f 2152/2561/2159 2149/2563/2230 2147/2564/2231 2151/2562/2158
f 2135/2456/2117 2109/2469/2122 2110/2539/2186 2137/2557/2156
f 2137/2557/2155 2110/2539/2183 2108/2540/2182 2136/2559/2154
f 2021/2478/2131 2025/2477/2130 2028/2481/2136 2031/2483/2139 2034/2485/2142 2037/2487/2145 2040/2489/2148 2043/2491/2151 2046/2493/2154 2072/2512/2182 2076/2511/2181 2141/2515/2187 2138/2560/2228 2136/2559/2154 2108/2540/2182 2105/2538/2145 2102/2536/2148 2099/2534/2151 2096/2532/2213 2093/2530/2210 2090/2528/2207 2087/2526/2204 2085/2525/2203 2132/2556/2225 2129/2554/2222 2126/2552/2219 2123/2550/2216 2120/2548/2157 2117/2546/2163 2114/2544/2166 2112/2543/2190 2151/2562/2158 2147/2564/2231 2144/2520/2194 2079/2519/2193 2081/2517/2190 2048/2496/2158 2052/2495/2157 2055/2499/2163 2058/2501/2166 2061/2503/2169 2064/2505/2172 2067/2507/2175 2070/2509/2178
f 1994/2428/2232 1993/2420/2232 1992/2412/2232 1991/2406/2232 1990/2396/2232 1989/2395/2232 1988/2436/2232 1987/2416/2232 1986/2415/2232 2002/2400/2232 2001/2399/2232 2000/2438/2232 1999/2434/2232 1998/2426/2232 1997/2425/2232 1996/2404/2232 1995/2403/2232 2160/2418/2232 2159/2432/2232 2171/2431/2232 2172/2472/2232 2020/2461/2232 2012/2449/2232 2013/2448/2232 2014/2467/2232 2015/2466/2232 2016/2474/2232 2017/2476/2232 2018/2445/2232 2019/2444/2232 2003/2391/2232 2004/2390/2232 2005/2460/2232 2006/2441/2232 2007/2440/2232 2008/2452/2232 2009/2458/2232 2010/2464/2232 2011/2470/2232 2168/2455/2232 2169/2454/2232 2170/2422/2232 2158/2410/2232 2157/2409/2232
f 2153/2565/2056 2154/2566/2109 2179/2567/2233 2177/2568/2234
f 2155/2569/2110 2156/2570/2235 2185/2571/2236 2182/2572/2237
f 2156/2570/2235 2157/2409/2238 2188/2573/2239 2185/2571/2236
f 2157/2409/2238 2158/2410/2240 2191/2574/2241 2188/2573/2239
f 2159/2432/2242 2160/2418/2243 2197/2575/2244 2194/2576/2245
f 2158/2410/2240 2170/2422/2246 2228/2577/2247 2191/2574/2241
f 2160/2418/2243 2161/2578/2248 2200/2579/2249 2197/2575/2244
f 2171/2431/2250 2159/2432/2242 2194/2576/2245 2231/2580/2251
f 2161/2578/2248 2162/2581/2119 2203/2582/2252 2200/2579/2249
f 2162/2581/2119 2163/2583/2055 2206/2584/2253 2203/2582/2252
f 2164/2585/2080 2209/2586/2254 2213/2587/2255 2165/2588/2065
f 2154/2566/2109 2155/2569/2110 2182/2572/2237 2179/2567/2233
f 2165/2588/2065 2213/2587/2255 2216/2589/2256 2166/2590/2064
f 2166/2590/2064 2216/2589/2256 2219/2591/2257 2167/2592/2258
f 2167/2592/2258 2219/2591/2257 2222/2593/2259 2168/2455/2260
f 2168/2455/2260 2222/2593/2259 2225/2594/2261 2169/2454/2262
f 2172/2472/2263 2234/2595/2264 2237/2596/2265 2020/2461/2266
f 2169/2454/2262 2225/2594/2261 2228/2577/2247 2170/2422/2246
f 2020/2461/2266 2237/2596/2265 2240/2597/2267 2173/2598/2268
f 2171/2431/2250 2231/2580/2251 2234/2595/2264 2172/2472/2263
f 2173/2598/2268 2240/2597/2267 2243/2599/2269 2174/2600/2101
f 2174/2600/2101 2243/2599/2269 2246/2601/2270 2175/2602/2081
f 2175/2602/2081 2246/2601/2270 2209/2586/2254 2164/2585/2080
f 2163/2583/2055 2153/2565/2056 2177/2568/2234 2206/2584/2253
f 2180/2603/2271 2176/2604/2272 2178/2605/2273 2181/2606/2274
f 2181/2606/2275 2178/2605/2276 2177/2568/2234 2179/2567/2233
f 2183/2607/2277 2180/2603/2271 2181/2606/2274 2184/2608/2278
f 2184/2608/2279 2181/2606/2275 2179/2567/2233 2182/2572/2237
f 2186/2609/2280 2183/2607/2277 2184/2608/2278 2187/2610/2281
f 2187/2610/2282 2184/2608/2279 2182/2572/2237 2185/2571/2236
f 2189/2611/2283 2186/2609/2280 2187/2610/2281 2190/2612/2284
f 2190/2612/2285 2187/2610/2282 2185/2571/2236 2188/2573/2239
f 2192/2613/2286 2189/2611/2283 2190/2612/2284 2193/2614/2287
f 2193/2614/2288 2190/2612/2285 2188/2573/2239 2191/2574/2241
f 2227/2615/2289 2192/2613/2286 2193/2614/2287 2229/2616/2290
f 2229/2616/2291 2193/2614/2288 2191/2574/2241 2228/2577/2247
f 2195/2617/2292 2230/2618/2293 2232/2619/2294 2196/2620/2295
f 2196/2620/2296 2232/2619/2297 2231/2580/2251 2194/2576/2245
f 2198/2621/2298 2195/2617/2292 2196/2620/2295 2199/2622/2299
f 2199/2622/2300 2196/2620/2296 2194/2576/2245 2197/2575/2244
f 2201/2623/2301 2198/2621/2298 2199/2622/2299 2202/2624/2302
f 2202/2624/2303 2199/2622/2300 2197/2575/2244 2200/2579/2249
f 2204/2625/2304 2201/2623/2301 2202/2624/2302 2205/2626/2305
f 2205/2626/2306 2202/2624/2303 2200/2579/2249 2203/2582/2252
f 2207/2627/2307 2204/2625/2304 2205/2626/2305 2208/2628/2308
f 2208/2628/2309 2205/2626/2306 2203/2582/2252 2206/2584/2253
f 2176/2604/2272 2207/2627/2307 2208/2628/2308 2178/2605/2273
f 2178/2605/2276 2208/2628/2309 2206/2584/2253 2177/2568/2234
f 2213/2587/2255 2209/2586/2254 2211/2629/2310 2214/2630/2311
f 2214/2630/2312 2211/2629/2313 2210/2631/2314 2212/2632/2315
f 2216/2589/2256 2213/2587/2255 2214/2630/2311 2217/2633/2316
f 2217/2633/2317 2214/2630/2312 2212/2632/2315 2215/2634/2318
f 2219/2591/2257 2216/2589/2256 2217/2633/2316 2220/2635/2319
f 2220/2635/2320 2217/2633/2317 2215/2634/2318 2218/2636/2321
f 2222/2593/2259 2219/2591/2257 2220/2635/2319 2223/2637/2322
f 2223/2637/2323 2220/2635/2320 2218/2636/2321 2221/2638/2324
f 2225/2594/2261 2222/2593/2259 2223/2637/2322 2226/2639/2325
f 2226/2639/2326 2223/2637/2323 2221/2638/2324 2224/2640/2327
f 2228/2577/2247 2225/2594/2261 2226/2639/2325 2229/2616/2291
f 2229/2616/2290 2226/2639/2326 2224/2640/2327 2227/2615/2289
f 2234/2595/2264 2231/2580/2251 2232/2619/2297 2235/2641/2328
f 2235/2641/2329 2232/2619/2294 2230/2618/2293 2233/2642/2330
f 2237/2596/2265 2234/2595/2264 2235/2641/2328 2238/2643/2331
f 2238/2643/2332 2235/2641/2329 2233/2642/2330 2236/2644/2333
f 2240/2597/2267 2237/2596/2265 2238/2643/2331 2241/2645/2334
f 2241/2645/2335 2238/2643/2332 2236/2644/2333 2239/2646/2336
f 2243/2599/2269 2240/2597/2267 2241/2645/2334 2244/2647/2337
f 2244/2647/2338 2241/2645/2335 2239/2646/2336 2242/2648/2339
f 2246/2601/2270 2243/2599/2269 2244/2647/2337 2247/2649/2340
f 2247/2649/2341 2244/2647/2338 2242/2648/2339 2245/2650/2342
f 2209/2586/2254 2246/2601/2270 2247/2649/2340 2211/2629/2310
f 2211/2629/2313 2247/2649/2341 2245/2650/2342 2210/2631/2314
f 2176/2604/2272 2180/2603/2271 2183/2607/2277 2186/2609/2280 2189/2611/2283 2192/2613/2286 2227/2615/2289 2224/2640/2327 2221/2638/2324 2218/2636/2321 2215/2634/2318 2212/2632/2315 2210/2631/2314 2245/2650/2342 2242/2648/2339 2239/2646/2336 2236/2644/2333 2233/2642/2330 2230/2618/2293 2195/2617/2292 2198/2621/2298 2201/2623/2301 2204/2625/2304 2207/2627/2307
o LC-Foot_Cylinder.011
v -0.000405 0.131631 0.955242
v 0.032228 0.131631 0.959934
v 0.062218 0.131631 0.973629
v 0.087133 0.131631 0.995219
v 0.104958 0.131631 1.022954
v 0.114246 0.131631 1.054587
v 0.114246 0.131631 1.087555
v 0.104958 0.131631 1.119188
v 0.087133 0.131631 1.146923
v 0.062218 0.131631 1.168513
v 0.032228 0.131631 1.182209
v -0.000405 0.131631 1.186900
v -0.033037 0.131631 1.182209
v -0.063027 0.131631 1.168513
v -0.087943 0.131631 1.146923
v -0.105767 0.131631 1.119188
v -0.115055 0.131631 1.087555
v -0.115055 0.131631 1.054587
v -0.105767 0.131631 1.022954
v -0.087943 0.131631 0.995219
v -0.063027 0.131631 0.973629
v -0.033038 0.131631 0.959934
v -0.000405 0.019326 0.940441
v 0.036398 0.019326 0.945732
v 0.070220 0.019326 0.961178
v 0.098319 0.019326 0.985526
v 0.118421 0.019326 1.016805
v 0.128896 0.019326 1.052480
v 0.128896 0.019326 1.089662
v 0.118421 0.019326 1.125337
v 0.098319 0.019326 1.156616
v 0.070220 0.019326 1.180964
v 0.036398 0.019326 1.196410
v -0.000405 0.019326 1.201701
v -0.037207 0.019326 1.196410
v -0.071029 0.019326 1.180964
v -0.099128 0.019326 1.156616
v -0.119230 0.019326 1.125337
v -0.129705 0.019326 1.089662
v -0.129705 0.019326 1.052480
v -0.119230 0.019326 1.016805
v -0.099129 0.019326 0.985526
v -0.071029 0.019326 0.961178
v -0.037208 0.019326 0.945732
v -0.000405 0.325807 1.000679
v -0.000405 0.313818 0.986748
v -0.000405 0.324201 0.994336
v -0.000405 0.319813 0.989237
v 0.019427 0.325807 1.003530
v 0.023352 0.313818 0.990164
v 0.021214 0.324201 0.997444
v 0.022651 0.319813 0.992552
v 0.037652 0.325807 1.011853
v 0.045184 0.313818 1.000134
v 0.041082 0.324201 1.006517
v 0.043838 0.319813 1.002228
v 0.052794 0.325807 1.024974
v 0.063322 0.313818 1.015851
v 0.057588 0.324201 1.020820
v 0.061442 0.319813 1.017481
v 0.063626 0.325807 1.041829
v 0.076298 0.313818 1.036042
v 0.069396 0.324201 1.039194
v 0.074035 0.319813 1.037076
v 0.069271 0.325807 1.061053
v 0.083060 0.313818 1.059071
v 0.075550 0.324201 1.060150
v 0.080597 0.319813 1.059425
v 0.069271 0.325807 1.081089
v 0.083060 0.313818 1.083071
v 0.075550 0.324201 1.081992
v 0.080597 0.319813 1.082717
v 0.063626 0.325807 1.100313
v 0.076298 0.313818 1.106100
v 0.069396 0.324201 1.102948
v 0.074035 0.319813 1.105066
v 0.052794 0.325807 1.117168
v 0.063322 0.313818 1.126291
v 0.057588 0.324201 1.121322
v 0.061442 0.319813 1.124661
v 0.037652 0.325807 1.130289
v 0.045184 0.313818 1.142008
v 0.041082 0.324201 1.135625
v 0.043838 0.319813 1.139915
v 0.019427 0.325807 1.138612
v 0.023352 0.313818 1.151978
v 0.021214 0.324201 1.144698
v 0.022651 0.319813 1.149590
v -0.000405 0.325807 1.141463
v -0.000405 0.313818 1.155394
v -0.000405 0.324201 1.147807
v -0.000405 0.319813 1.152905
v -0.020236 0.325807 1.138612
v -0.024161 0.313818 1.151978
v -0.022023 0.324201 1.144698
v -0.023460 0.319813 1.149590
v -0.038461 0.325807 1.130289
v -0.045993 0.313818 1.142008
v -0.041891 0.324201 1.135625
v -0.044648 0.319813 1.139915
v -0.053603 0.325807 1.117168
v -0.064131 0.313818 1.126291
v -0.058397 0.324201 1.121322
v -0.062251 0.319813 1.124661
v -0.064436 0.325807 1.100313
v -0.077107 0.313818 1.106100
v -0.070206 0.324201 1.102948
v -0.074844 0.319813 1.105066
v -0.070080 0.325807 1.081089
v -0.083869 0.313818 1.083071
v -0.076359 0.324201 1.081992
v -0.081406 0.319813 1.082717
v -0.070080 0.325807 1.061053
v -0.083869 0.313818 1.059071
v -0.076359 0.324201 1.060151
v -0.081406 0.319813 1.059425
v -0.064436 0.325807 1.041829
v -0.077107 0.313818 1.036042
v -0.070206 0.324201 1.039194
v -0.074844 0.319813 1.037076
v -0.053604 0.325807 1.024974
v -0.064131 0.313818 1.015851
v -0.058397 0.324201 1.020820
v -0.062251 0.319813 1.017481
v -0.038462 0.325807 1.011853
v -0.045993 0.313818 1.000134
v -0.041891 0.324201 1.006517
v -0.044648 0.319813 1.002228
v -0.020236 0.325807 1.003530
v -0.024161 0.313818 0.990164
v -0.022024 0.324201 0.997444
v -0.023460 0.319813 0.992552
v -0.000405 0.125989 0.940441
v -0.000405 0.131631 0.946140
v -0.000405 0.129978 0.942110
v 0.034793 0.131631 0.951200
v 0.036398 0.125989 0.945732
v 0.035928 0.129978 0.947334
v 0.067138 0.131631 0.965972
v 0.070220 0.125989 0.961178
v 0.069317 0.129978 0.962582
v 0.094012 0.131631 0.989258
v 0.098319 0.125989 0.985526
v 0.097058 0.129978 0.986619
v 0.113237 0.131631 1.019173
v 0.118421 0.125989 1.016805
v 0.116903 0.129978 1.017499
v 0.123255 0.131631 1.053291
v 0.128896 0.125989 1.052480
v 0.127244 0.129978 1.052718
v 0.123255 0.131631 1.088851
v 0.128896 0.125989 1.089662
v 0.127244 0.129978 1.089424
v 0.113237 0.131631 1.122969
v 0.118421 0.125989 1.125337
v 0.116903 0.129978 1.124643
v 0.094012 0.131631 1.152884
v 0.098319 0.125989 1.156616
v 0.097058 0.129978 1.155523
v 0.067138 0.131631 1.176170
v 0.070220 0.125989 1.180964
v 0.069317 0.129978 1.179560
v 0.034793 0.131631 1.190942
v 0.036398 0.125989 1.196410
v 0.035928 0.129978 1.194808
v -0.000405 0.131631 1.196002
v -0.000405 0.125989 1.201701
v -0.000405 0.129978 1.200032
v -0.035602 0.131631 1.190942
v -0.037207 0.125989 1.196410
v -0.036737 0.129978 1.194808
v -0.067947 0.131631 1.176170
v -0.071029 0.125989 1.180964
v -0.070126 0.129978 1.179560
v -0.094821 0.131631 1.152884
v -0.099128 0.125989 1.156616
v -0.097867 0.129978 1.155523
v -0.114046 0.131631 1.122969
v -0.119230 0.125989 1.125337
v -0.117712 0.129978 1.124643
v -0.124064 0.131631 1.088851
v -0.129705 0.125989 1.089662
v -0.128053 0.129978 1.089424
v -0.124064 0.131631 1.053292
v -0.129705 0.125989 1.052480
v -0.128053 0.129978 1.052718
v -0.114046 0.131631 1.019173
v -0.119230 0.125989 1.016805
v -0.117712 0.129978 1.017499
v -0.094821 0.131631 0.989259
v -0.099129 0.125989 0.985526
v -0.097867 0.129978 0.986619
v -0.067948 0.131631 0.965972
v -0.071029 0.125989 0.961178
v -0.070126 0.129978 0.962582
v -0.035602 0.131631 0.951200
v -0.037208 0.125989 0.945732
v -0.036737 0.129978 0.947334
vt 0.045454 0.500000
vt 0.045454 0.969309
vt -0.000000 0.969309
vt -0.000000 0.500000
vt 0.909091 0.500000
vt 0.909091 0.969308
vt 0.863636 0.969309
vt 0.863636 0.500000
vt 0.818182 0.969309
vt 0.818182 0.500000
vt 0.772727 0.969309
vt 0.772727 0.500000
vt 0.727273 0.969309
vt 0.727273 0.500000
vt 0.681818 0.969309
vt 0.681818 0.500000
vt 0.636364 0.969309
vt 0.636364 0.500000
vt 0.590909 0.969309
vt 0.590909 0.500000
vt 0.545454 0.969309
vt 0.545454 0.500000
vt 0.500000 0.969309
vt 0.500000 0.500000
vt 0.454545 0.969309
vt 0.454545 0.500000
vt 0.409091 0.969309
vt 0.409091 0.500000
vt 0.363636 0.969309
vt 0.363636 0.500000
vt 0.318182 0.969309
vt 0.318182 0.500000
vt 0.272727 0.969309
vt 0.272727 0.500000
vt 0.227272 0.969309
vt 0.227272 0.500000
vt 0.181818 0.969309
vt 0.181818 0.500000
vt 0.136363 0.969309
vt 0.136363 0.500000
vt 0.090909 0.969309
vt 0.090909 0.500000
vt 1.000000 0.500000
vt 1.000000 0.969309
vt 0.954545 0.969309
vt 0.954545 0.500000
vt 0.909091 0.500000
vt 0.863636 0.500000
vt 0.863636 0.500000
vt 0.909091 0.500000
vt 0.772727 0.500000
vt 0.727273 0.500000
vt 0.727273 0.500000
vt 0.772727 0.500000
vt 0.681818 0.500000
vt 0.636364 0.500000
vt 0.636364 0.500000
vt 0.681818 0.500000
vt 0.454545 0.500000
vt 0.409091 0.500000
vt 0.409091 0.500000
vt 0.454545 0.500000
vt 0.227272 0.500000
vt 0.181818 0.500000
vt 0.181818 0.500000
vt 0.227272 0.500000
vt 0.954545 0.500000
vt 1.000000 0.500000
vt 0.818182 0.500000
vt 0.818182 0.500000
vt 0.545454 0.500000
vt 0.500000 0.500000
vt 0.500000 0.500000
vt 0.545454 0.500000
vt 0.318182 0.500000
vt 0.272727 0.500000
vt 0.272727 0.500000
vt 0.318182 0.500000
vt 0.090909 0.500000
vt 0.045454 0.500000
vt 0.045454 0.500000
vt 0.090909 0.500000
vt 0.590909 0.500000
vt 0.590909 0.500000
vt -0.000000 0.500000
vt -0.000000 0.500000
vt 0.363636 0.500000
vt 0.363636 0.500000
vt 0.136363 0.500000
vt 0.136363 0.500000
vt 0.772727 0.500000
vt 0.818182 0.500000
vt 0.750000 0.490000
vt 0.817616 0.480278
vt 0.879754 0.451901
vt 0.931380 0.407167
vt 0.968312 0.349700
vt 0.987557 0.284156
vt 0.987557 0.215844
vt 0.968312 0.150300
vt 0.931380 0.092833
vt 0.879754 0.048099
vt 0.817616 0.019722
vt 0.750000 0.010000
vt 0.682384 0.019722
vt 0.620246 0.048099
vt 0.568620 0.092833
vt 0.531688 0.150300
vt 0.512443 0.215844
vt 0.512443 0.284155
vt 0.531688 0.349699
vt 0.568620 0.407166
vt 0.620246 0.451901
vt 0.682384 0.480278
vt 0.090909 0.500000
vt 0.136363 0.500000
vt 0.409091 0.500000
vt 0.454545 0.500000
vt 0.727273 0.500000
vt 0.045454 0.500000
vt 0.363636 0.500000
vt 0.681818 0.500000
vt 0.954545 0.500000
vt 0.954545 0.500000
vt 0.318182 0.500000
vt 0.636364 0.500000
vt -0.000000 0.500000
vt 0.272727 0.500000
vt 0.590909 0.500000
vt 0.909091 0.500000
vt 0.227272 0.500000
vt 0.545454 0.500000
vt 0.863636 0.500000
vt 0.181818 0.500000
vt 0.500000 0.500000
vt 0.999568 0.985226
vt 0.954977 0.985226
vt 0.998380 1.000000
vt 0.956165 1.000000
vt 0.312798 0.463868
vt 0.250000 0.472897
vt 0.250000 0.454472
vt 0.307606 0.446189
vt 0.954114 0.985226
vt 0.909522 0.985226
vt 0.952926 1.000000
vt 0.910710 1.000000
vt 0.370507 0.437513
vt 0.360546 0.422013
vt 0.908659 0.985226
vt 0.864068 0.985226
vt 0.907471 1.000000
vt 0.865256 1.000000
vt 0.418455 0.395967
vt 0.404530 0.383901
vt 0.863205 0.985226
vt 0.818613 0.985226
vt 0.862017 1.000000
vt 0.819801 1.000000
vt 0.452754 0.342595
vt 0.435994 0.334941
vt 0.817750 0.985226
vt 0.773159 0.985226
vt 0.816562 1.000000
vt 0.774347 1.000000
vt 0.470629 0.281722
vt 0.452391 0.279099
vt 0.772296 0.985226
vt 0.727704 0.985226
vt 0.771108 1.000000
vt 0.728892 1.000000
vt 0.470628 0.218278
vt 0.452391 0.220901
vt 0.726841 0.985226
vt 0.682250 0.985226
vt 0.725653 1.000000
vt 0.683438 1.000000
vt 0.452754 0.157405
vt 0.435994 0.165059
vt 0.681386 0.985226
vt 0.636795 0.985226
vt 0.680198 1.000000
vt 0.637983 1.000000
vt 0.418454 0.104033
vt 0.404530 0.116099
vt 0.635932 0.985226
vt 0.591341 0.985226
vt 0.634744 1.000000
vt 0.592529 1.000000
vt 0.370507 0.062487
vt 0.360546 0.077987
vt 0.590477 0.985226
vt 0.545886 0.985226
vt 0.589289 1.000000
vt 0.547074 1.000000
vt 0.312797 0.036132
vt 0.307606 0.053811
vt 0.545023 0.985226
vt 0.500431 0.985226
vt 0.543835 1.000000
vt 0.501619 1.000000
vt 0.250000 0.027103
vt 0.250000 0.045528
vt 0.499568 0.985226
vt 0.454977 0.985226
vt 0.498380 1.000000
vt 0.456165 1.000000
vt 0.187203 0.036132
vt 0.192394 0.053811
vt 0.454114 0.985226
vt 0.409522 0.985226
vt 0.452926 1.000000
vt 0.410710 1.000000
vt 0.129493 0.062487
vt 0.139454 0.077987
vt 0.408659 0.985226
vt 0.364068 0.985226
vt 0.407471 1.000000
vt 0.365256 1.000000
vt 0.081546 0.104033
vt 0.095470 0.116099
vt 0.363205 0.985226
vt 0.318613 0.985226
vt 0.362017 1.000000
vt 0.319801 1.000000
vt 0.047246 0.157405
vt 0.064006 0.165059
vt 0.317750 0.985226
vt 0.273159 0.985226
vt 0.316562 1.000000
vt 0.274347 1.000000
vt 0.029372 0.218278
vt 0.047609 0.220900
vt 0.272295 0.985226
vt 0.227704 0.985226
vt 0.271107 1.000000
vt 0.228892 1.000000
vt 0.029371 0.281721
vt 0.047609 0.279099
vt 0.226841 0.985226
vt 0.182250 0.985226
vt 0.225653 1.000000
vt 0.183437 1.000000
vt 0.047245 0.342595
vt 0.064006 0.334941
vt 0.181386 0.985226
vt 0.136795 0.985226
vt 0.180198 1.000000
vt 0.137983 1.000000
vt 0.081545 0.395967
vt 0.095470 0.383900
vt 0.135932 0.985226
vt 0.091340 0.985226
vt 0.134744 1.000000
vt 0.092528 1.000000
vt 0.129492 0.437513
vt 0.139454 0.422013
vt 0.090477 0.985226
vt 0.045886 0.985226
vt 0.089289 1.000000
vt 0.047074 1.000000
vt 0.187202 0.463868
vt 0.192393 0.446189
vt 0.045023 0.985225
vt 0.000431 0.985226
vt 0.043835 1.000000
vt 0.001619 1.000000
vt 0.954545 0.500000
vt 0.999710 0.500000
vt 1.000000 0.500000
vt 0.909091 0.500000
vt 0.863636 0.500000
vt 0.818182 0.500000
vt 0.772727 0.500000
vt 0.727273 0.500000
vt 0.681818 0.500000
vt 0.636364 0.500000
vt 0.590909 0.500000
vt 0.545454 0.500000
vt 0.500000 0.500000
vt 0.454545 0.500000
vt 0.409091 0.500000
vt 0.363636 0.500000
vt 0.318182 0.500000
vt 0.272727 0.500000
vt 0.227272 0.500000
vt 0.181818 0.500000
vt 0.136363 0.500000
vt 0.090909 0.500000
vt 0.045454 0.500000
vt 0.000290 0.500000
vt 1.000000 0.500000
vn -0.2776 0.1704 -0.9455
vn -0.2708 0.2760 -0.9222
vn 0.0000 0.2760 -0.9612
vn 0.0000 0.1704 -0.9854
vn 0.5327 0.1704 -0.8289
vn 0.5196 0.2760 -0.8086
vn 0.7264 0.2760 -0.6294
vn 0.7447 0.1704 -0.6453
vn 0.8743 0.2760 -0.3993
vn 0.8963 0.1704 -0.4093
vn 0.9514 0.2760 -0.1368
vn 0.9753 0.1704 -0.1402
vn 0.9514 0.2760 0.1368
vn 0.9753 0.1704 0.1402
vn 0.8743 0.2760 0.3993
vn 0.8963 0.1704 0.4093
vn 0.7264 0.2760 0.6294
vn 0.7447 0.1704 0.6453
vn 0.5196 0.2760 0.8086
vn 0.5327 0.1704 0.8289
vn 0.2708 0.2760 0.9222
vn 0.2776 0.1704 0.9455
vn 0.0000 0.2760 0.9612
vn 0.0000 0.1704 0.9854
vn -0.2708 0.2760 0.9222
vn -0.2776 0.1704 0.9455
vn -0.5196 0.2760 0.8086
vn -0.5327 0.1704 0.8289
vn -0.7264 0.2760 0.6294
vn -0.7447 0.1704 0.6453
vn -0.8743 0.2760 0.3993
vn -0.8963 0.1704 0.4093
vn -0.9514 0.2760 0.1368
vn -0.9753 0.1704 0.1402
vn -0.9514 0.2760 -0.1368
vn -0.9753 0.1704 -0.1402
vn -0.8743 0.2760 -0.3993
vn -0.8963 0.1704 -0.4093
vn -0.7264 0.2760 -0.6294
vn -0.7447 0.1704 -0.6453
vn -0.5196 0.2760 -0.8086
vn -0.5327 0.1704 -0.8289
vn 0.2708 0.2760 -0.9222
vn 0.2776 0.1704 -0.9455
vn 0.5304 0.1935 -0.8254
vn 0.7415 0.1935 -0.6425
vn 0.7557 0.0000 -0.6549
vn 0.5406 0.0000 -0.8413
vn 0.9711 0.1935 -0.1396
vn 0.9711 0.1935 0.1396
vn 0.9898 0.0000 0.1423
vn 0.9898 0.0000 -0.1423
vn 0.8924 0.1935 0.4076
vn 0.7415 0.1935 0.6425
vn 0.7557 0.0000 0.6549
vn 0.9096 0.0000 0.4154
vn -0.2764 0.1935 0.9414
vn -0.5304 0.1935 0.8254
vn -0.5406 0.0000 0.8413
vn -0.2817 0.0000 0.9595
vn -0.9711 0.1935 -0.1396
vn -0.8924 0.1935 -0.4076
vn -0.9096 0.0000 -0.4154
vn -0.9898 0.0000 -0.1423
vn 0.0000 1.0000 -0.0000
vn 0.0592 0.9777 -0.2016
vn 0.0000 0.9777 -0.2101
vn 0.8924 0.1935 -0.4076
vn 0.9096 0.0000 -0.4154
vn 0.2764 0.1935 0.9414
vn -0.0000 0.1935 0.9811
vn -0.0000 0.0000 1.0000
vn 0.2817 0.0000 0.9595
vn -0.8924 0.1935 0.4076
vn -0.9711 0.1935 0.1396
vn -0.9898 0.0000 0.1423
vn -0.9096 0.0000 0.4154
vn -0.5304 0.1935 -0.8254
vn -0.2764 0.1935 -0.9414
vn -0.2817 0.0000 -0.9595
vn -0.5406 0.0000 -0.8413
vn 0.5304 0.1935 0.8254
vn 0.5406 0.0000 0.8413
vn -0.0000 0.1935 -0.9811
vn -0.0000 0.0000 -1.0000
vn -0.7415 0.1935 0.6425
vn -0.7557 0.0000 0.6549
vn -0.7415 0.1935 -0.6425
vn -0.7558 0.0000 -0.6549
vn 0.2080 0.9777 -0.0299
vn 0.1911 0.9777 -0.0873
vn 0.0000 -1.0000 0.0000
vn -0.1136 0.9777 -0.1768
vn -0.1588 0.9777 -0.1376
vn -0.1136 0.9777 0.1768
vn -0.0592 0.9777 0.2016
vn 0.2080 0.9777 0.0299
vn -0.0592 0.9777 -0.2016
vn -0.1588 0.9777 0.1376
vn 0.1911 0.9777 0.0873
vn 0.2764 0.1935 -0.9414
vn 0.2817 0.0000 -0.9595
vn -0.1911 0.9777 0.0873
vn 0.1588 0.9777 0.1376
vn -0.2080 0.9777 0.0299
vn 0.1136 0.9777 0.1768
vn 0.1136 0.9777 -0.1768
vn -0.2080 0.9777 -0.0299
vn 0.0592 0.9777 0.2016
vn 0.1588 0.9777 -0.1376
vn -0.1911 0.9777 -0.0873
vn -0.0000 0.9777 0.2101
vn 0.0000 0.5768 -0.8169
vn 0.2301 0.5768 -0.7838
vn 0.0000 0.8788 -0.4773
vn 0.1345 0.8788 -0.4579
vn 0.0000 0.9909 -0.1347
vn 0.0380 0.9909 -0.1293
vn 0.4416 0.5768 -0.6872
vn 0.2580 0.8788 -0.4015
vn 0.0728 0.9909 -0.1133
vn 0.6174 0.5768 -0.5349
vn 0.3607 0.8788 -0.3125
vn 0.1018 0.9909 -0.0882
vn 0.7431 0.5768 -0.3393
vn 0.4341 0.8788 -0.1983
vn 0.1226 0.9909 -0.0560
vn 0.8086 0.5768 -0.1163
vn 0.4724 0.8788 -0.0679
vn 0.1334 0.9909 -0.0192
vn 0.8086 0.5768 0.1163
vn 0.4724 0.8788 0.0679
vn 0.1334 0.9909 0.0192
vn 0.7431 0.5768 0.3393
vn 0.4341 0.8788 0.1983
vn 0.1226 0.9909 0.0560
vn 0.6174 0.5768 0.5349
vn 0.3607 0.8788 0.3125
vn 0.1018 0.9909 0.0882
vn 0.4416 0.5768 0.6872
vn 0.2580 0.8788 0.4015
vn 0.0728 0.9909 0.1133
vn 0.2301 0.5768 0.7838
vn 0.1345 0.8788 0.4579
vn 0.0380 0.9909 0.1293
vn -0.0000 0.5768 0.8169
vn -0.0000 0.8788 0.4773
vn -0.0000 0.9909 0.1347
vn -0.2301 0.5768 0.7838
vn -0.1345 0.8788 0.4579
vn -0.0380 0.9909 0.1293
vn -0.4416 0.5768 0.6872
vn -0.2580 0.8788 0.4015
vn -0.0728 0.9909 0.1133
vn -0.6174 0.5768 0.5349
vn -0.3607 0.8788 0.3125
vn -0.1018 0.9909 0.0882
vn -0.7431 0.5768 0.3393
vn -0.4341 0.8788 0.1983
vn -0.1226 0.9909 0.0560
vn -0.8086 0.5768 0.1163
vn -0.4724 0.8788 0.0679
vn -0.1334 0.9909 0.0192
vn -0.8086 0.5768 -0.1163
vn -0.4724 0.8788 -0.0679
vn -0.1334 0.9909 -0.0192
vn -0.7431 0.5768 -0.3393
vn -0.4341 0.8788 -0.1983
vn -0.1226 0.9909 -0.0560
vn -0.6174 0.5768 -0.5349
vn -0.3607 0.8788 -0.3125
vn -0.1018 0.9909 -0.0882
vn -0.4416 0.5768 -0.6872
vn -0.2580 0.8788 -0.4015
vn -0.0728 0.9909 -0.1133
vn -0.2301 0.5768 -0.7838
vn -0.1345 0.8788 -0.4579
vn -0.0380 0.9909 -0.1293
vn 0.1069 0.9253 -0.3640
vn 0.0000 0.9253 -0.3794
vn 0.0000 0.3860 -0.9225
vn 0.2599 0.3860 -0.8851
vn 0.2051 0.9253 -0.3191
vn 0.4987 0.3860 -0.7760
vn 0.2867 0.9253 -0.2484
vn 0.6972 0.3860 -0.6041
vn 0.3451 0.9253 -0.1576
vn 0.8391 0.3860 -0.3832
vn 0.3755 0.9253 -0.0540
vn 0.9131 0.3860 -0.1313
vn 0.3755 0.9253 0.0540
vn 0.9131 0.3860 0.1313
vn 0.3451 0.9253 0.1576
vn 0.8391 0.3860 0.3832
vn 0.2867 0.9253 0.2484
vn 0.6972 0.3860 0.6041
vn 0.2051 0.9253 0.3191
vn 0.4987 0.3860 0.7760
vn 0.1069 0.9253 0.3640
vn 0.2599 0.3860 0.8851
vn 0.0000 0.9253 0.3794
vn -0.0000 0.3860 0.9225
vn -0.1069 0.9253 0.3640
vn -0.2599 0.3860 0.8851
vn -0.2051 0.9253 0.3191
vn -0.4987 0.3860 0.7760
vn -0.2867 0.9253 0.2484
vn -0.6972 0.3860 0.6041
vn -0.3451 0.9253 0.1576
vn -0.8391 0.3860 0.3832
vn -0.3755 0.9253 0.0540
vn -0.9131 0.3860 0.1313
vn -0.3755 0.9253 -0.0540
vn -0.9131 0.3860 -0.1313
vn -0.3451 0.9253 -0.1576
vn -0.8391 0.3860 -0.3832
vn -0.2867 0.9253 -0.2484
vn -0.6972 0.3860 -0.6041
vn -0.2051 0.9253 -0.3191
vn -0.4987 0.3860 -0.7760
vn -0.1069 0.9253 -0.3640
vn -0.2599 0.3860 -0.8851
usemtl None
s 1
f 2269/2651/2343 2377/2652/2344 2293/2653/2345 2248/2654/2346
f 2250/2655/2347 2301/2656/2348 2305/2657/2349 2251/2658/2350
f 2251/2658/2350 2305/2657/2349 2309/2659/2351 2252/2660/2352
f 2252/2660/2352 2309/2659/2351 2313/2661/2353 2253/2662/2354
f 2253/2662/2354 2313/2661/2353 2317/2663/2355 2254/2664/2356
f 2254/2664/2356 2317/2663/2355 2321/2665/2357 2255/2666/2358
f 2255/2666/2358 2321/2665/2357 2325/2667/2359 2256/2668/2360
f 2256/2668/2360 2325/2667/2359 2329/2669/2361 2257/2670/2362
f 2257/2670/2362 2329/2669/2361 2333/2671/2363 2258/2672/2364
f 2258/2672/2364 2333/2671/2363 2337/2673/2365 2259/2674/2366
f 2259/2674/2366 2337/2673/2365 2341/2675/2367 2260/2676/2368
f 2260/2676/2368 2341/2675/2367 2345/2677/2369 2261/2678/2370
f 2261/2678/2370 2345/2677/2369 2349/2679/2371 2262/2680/2372
f 2262/2680/2372 2349/2679/2371 2353/2681/2373 2263/2682/2374
f 2263/2682/2374 2353/2681/2373 2357/2683/2375 2264/2684/2376
f 2264/2684/2376 2357/2683/2375 2361/2685/2377 2265/2686/2378
f 2265/2686/2378 2361/2685/2377 2365/2687/2379 2266/2688/2380
f 2266/2688/2380 2365/2687/2379 2369/2689/2381 2267/2690/2382
f 2267/2690/2382 2369/2689/2381 2373/2691/2383 2268/2692/2384
f 2268/2692/2384 2373/2691/2383 2377/2652/2344 2269/2651/2343
f 2248/2693/2346 2293/2694/2345 2297/2695/2385 2249/2696/2386
f 2249/2696/2386 2297/2695/2385 2301/2656/2348 2250/2655/2347
f 2387/2697/2387 2390/2698/2388 2273/2699/2389 2272/2700/2390
f 2396/2701/2391 2399/2702/2392 2276/2703/2393 2275/2704/2394
f 2402/2705/2395 2405/2706/2396 2278/2707/2397 2277/2708/2398
f 2417/2709/2399 2420/2710/2400 2283/2711/2401 2282/2712/2402
f 2432/2713/2403 2435/2714/2404 2288/2715/2405 2287/2716/2406
f 2248/2693/2407 2249/2696/2407 2383/2717/2408 2381/2718/2409
f 2393/2719/2410 2396/2701/2391 2275/2704/2394 2274/2720/2411
f 2411/2721/2412 2414/2722/2413 2281/2723/2414 2280/2724/2415
f 2426/2725/2416 2429/2726/2417 2286/2727/2418 2285/2728/2419
f 2441/2729/2420 2444/2730/2421 2291/2731/2422 2290/2732/2423
f 2390/2698/2388 2393/2719/2410 2274/2720/2411 2273/2699/2389
f 2405/2706/2396 2408/2733/2424 2279/2734/2425 2278/2707/2397
f 2444/2730/2421 2380/2735/2426 2270/2736/2427 2291/2731/2422
f 2420/2710/2400 2423/2737/2428 2284/2738/2429 2283/2711/2401
f 2435/2714/2404 2438/2739/2430 2289/2740/2431 2288/2715/2405
f 2399/2702/2392 2402/2705/2395 2277/2708/2398 2276/2703/2393
f 2414/2722/2413 2417/2709/2399 2282/2712/2402 2281/2723/2414
f 2429/2726/2417 2432/2713/2403 2287/2716/2406 2286/2727/2418
f 2252/2660/2407 2253/2662/2407 2395/2741/2432 2392/2742/2433
f 2408/2733/2424 2411/2721/2412 2280/2724/2415 2279/2734/2425
f 2423/2737/2428 2426/2725/2416 2285/2728/2419 2284/2738/2429
f 2438/2739/2430 2441/2729/2420 2290/2732/2423 2289/2740/2431
f 2270/2743/2434 2271/2744/2434 2272/2745/2434 2273/2746/2434 2274/2747/2434 2275/2748/2434 2276/2749/2434 2277/2750/2434 2278/2751/2434 2279/2752/2434 2280/2753/2434 2281/2754/2434 2282/2755/2434 2283/2756/2434 2284/2757/2434 2285/2758/2434 2286/2759/2434 2287/2760/2434 2288/2761/2434 2289/2762/2434 2290/2763/2434 2291/2764/2434
f 2267/2690/2407 2268/2692/2407 2440/2765/2435 2437/2766/2436
f 2260/2676/2407 2261/2678/2407 2419/2767/2437 2416/2768/2438
f 2253/2662/2407 2254/2664/2407 2398/2769/2439 2395/2741/2432
f 2268/2692/2407 2269/2651/2407 2443/2770/2440 2440/2765/2435
f 2261/2678/2407 2262/2680/2407 2422/2771/2441 2419/2767/2437
f 2254/2664/2407 2255/2666/2407 2401/2772/2442 2398/2769/2439
f 2384/2773/2443 2387/2697/2387 2272/2700/2390 2271/2774/2444
f 2262/2680/2407 2263/2682/2407 2425/2775/2445 2422/2771/2441
f 2255/2666/2407 2256/2668/2407 2404/2776/2446 2401/2772/2442
f 2269/2651/2407 2248/2654/2407 2381/2777/2409 2443/2770/2440
f 2263/2682/2407 2264/2684/2407 2428/2778/2447 2425/2775/2445
f 2256/2668/2407 2257/2670/2407 2407/2779/2448 2404/2776/2446
f 2249/2696/2407 2250/2655/2407 2386/2780/2449 2383/2717/2408
f 2264/2684/2407 2265/2686/2407 2431/2781/2450 2428/2778/2447
f 2257/2670/2407 2258/2672/2407 2410/2782/2451 2407/2779/2448
f 2250/2655/2407 2251/2658/2407 2389/2783/2452 2386/2780/2449
f 2265/2686/2407 2266/2688/2407 2434/2784/2453 2431/2781/2450
f 2258/2672/2407 2259/2674/2407 2413/2785/2454 2410/2782/2451
f 2251/2658/2407 2252/2660/2407 2392/2742/2433 2389/2783/2452
f 2266/2688/2407 2267/2690/2407 2437/2766/2436 2434/2784/2453
f 2259/2674/2407 2260/2676/2407 2416/2768/2438 2413/2785/2454
f 2297/2695/2385 2293/2694/2345 2295/2786/2455 2299/2787/2456
f 2299/2787/2456 2295/2786/2455 2294/2788/2457 2298/2789/2458
f 2298/2790/2458 2294/2791/2457 2292/2792/2459 2296/2793/2460
f 2301/2656/2348 2297/2695/2385 2299/2794/2456 2303/2795/2461
f 2303/2795/2461 2299/2794/2456 2298/2796/2458 2302/2797/2462
f 2302/2798/2462 2298/2790/2458 2296/2793/2460 2300/2799/2463
f 2305/2657/2349 2301/2656/2348 2303/2800/2461 2307/2801/2464
f 2307/2801/2464 2303/2800/2461 2302/2802/2462 2306/2803/2465
f 2306/2804/2465 2302/2798/2462 2300/2799/2463 2304/2805/2466
f 2309/2659/2351 2305/2657/2349 2307/2806/2464 2311/2807/2467
f 2311/2807/2467 2307/2806/2464 2306/2808/2465 2310/2809/2468
f 2310/2810/2468 2306/2804/2465 2304/2805/2466 2308/2811/2469
f 2313/2661/2353 2309/2659/2351 2311/2812/2467 2315/2813/2470
f 2315/2813/2470 2311/2812/2467 2310/2814/2468 2314/2815/2471
f 2314/2816/2471 2310/2810/2468 2308/2811/2469 2312/2817/2472
f 2317/2663/2355 2313/2661/2353 2315/2818/2470 2319/2819/2473
f 2319/2819/2473 2315/2818/2470 2314/2820/2471 2318/2821/2474
f 2318/2822/2474 2314/2816/2471 2312/2817/2472 2316/2823/2475
f 2321/2665/2357 2317/2663/2355 2319/2824/2473 2323/2825/2476
f 2323/2825/2476 2319/2824/2473 2318/2826/2474 2322/2827/2477
f 2322/2828/2477 2318/2822/2474 2316/2823/2475 2320/2829/2478
f 2325/2667/2359 2321/2665/2357 2323/2830/2476 2327/2831/2479
f 2327/2831/2479 2323/2830/2476 2322/2832/2477 2326/2833/2480
f 2326/2834/2480 2322/2828/2477 2320/2829/2478 2324/2835/2481
f 2329/2669/2361 2325/2667/2359 2327/2836/2479 2331/2837/2482
f 2331/2837/2482 2327/2836/2479 2326/2838/2480 2330/2839/2483
f 2330/2840/2483 2326/2834/2480 2324/2835/2481 2328/2841/2484
f 2333/2671/2363 2329/2669/2361 2331/2842/2482 2335/2843/2485
f 2335/2843/2485 2331/2842/2482 2330/2844/2483 2334/2845/2486
f 2334/2846/2486 2330/2840/2483 2328/2841/2484 2332/2847/2487
f 2337/2673/2365 2333/2671/2363 2335/2848/2485 2339/2849/2488
f 2339/2849/2488 2335/2848/2485 2334/2850/2486 2338/2851/2489
f 2338/2852/2489 2334/2846/2486 2332/2847/2487 2336/2853/2490
f 2341/2675/2367 2337/2673/2365 2339/2854/2488 2343/2855/2491
f 2343/2855/2491 2339/2854/2488 2338/2856/2489 2342/2857/2492
f 2342/2858/2492 2338/2852/2489 2336/2853/2490 2340/2859/2493
f 2345/2677/2369 2341/2675/2367 2343/2860/2491 2347/2861/2494
f 2347/2861/2494 2343/2860/2491 2342/2862/2492 2346/2863/2495
f 2346/2864/2495 2342/2858/2492 2340/2859/2493 2344/2865/2496
f 2349/2679/2371 2345/2677/2369 2347/2866/2494 2351/2867/2497
f 2351/2867/2497 2347/2866/2494 2346/2868/2495 2350/2869/2498
f 2350/2870/2498 2346/2864/2495 2344/2865/2496 2348/2871/2499
f 2353/2681/2373 2349/2679/2371 2351/2872/2497 2355/2873/2500
f 2355/2873/2500 2351/2872/2497 2350/2874/2498 2354/2875/2501
f 2354/2876/2501 2350/2870/2498 2348/2871/2499 2352/2877/2502
f 2357/2683/2375 2353/2681/2373 2355/2878/2500 2359/2879/2503
f 2359/2879/2503 2355/2878/2500 2354/2880/2501 2358/2881/2504
f 2358/2882/2504 2354/2876/2501 2352/2877/2502 2356/2883/2505
f 2361/2685/2377 2357/2683/2375 2359/2884/2503 2363/2885/2506
f 2363/2885/2506 2359/2884/2503 2358/2886/2504 2362/2887/2507
f 2362/2888/2507 2358/2882/2504 2356/2883/2505 2360/2889/2508
f 2365/2687/2379 2361/2685/2377 2363/2890/2506 2367/2891/2509
f 2367/2891/2509 2363/2890/2506 2362/2892/2507 2366/2893/2510
f 2366/2894/2510 2362/2888/2507 2360/2889/2508 2364/2895/2511
f 2369/2689/2381 2365/2687/2379 2367/2896/2509 2371/2897/2512
f 2371/2897/2512 2367/2896/2509 2366/2898/2510 2370/2899/2513
f 2370/2900/2513 2366/2894/2510 2364/2895/2511 2368/2901/2514
f 2373/2691/2383 2369/2689/2381 2371/2902/2512 2375/2903/2515
f 2375/2903/2515 2371/2902/2512 2370/2904/2513 2374/2905/2516
f 2374/2906/2516 2370/2900/2513 2368/2901/2514 2372/2907/2517
f 2377/2652/2344 2373/2691/2383 2375/2908/2515 2379/2909/2518
f 2379/2909/2518 2375/2908/2515 2374/2910/2516 2378/2911/2519
f 2378/2912/2519 2374/2906/2516 2372/2907/2517 2376/2913/2520
f 2293/2653/2345 2377/2652/2344 2379/2914/2518 2295/2915/2455
f 2295/2915/2455 2379/2914/2518 2378/2916/2519 2294/2917/2457
f 2294/2791/2457 2378/2912/2519 2376/2913/2520 2292/2792/2459
f 2296/2793/2460 2292/2792/2459 2376/2913/2520 2372/2907/2517 2368/2901/2514 2364/2895/2511 2360/2889/2508 2356/2883/2505 2352/2877/2502 2348/2871/2499 2344/2865/2496 2340/2859/2493 2336/2853/2490 2332/2847/2487 2328/2841/2484 2324/2835/2481 2320/2829/2478 2316/2823/2475 2312/2817/2472 2308/2811/2469 2304/2805/2466 2300/2799/2463
f 2381/2718/2409 2383/2717/2408 2385/2918/2521 2382/2919/2522
f 2382/2919/2523 2385/2918/2524 2384/2773/2443 2380/2920/2426
f 2383/2717/2408 2386/2780/2449 2388/2921/2525 2385/2918/2521
f 2385/2918/2524 2388/2921/2526 2387/2697/2387 2384/2773/2443
f 2386/2780/2449 2389/2783/2452 2391/2922/2527 2388/2921/2525
f 2388/2921/2526 2391/2922/2528 2390/2698/2388 2387/2697/2387
f 2389/2783/2452 2392/2742/2433 2394/2923/2529 2391/2922/2527
f 2391/2922/2528 2394/2923/2530 2393/2719/2410 2390/2698/2388
f 2392/2742/2433 2395/2741/2432 2397/2924/2531 2394/2923/2529
f 2394/2923/2530 2397/2924/2532 2396/2701/2391 2393/2719/2410
f 2395/2741/2432 2398/2769/2439 2400/2925/2533 2397/2924/2531
f 2397/2924/2532 2400/2925/2534 2399/2702/2392 2396/2701/2391
f 2398/2769/2439 2401/2772/2442 2403/2926/2535 2400/2925/2533
f 2400/2925/2534 2403/2926/2536 2402/2705/2395 2399/2702/2392
f 2401/2772/2442 2404/2776/2446 2406/2927/2537 2403/2926/2535
f 2403/2926/2536 2406/2927/2538 2405/2706/2396 2402/2705/2395
f 2404/2776/2446 2407/2779/2448 2409/2928/2539 2406/2927/2537
f 2406/2927/2538 2409/2928/2540 2408/2733/2424 2405/2706/2396
f 2407/2779/2448 2410/2782/2451 2412/2929/2541 2409/2928/2539
f 2409/2928/2540 2412/2929/2542 2411/2721/2412 2408/2733/2424
f 2410/2782/2451 2413/2785/2454 2415/2930/2543 2412/2929/2541
f 2412/2929/2542 2415/2930/2544 2414/2722/2413 2411/2721/2412
f 2413/2785/2454 2416/2768/2438 2418/2931/2545 2415/2930/2543
f 2415/2930/2544 2418/2931/2546 2417/2709/2399 2414/2722/2413
f 2416/2768/2438 2419/2767/2437 2421/2932/2547 2418/2931/2545
f 2418/2931/2546 2421/2932/2548 2420/2710/2400 2417/2709/2399
f 2419/2767/2437 2422/2771/2441 2424/2933/2549 2421/2932/2547
f 2421/2932/2548 2424/2933/2550 2423/2737/2428 2420/2710/2400
f 2422/2771/2441 2425/2775/2445 2427/2934/2551 2424/2933/2549
f 2424/2933/2550 2427/2934/2552 2426/2725/2416 2423/2737/2428
f 2425/2775/2445 2428/2778/2447 2430/2935/2553 2427/2934/2551
f 2427/2934/2552 2430/2935/2554 2429/2726/2417 2426/2725/2416
f 2428/2778/2447 2431/2781/2450 2433/2936/2555 2430/2935/2553
f 2430/2935/2554 2433/2936/2556 2432/2713/2403 2429/2726/2417
f 2431/2781/2450 2434/2784/2453 2436/2937/2557 2433/2936/2555
f 2433/2936/2556 2436/2937/2558 2435/2714/2404 2432/2713/2403
f 2434/2784/2453 2437/2766/2436 2439/2938/2559 2436/2937/2557
f 2436/2937/2558 2439/2938/2560 2438/2739/2430 2435/2714/2404
f 2437/2766/2436 2440/2765/2435 2442/2939/2561 2439/2938/2559
f 2439/2938/2560 2442/2939/2562 2441/2729/2420 2438/2739/2430
f 2440/2765/2435 2443/2770/2440 2445/2940/2563 2442/2939/2561
f 2442/2939/2562 2445/2940/2564 2444/2730/2421 2441/2729/2420
f 2443/2770/2440 2381/2777/2409 2382/2941/2522 2445/2940/2563
f 2445/2940/2564 2382/2941/2523 2380/2735/2426 2444/2730/2421
f 2380/2920/2426 2384/2773/2443 2271/2774/2444 2270/2942/2427
o LC-HandSupport_Cylinder.010
v -0.002604 4.308522 0.771041
v -0.002604 4.308522 1.377090
v 0.009023 4.305425 1.377090
v 0.009023 4.305425 0.771041
v 0.019858 4.296345 1.377090
v 0.019858 4.296345 0.771041
v 0.029162 4.281901 1.377090
v 0.029162 4.281901 0.771041
v 0.036302 4.263077 1.377090
v 0.036302 4.263077 0.771041
v 0.040790 4.241155 1.377090
v 0.040790 4.241155 0.771041
v 0.042321 4.217631 1.377090
v 0.042321 4.217631 0.771041
v 0.040790 4.194107 1.377090
v 0.040790 4.194107 0.771041
v 0.036302 4.172185 1.377090
v 0.036302 4.172185 0.771041
v 0.029162 4.153361 1.377090
v 0.029162 4.153361 0.771041
v 0.019858 4.138916 1.377090
v 0.019858 4.138916 0.771041
v 0.009023 4.129837 1.377090
v 0.009023 4.129837 0.771041
v -0.002604 4.126740 1.377090
v -0.002604 4.126740 0.771041
v -0.014231 4.129837 1.377090
v -0.014231 4.129837 0.771041
v -0.025066 4.138916 1.377090
v -0.025066 4.138916 0.771041
v -0.034371 4.153361 1.377090
v -0.034371 4.153361 0.771041
v -0.041510 4.172185 1.377090
v -0.041510 4.172185 0.771041
v -0.045998 4.194107 1.377090
v -0.045998 4.194107 0.771041
v -0.047529 4.217631 1.377090
v -0.047529 4.217631 0.771041
v -0.045998 4.241155 1.377090
v -0.045998 4.241155 0.771041
v -0.041510 4.263077 1.377090
v -0.041510 4.263077 0.771041
v -0.034371 4.281901 1.377090
v -0.034371 4.281901 0.771041
v -0.025066 4.296345 1.377090
v -0.025066 4.296345 0.771041
v -0.014231 4.305425 1.377090
v -0.014231 4.305425 0.771041
v -0.002604 4.308522 0.837499
v -0.002604 4.308522 1.310632
v 0.009023 4.305425 1.310632
v 0.009023 4.305425 0.837499
v 0.019858 4.296345 1.310632
v 0.019858 4.296345 0.837499
v 0.029162 4.281901 1.310632
v 0.029162 4.281901 0.837499
v 0.036302 4.263077 1.310632
v 0.036302 4.263077 0.837499
v 0.040790 4.241155 1.310632
v 0.040790 4.241155 0.837499
v 0.042321 4.217631 1.310632
v 0.042321 4.217631 0.837499
v 0.040790 4.194107 1.310632
v 0.040790 4.194107 0.837499
v 0.036302 4.172185 1.310632
v 0.036302 4.172185 0.837499
v 0.029162 4.153361 1.310632
v 0.029162 4.153361 0.837499
v 0.019858 4.138916 1.310632
v 0.019858 4.138916 0.837499
v 0.009023 4.129837 1.310632
v 0.009023 4.129837 0.837499
v -0.002604 4.126740 1.310632
v -0.002604 4.126740 0.837499
v -0.014231 4.129837 1.310632
v -0.014231 4.129837 0.837499
v -0.025066 4.138916 1.310632
v -0.025066 4.138916 0.837499
v -0.034371 4.153361 1.310632
v -0.034371 4.153361 0.837499
v -0.041510 4.172185 1.310632
v -0.041510 4.172185 0.837499
v -0.045998 4.194107 1.310632
v -0.045998 4.194107 0.837499
v -0.047529 4.217631 1.310632
v -0.047529 4.217631 0.837499
v -0.045998 4.241155 1.310632
v -0.045998 4.241155 0.837499
v -0.041510 4.263077 1.310632
v -0.041510 4.263077 0.837499
v -0.034371 4.281901 1.310632
v -0.034371 4.281901 0.837499
v -0.025066 4.296345 1.310632
v -0.025066 4.296345 0.837499
v -0.014231 4.305425 1.310632
v -0.014231 4.305425 0.837499
v -0.002604 4.321816 1.330489
v -0.002604 4.321816 1.363490
v 0.010724 4.318266 0.817642
v 0.010724 4.318266 0.784641
v 0.023144 4.307858 0.817642
v 0.023144 4.307858 0.784641
v 0.033809 4.291301 0.817642
v 0.033809 4.291301 0.784641
v 0.041992 4.269723 0.817642
v 0.041992 4.269723 0.784641
v 0.047137 4.244596 0.817642
v 0.047137 4.244596 0.784641
v 0.048891 4.217631 0.817642
v 0.048891 4.217631 0.784641
v 0.047137 4.190666 0.817642
v 0.047137 4.190666 0.784641
v 0.041992 4.165538 0.817642
v 0.041992 4.165538 0.784641
v 0.033809 4.143960 0.817642
v 0.033809 4.143960 0.784641
v 0.023144 4.127403 0.817642
v 0.023144 4.127403 0.784641
v 0.010724 4.116995 0.817642
v 0.010724 4.116995 0.784641
v -0.002604 4.113445 0.817642
v -0.002604 4.113445 0.784641
v -0.015932 4.116995 0.817642
v -0.015932 4.116995 0.784641
v -0.028352 4.127403 0.817642
v -0.028352 4.127403 0.784641
v -0.039017 4.143960 0.817642
v -0.039017 4.143960 0.784641
v -0.047201 4.165538 0.817642
v -0.047201 4.165538 0.784641
v -0.052345 4.190665 0.817642
v -0.052345 4.190665 0.784641
v -0.054100 4.217631 0.817642
v -0.054100 4.217631 0.784641
v -0.052345 4.244596 0.817642
v -0.052345 4.244596 0.784641
v -0.047201 4.269723 0.817642
v -0.047201 4.269723 0.784641
v -0.039017 4.291301 0.817642
v -0.039017 4.291301 0.784641
v -0.028352 4.307858 0.817642
v -0.028352 4.307858 0.784641
v -0.015932 4.318266 0.817642
v -0.015932 4.318266 0.784641
v -0.002604 4.321816 0.784641
v -0.015932 4.318266 1.363490
v -0.028352 4.307858 1.363490
v -0.039017 4.291301 1.363490
v -0.047201 4.269723 1.363490
v -0.052345 4.244596 1.363490
v -0.054100 4.217631 1.363490
v -0.052345 4.190665 1.363490
v -0.047201 4.165538 1.363490
v -0.039017 4.143960 1.363490
v -0.028352 4.127403 1.363490
v -0.015932 4.116995 1.363490
v -0.002604 4.113445 1.363490
v 0.010724 4.116995 1.363490
v 0.023144 4.127403 1.363490
v 0.033809 4.143960 1.363490
v 0.041992 4.165538 1.363490
v 0.047137 4.190666 1.363490
v 0.048891 4.217631 1.363490
v 0.047137 4.244596 1.363490
v 0.041992 4.269723 1.363490
v 0.033809 4.291301 1.363490
v 0.023144 4.307858 1.363490
v 0.010724 4.318266 1.363490
v -0.002604 4.321816 0.817642
v 0.010724 4.318266 1.330489
v 0.023144 4.307858 1.330489
v 0.033809 4.291301 1.330489
v 0.041992 4.269723 1.330489
v 0.047137 4.244596 1.330489
v 0.048891 4.217631 1.330489
v 0.047137 4.190666 1.330489
v 0.041992 4.165538 1.330489
v 0.033809 4.143960 1.330489
v 0.023144 4.127403 1.330489
v 0.010724 4.116995 1.330489
v -0.002604 4.113445 1.330489
v -0.015932 4.116995 1.330489
v -0.028352 4.127403 1.330489
v -0.039017 4.143960 1.330489
v -0.047201 4.165538 1.330489
v -0.052345 4.190665 1.330489
v -0.054100 4.217631 1.330489
v -0.052345 4.244596 1.330489
v -0.047201 4.269723 1.330489
v -0.039017 4.291301 1.330489
v -0.028352 4.307858 1.330489
v -0.015932 4.318266 1.330489
v -0.002604 4.329480 1.131638
v -0.002604 4.329480 1.016493
v -0.002604 4.332272 1.074066
v 0.011704 4.325669 1.016493
v 0.011704 4.325669 1.131638
v 0.012061 4.328366 1.074066
v 0.025037 4.314495 1.016493
v 0.025037 4.314495 1.131638
v 0.025728 4.316913 1.074066
v 0.036487 4.296720 1.016493
v 0.036487 4.296720 1.131638
v 0.037463 4.298695 1.074066
v 0.045272 4.273555 1.016493
v 0.045272 4.273555 1.131638
v 0.046468 4.274951 1.074066
v 0.050795 4.246580 1.016493
v 0.050795 4.246580 1.131638
v 0.052128 4.247302 1.074066
v 0.052679 4.217631 1.016493
v 0.052679 4.217631 1.131638
v 0.054059 4.217631 1.074066
v 0.050795 4.188683 1.016493
v 0.050795 4.188683 1.131638
v 0.052128 4.187960 1.074066
v 0.045272 4.161706 1.016493
v 0.045272 4.161706 1.131638
v 0.046468 4.160311 1.074066
v 0.036487 4.138542 1.016493
v 0.036487 4.138542 1.131638
v 0.037463 4.136568 1.074066
v 0.025037 4.120767 1.016493
v 0.025037 4.120767 1.131638
v 0.025728 4.118349 1.074066
v 0.011704 4.109593 1.016493
v 0.011704 4.109593 1.131638
v 0.012061 4.106896 1.074066
v -0.002604 4.105782 1.016493
v -0.002604 4.105782 1.131638
v -0.002604 4.102990 1.074066
v -0.016912 4.109593 1.016493
v -0.016912 4.109593 1.131638
v -0.017270 4.106896 1.074066
v -0.030246 4.120767 1.016493
v -0.030246 4.120767 1.131638
v -0.030936 4.118349 1.074066
v -0.041695 4.138542 1.016493
v -0.041695 4.138542 1.131638
v -0.042671 4.136568 1.074066
v -0.050481 4.161706 1.016493
v -0.050481 4.161706 1.131638
v -0.051676 4.160311 1.074066
v -0.056003 4.188683 1.016493
v -0.056003 4.188683 1.131638
v -0.057337 4.187960 1.074066
v -0.057887 4.217631 1.016493
v -0.057887 4.217631 1.131638
v -0.059267 4.217631 1.074066
v -0.056003 4.246580 1.016493
v -0.056003 4.246580 1.131638
v -0.057337 4.247302 1.074066
v -0.050481 4.273555 1.016493
v -0.050481 4.273555 1.131638
v -0.051676 4.274951 1.074066
v -0.041695 4.296720 1.016493
v -0.041695 4.296720 1.131638
v -0.042671 4.298694 1.074066
v -0.030246 4.314495 1.016493
v -0.030246 4.314495 1.131638
v -0.030936 4.316913 1.074066
v -0.016912 4.325668 1.016493
v -0.016912 4.325669 1.131638
v -0.017270 4.328366 1.074066
vt 0.041666 0.666667
vt 1.000000 0.666667
vt 0.958333 0.666667
vt 0.916667 0.666667
vt 0.875000 0.666667
vt 0.833333 0.666667
vt 0.791667 0.666667
vt 0.750000 0.666667
vt 0.708333 0.666667
vt 0.666667 0.666667
vt 0.625000 0.666667
vt 0.583333 0.666667
vt 0.541667 0.666667
vt 0.500000 0.666667
vt 0.458333 0.666667
vt 0.416667 0.666667
vt 0.375000 0.666667
vt 0.333333 0.666667
vt 0.291667 0.666667
vt 0.250000 0.666667
vt 0.208333 0.666667
vt 0.166666 0.666667
vt 0.125000 0.666667
vt 0.083333 0.666667
vt 0.041666 0.833333
vt 0.083333 0.833333
vt 0.125000 0.833333
vt 0.166666 0.833333
vt 0.208333 0.833333
vt 0.250000 0.833333
vt 0.291667 0.833333
vt 0.333333 0.833333
vt 0.375000 0.833333
vt 0.416667 0.833333
vt 0.458333 0.833333
vt 0.500000 0.833333
vt 0.541667 0.833333
vt 0.583333 0.833333
vt 0.625000 0.833333
vt 0.666667 0.833333
vt 0.708333 0.833333
vt 0.750000 0.833333
vt 0.791667 0.833333
vt 0.833333 0.833333
vt 0.875000 0.833333
vt 0.916667 0.833333
vt 0.958333 0.833333
vt 1.000000 0.833333
vt 0.791667 0.777778
vt 0.833333 0.777778
vt 0.833333 0.777778
vt 0.791667 0.777778
vt -0.000000 0.666667
vt 0.041666 0.666667
vt -0.000000 0.666667
vt 0.250000 0.777778
vt 0.291667 0.777778
vt 0.291667 0.777778
vt 0.250000 0.777778
vt 0.583333 0.666667
vt 0.541667 0.666667
vt 0.833333 0.722222
vt 0.791667 0.722222
vt 0.791667 0.722222
vt 0.833333 0.722222
vt 0.291667 0.722222
vt 0.250000 0.722222
vt 0.250000 0.722222
vt 0.291667 0.722222
vt 0.500000 0.833333
vt 0.541667 0.833333
vt 0.875000 0.777778
vt 0.875000 0.777778
vt 0.333333 0.777778
vt 0.333333 0.777778
vt 0.500000 0.666667
vt 0.875000 0.722222
vt 0.875000 0.722222
vt 0.333333 0.722222
vt 0.333333 0.722222
vt 0.458333 0.833333
vt 0.916667 0.777778
vt 0.916667 0.777778
vt 0.375000 0.777778
vt 0.375000 0.777778
vt 0.458333 0.666667
vt 0.916667 0.722222
vt 0.916667 0.722222
vt 0.375000 0.722222
vt 0.375000 0.722222
vt 0.416667 0.833333
vt 0.958333 0.833333
vt 1.000000 0.833333
vt 0.958333 0.777778
vt 0.958333 0.777778
vt 0.416667 0.777778
vt 0.416667 0.777778
vt 0.416667 0.666667
vt 1.000000 0.666667
vt 0.958333 0.666667
vt 0.958333 0.722222
vt 0.958333 0.722222
vt 0.041666 0.722222
vt 0.041666 0.743240
vt -0.000000 0.743240
vt -0.000000 0.722222
vt 0.416667 0.722222
vt 0.416667 0.722222
vt 0.916667 0.743240
vt 0.875000 0.743240
vt 0.375000 0.833333
vt 0.833333 0.743240
vt 0.916667 0.833333
vt 0.791667 0.743240
vt 1.000000 0.777778
vt 1.000000 0.777778
vt 0.750000 0.743240
vt 0.750000 0.722222
vt 0.458333 0.777778
vt 0.458333 0.777778
vt 0.708333 0.743240
vt 0.708333 0.722222
vt 0.375000 0.666667
vt 0.666667 0.743240
vt 0.666667 0.722222
vt 0.916667 0.666667
vt 0.625000 0.743240
vt 0.625000 0.722222
vt 1.000000 0.722222
vt 1.000000 0.722222
vt 0.583333 0.743240
vt 0.583333 0.722222
vt 0.458333 0.722222
vt 0.458333 0.722222
vt 0.541667 0.743240
vt 0.541667 0.722222
vt 0.333333 0.833333
vt 0.500000 0.743240
vt 0.500000 0.722222
vt 0.875000 0.833333
vt 0.458333 0.743240
vt 0.500000 0.777778
vt 0.500000 0.777778
vt 0.416667 0.743240
vt 0.333333 0.666667
vt 0.375000 0.743240
vt 0.875000 0.666667
vt 0.333333 0.743240
vt 0.500000 0.722222
vt 0.291667 0.743240
vt 0.291667 0.833333
vt 0.250000 0.743240
vt 0.833333 0.833333
vt 0.208333 0.743240
vt 0.208333 0.722222
vt 0.541667 0.777778
vt 0.541667 0.777778
vt 0.166666 0.743240
vt 0.166666 0.722222
vt 0.291667 0.666667
vt 0.125000 0.743240
vt 0.125000 0.722222
vt 0.833333 0.666667
vt 0.083333 0.743240
vt 0.083333 0.722222
vt 0.541667 0.722222
vt 0.250000 0.833333
vt 0.791667 0.833333
vt 1.000000 0.743240
vt 0.958333 0.743240
vt 0.083333 0.756760
vt 0.083333 0.777778
vt 0.041666 0.777778
vt 0.041666 0.756760
vt 0.125000 0.756760
vt 0.125000 0.777778
vt 0.166666 0.756760
vt 0.166666 0.777778
vt 0.208333 0.756760
vt 0.208333 0.777778
vt 0.250000 0.756760
vt 0.291667 0.756760
vt 0.333333 0.756760
vt 0.375000 0.756760
vt 0.416667 0.756760
vt 0.458333 0.756760
vt 0.500000 0.756760
vt 0.541667 0.756760
vt 0.583333 0.756760
vt 0.583333 0.777778
vt 0.625000 0.756760
vt 0.625000 0.777778
vt 0.666667 0.756760
vt 0.666667 0.777778
vt 0.708333 0.756760
vt 0.708333 0.777778
vt 0.750000 0.756760
vt 0.750000 0.777778
vt 0.791667 0.756760
vt 0.833333 0.756760
vt 0.875000 0.756760
vt 0.916667 0.756760
vt 0.958333 0.756760
vt 1.000000 0.756760
vt 0.041666 0.777778
vt 0.041666 0.833333
vt -0.000000 0.833333
vt -0.000000 0.777778
vt 0.083333 0.777778
vt 0.083333 0.833333
vt 0.125000 0.777778
vt 0.125000 0.833333
vt 0.166666 0.777778
vt 0.166666 0.833333
vt 0.208333 0.777778
vt 0.208333 0.833333
vt 0.583333 0.777778
vt 0.583333 0.833333
vt 0.625000 0.777778
vt 0.625000 0.833333
vt 0.666667 0.777778
vt 0.666667 0.833333
vt 0.708333 0.777778
vt 0.708333 0.833333
vt 0.750000 0.777778
vt 0.750000 0.833333
vt 0.791667 0.666667
vt 0.750000 0.722222
vt 0.750000 0.666667
vt 0.708333 0.722222
vt 0.708333 0.666667
vt 0.666667 0.722222
vt 0.666667 0.666667
vt 0.625000 0.722222
vt 0.625000 0.666667
vt 0.583333 0.722222
vt 0.250000 0.666667
vt 0.208333 0.722222
vt 0.208333 0.666667
vt 0.166666 0.722222
vt 0.166666 0.666667
vt 0.125000 0.722222
vt 0.125000 0.666667
vt 0.083333 0.722222
vt 0.083333 0.666667
vt 0.041666 0.722222
vt -0.000000 0.722222
vt -0.000000 0.833333
vt -0.000000 0.777778
vt -0.000000 0.756760
vt 0.000694 0.750000
vt 0.041666 0.750000
vt 0.083333 0.750000
vt 0.125000 0.750000
vt 0.166667 0.750000
vt 0.208333 0.750000
vt 0.250000 0.750000
vt 0.291667 0.750000
vt 0.333333 0.750000
vt 0.375000 0.750000
vt 0.416667 0.750000
vt 0.458333 0.750000
vt 0.500000 0.750000
vt 0.541667 0.750000
vt 0.583333 0.750000
vt 0.625000 0.750000
vt 0.666667 0.750000
vt 0.708333 0.750000
vt 0.750000 0.750000
vt 0.791667 0.750000
vt 0.833333 0.750000
vt 0.875000 0.750000
vt 0.916667 0.750000
vt 0.958333 0.750000
vt 0.999306 0.750000
vn 0.0000 0.0000 -1.0000
vn 0.0000 0.0000 1.0000
vn 0.9825 0.1288 -0.1345
vn 0.9523 0.2691 -0.1442
vn 0.9441 0.2792 -0.1752
vn 0.9776 0.1338 -0.1622
vn 0.0000 0.7151 -0.6990
vn -0.3703 0.6518 -0.6618
vn -0.3226 0.6677 -0.6708
vn -0.9913 -0.0000 -0.1315
vn -0.9825 -0.1288 -0.1345
vn -0.9776 -0.1338 -0.1622
vn -0.9874 0.0000 -0.1581
vn 0.3704 -0.6518 -0.6618
vn 0.6278 -0.5127 -0.5857
vn 0.5810 -0.5466 -0.6031
vn 0.3226 -0.6677 -0.6708
vn 0.9523 0.2691 0.1442
vn 0.9825 0.1288 0.1345
vn 0.9776 0.1338 0.1622
vn 0.9441 0.2792 0.1752
vn -0.9825 -0.1288 0.1345
vn -0.9913 -0.0000 0.1315
vn -0.9874 0.0000 0.1581
vn -0.9776 -0.1338 0.1622
vn 0.3704 -0.6518 0.6618
vn -0.0000 -0.7151 0.6990
vn 0.3226 -0.6677 0.6708
vn 0.8860 0.4344 -0.1621
vn 0.8712 0.4491 -0.1982
vn -0.9523 -0.2691 -0.1442
vn -0.9441 -0.2792 -0.1752
vn 0.0000 -0.7151 -0.6990
vn 0.8860 0.4344 0.1621
vn 0.8712 0.4491 0.1982
vn -0.9523 -0.2691 0.1442
vn -0.9441 -0.2792 0.1752
vn -0.3704 -0.6518 0.6618
vn -0.3226 -0.6677 0.6708
vn 0.7469 0.6369 -0.1908
vn 0.7222 0.6521 -0.2308
vn -0.8860 -0.4344 -0.1621
vn -0.8712 -0.4491 -0.1982
vn -0.3704 -0.6518 -0.6618
vn -0.3226 -0.6677 -0.6708
vn 0.7469 0.6369 0.1908
vn 0.7222 0.6521 0.2308
vn -0.8860 -0.4344 0.1621
vn -0.8712 -0.4491 0.1982
vn -0.6278 -0.5127 0.5857
vn -0.5810 -0.5466 0.6031
vn -0.0000 0.7151 0.6990
vn 0.3703 0.6518 0.6618
vn 0.3226 0.6677 0.6709
vn 0.4157 0.7471 -0.5187
vn 0.4356 0.8606 -0.2640
vn -0.7469 -0.6369 -0.1908
vn -0.7222 -0.6521 -0.2308
vn -0.6278 -0.5127 -0.5857
vn -0.5810 -0.5466 -0.6031
vn 0.3703 0.6518 -0.6618
vn 0.3226 0.6677 -0.6708
vn 0.4157 0.7471 0.5187
vn 0.4356 0.8606 0.2640
vn -0.4630 0.8799 -0.1065
vn -0.4582 0.8856 -0.0753
vn -0.0000 0.9966 -0.0820
vn -0.0000 0.9932 -0.1163
vn -0.7469 -0.6369 0.1908
vn -0.7222 -0.6521 0.2308
vn 0.7475 0.6613 -0.0626
vn 0.8911 0.4509 -0.0521
vn -0.7741 -0.3654 0.5170
vn -0.8545 -0.4428 0.2717
vn 0.9593 0.2788 -0.0455
vn 0.6278 0.5127 0.5857
vn 0.5810 0.5466 0.6031
vn 0.9902 0.1332 -0.0420
vn 0.0000 0.8310 -0.5563
vn 0.9992 -0.0000 -0.0408
vn 0.9913 -0.0000 0.1315
vn -0.4157 -0.7471 -0.5187
vn -0.4356 -0.8606 -0.2640
vn 0.9902 -0.1332 -0.0420
vn 0.9825 -0.1288 0.1345
vn -0.7741 -0.3654 -0.5170
vn -0.8545 -0.4428 -0.2717
vn 0.9593 -0.2788 -0.0455
vn 0.9523 -0.2691 0.1442
vn 0.6278 0.5127 -0.5857
vn 0.5810 0.5466 -0.6031
vn 0.8911 -0.4509 -0.0521
vn 0.8860 -0.4344 0.1621
vn 0.0000 0.8310 0.5563
vn 0.7475 -0.6613 -0.0626
vn 0.7469 -0.6369 0.1908
vn -0.4157 -0.7471 0.5187
vn -0.4356 -0.8606 0.2640
vn 0.4582 -0.8856 -0.0753
vn 0.4630 -0.8799 -0.1065
vn -0.8516 -0.2323 0.4699
vn -0.9297 -0.2765 0.2433
vn 0.0000 -0.9966 -0.0820
vn 0.0000 -0.9932 -0.1163
vn 0.7741 0.3654 0.5170
vn 0.8545 0.4428 0.2717
vn -0.4582 -0.8856 -0.0753
vn -0.4630 -0.8799 -0.1065
vn -0.0000 -0.8310 -0.5563
vn -0.7475 -0.6613 -0.0626
vn -0.8516 -0.2323 -0.4699
vn -0.9297 -0.2765 -0.2433
vn -0.8911 -0.4509 -0.0521
vn 0.7741 0.3654 -0.5170
vn 0.8545 0.4428 -0.2717
vn -0.9593 -0.2788 -0.0455
vn -0.0000 -0.8310 0.5563
vn -0.9902 -0.1332 -0.0420
vn -0.8892 -0.1126 0.4435
vn -0.9649 -0.1328 0.2266
vn -0.9992 -0.0000 -0.0408
vn 0.8516 0.2323 0.4699
vn 0.9297 0.2765 0.2433
vn -0.9902 0.1332 -0.0420
vn -0.9825 0.1288 0.1345
vn 0.4157 -0.7471 -0.5187
vn 0.4356 -0.8606 -0.2640
vn -0.9593 0.2788 -0.0455
vn -0.9523 0.2691 0.1442
vn -0.8892 -0.1126 -0.4435
vn -0.9649 -0.1328 -0.2266
vn -0.8911 0.4509 -0.0521
vn -0.8860 0.4344 0.1621
vn 0.8516 0.2323 -0.4699
vn 0.9297 0.2765 -0.2433
vn -0.7475 0.6613 -0.0626
vn -0.7469 0.6369 0.1908
vn 0.4157 -0.7471 0.5187
vn 0.4356 -0.8606 0.2640
vn -0.9004 0.0000 0.4350
vn -0.9752 0.0000 0.2212
vn 0.8892 0.1126 0.4435
vn 0.9649 0.1328 0.2266
vn 0.4582 0.8856 -0.0753
vn 0.4630 0.8799 -0.1065
vn -0.7475 0.6613 0.0626
vn -0.7469 0.6369 -0.1908
vn -0.4630 0.8799 0.1065
vn -0.4582 0.8856 0.0753
vn -0.8911 0.4509 0.0521
vn -0.8860 0.4344 -0.1621
vn -0.9593 0.2788 0.0455
vn -0.9523 0.2691 -0.1442
vn -0.9902 0.1332 0.0420
vn -0.9825 0.1288 -0.1345
vn -0.9992 -0.0000 0.0408
vn -0.9902 -0.1332 0.0420
vn -0.9593 -0.2788 0.0455
vn -0.8911 -0.4509 0.0521
vn -0.7475 -0.6613 0.0626
vn -0.4582 -0.8856 0.0753
vn -0.4630 -0.8799 0.1065
vn 0.0000 -0.9966 0.0820
vn 0.0000 -0.9932 0.1163
vn 0.4582 -0.8856 0.0753
vn 0.4630 -0.8799 0.1065
vn 0.7475 -0.6613 0.0626
vn 0.7469 -0.6369 -0.1908
vn 0.8911 -0.4509 0.0521
vn 0.8860 -0.4344 -0.1621
vn 0.9593 -0.2788 0.0455
vn 0.9523 -0.2691 -0.1442
vn 0.9902 -0.1332 0.0420
vn 0.9825 -0.1288 -0.1345
vn 0.9992 -0.0000 0.0408
vn 0.9913 -0.0000 -0.1315
vn 0.9902 0.1332 0.0420
vn 0.9593 0.2788 0.0455
vn 0.8911 0.4509 0.0521
vn 0.7475 0.6613 0.0626
vn 0.4582 0.8856 0.0753
vn 0.4630 0.8799 0.1065
vn 0.0000 0.9966 0.0820
vn 0.0000 0.9932 0.1163
vn -0.4356 0.8606 -0.2640
vn -0.4608 0.8875 0.0000
vn 0.0000 1.0000 0.0000
vn -0.7222 0.6521 -0.2308
vn -0.7500 0.6615 0.0000
vn -0.8712 0.4491 -0.1982
vn -0.8545 0.4428 0.2717
vn -0.9441 0.2792 -0.1752
vn -0.9297 0.2765 0.2433
vn -0.9776 0.1338 -0.1622
vn -0.9649 0.1328 0.2266
vn -0.7500 -0.6615 0.0000
vn -0.4608 -0.8875 0.0000
vn 0.0000 -1.0000 0.0000
vn 0.4608 -0.8875 0.0000
vn 0.7222 -0.6521 -0.2308
vn 0.7500 -0.6615 0.0000
vn 0.8712 -0.4491 -0.1982
vn 0.8545 -0.4428 0.2717
vn 0.9441 -0.2792 -0.1752
vn 0.9297 -0.2765 0.2433
vn 0.9776 -0.1338 -0.1622
vn 0.9649 -0.1328 0.2266
vn 0.9874 0.0000 -0.1581
vn 0.9752 0.0000 0.2212
vn 0.7500 0.6615 0.0000
vn 0.4608 0.8875 0.0000
vn 0.9649 0.1328 -0.2266
vn 0.9874 0.0000 0.1581
vn 0.9752 0.0000 -0.2212
vn 0.9776 -0.1338 0.1622
vn 0.9649 -0.1328 -0.2266
vn 0.9441 -0.2792 0.1752
vn 0.9297 -0.2765 -0.2433
vn 0.8712 -0.4491 0.1982
vn 0.8545 -0.4428 -0.2717
vn 0.7222 -0.6521 0.2308
vn -0.9752 0.0000 -0.2212
vn -0.9776 0.1338 0.1622
vn -0.9649 0.1328 -0.2266
vn -0.9441 0.2792 0.1752
vn -0.9297 0.2765 -0.2433
vn -0.8712 0.4491 0.1982
vn -0.8545 0.4428 -0.2717
vn -0.7222 0.6521 0.2308
vn -0.4356 0.8606 0.2640
vn 0.6278 -0.5127 0.5857
vn 0.5810 -0.5466 0.6031
vn -0.3704 0.6518 0.6618
vn -0.3226 0.6677 0.6708
vn 0.7741 -0.3654 -0.5170
vn -0.6278 0.5127 -0.5857
vn -0.5810 0.5466 -0.6031
vn 0.7741 -0.3654 0.5170
vn -0.6278 0.5127 0.5857
vn -0.5810 0.5466 0.6031
vn 0.8516 -0.2323 -0.4699
vn -0.7741 0.3654 -0.5170
vn 0.8516 -0.2323 0.4699
vn -0.7741 0.3654 0.5170
vn 0.8892 -0.1126 -0.4435
vn -0.8516 0.2323 -0.4699
vn 0.8892 -0.1126 0.4435
vn -0.8516 0.2323 0.4699
vn 0.9004 0.0000 -0.4350
vn -0.8892 0.1126 -0.4435
vn 0.9004 0.0000 0.4350
vn -0.4157 0.7471 0.5187
vn -0.8892 0.1126 0.4435
vn 0.8892 0.1126 -0.4435
vn -0.4157 0.7471 -0.5187
vn -0.9004 -0.0000 -0.4350
vn -0.4589 0.8885 -0.0000
vn -0.7485 0.6631 -0.0000
vn -0.8921 0.4519 0.0000
vn -0.9602 0.2793 0.0000
vn -0.9911 0.1335 -0.0000
vn -1.0000 -0.0000 -0.0000
vn -0.9911 -0.1335 -0.0000
vn -0.9602 -0.2793 -0.0000
vn -0.8921 -0.4519 0.0000
vn -0.7485 -0.6631 0.0000
vn -0.4589 -0.8885 -0.0000
vn 0.4589 -0.8885 -0.0000
vn 0.7485 -0.6631 -0.0000
vn 0.8921 -0.4519 -0.0000
vn 0.9602 -0.2793 0.0000
vn 0.9911 -0.1335 0.0000
vn 1.0000 -0.0000 -0.0000
vn 0.9911 0.1335 -0.0000
vn 0.9602 0.2793 0.0000
vn 0.8921 0.4519 0.0000
vn 0.7485 0.6631 -0.0000
vn 0.4589 0.8885 0.0000
usemtl None
s 1
f 2493/2943/2565 2446/2944/2565 2449/2945/2565 2451/2946/2565 2453/2947/2565 2455/2948/2565 2457/2949/2565 2459/2950/2565 2461/2951/2565 2463/2952/2565 2465/2953/2565 2467/2954/2565 2469/2955/2565 2471/2956/2565 2473/2957/2565 2475/2958/2565 2477/2959/2565 2479/2960/2565 2481/2961/2565 2483/2962/2565 2485/2963/2565 2487/2964/2565 2489/2965/2565 2491/2966/2565
f 2492/2967/2566 2490/2968/2566 2488/2969/2566 2486/2970/2566 2484/2971/2566 2482/2972/2566 2480/2973/2566 2478/2974/2566 2476/2975/2566 2474/2976/2566 2472/2977/2566 2470/2978/2566 2468/2979/2566 2466/2980/2566 2464/2981/2566 2462/2982/2566 2460/2983/2566 2458/2984/2566 2456/2985/2566 2454/2986/2566 2452/2987/2566 2450/2988/2566 2448/2989/2566 2447/2990/2566
f 2504/2991/2567 2502/2992/2568 2618/2993/2569 2619/2994/2570
f 2446/2995/2571 2493/2943/2572 2589/2996/2573 2590/2997/2571
f 2530/2998/2574 2528/2999/2575 2631/3000/2576 2632/3001/2577
f 2469/2955/2578 2467/2954/2579 2563/3002/2580 2565/3003/2581
f 2503/3004/2582 2505/3005/2583 2552/3006/2584 2550/3007/2585
f 2529/3008/2586 2531/3009/2587 2578/3010/2588 2576/3011/2589
f 2468/2979/2590 2470/2978/2591 2602/3012/2591 2603/3013/2592
f 2502/2992/2568 2500/3014/2593 2617/3015/2594 2618/2993/2569
f 2528/2999/2575 2526/3016/2595 2630/3017/2596 2631/3000/2576
f 2471/2956/2597 2469/2955/2578 2565/3003/2581 2567/3018/2597
f 2501/3019/2598 2503/3004/2582 2550/3007/2585 2548/3020/2599
f 2527/3021/2600 2529/3008/2586 2576/3011/2589 2574/3022/2601
f 2470/2978/2591 2472/2977/2602 2601/3023/2603 2602/3012/2591
f 2500/3014/2593 2498/3024/2604 2616/3025/2605 2617/3015/2594
f 2526/3016/2595 2524/3026/2606 2629/3027/2607 2630/3017/2596
f 2473/2957/2608 2471/2956/2597 2567/3018/2597 2569/3028/2609
f 2499/3029/2610 2501/3019/2598 2548/3020/2599 2546/3030/2611
f 2525/3031/2612 2527/3021/2600 2574/3022/2601 2572/3032/2613
f 2472/2977/2602 2474/2976/2614 2600/3033/2615 2601/3023/2603
f 2447/2990/2616 2448/2989/2617 2613/3034/2618 2543/3035/2616
f 2498/3024/2604 2496/3036/2619 2615/3037/2620 2616/3025/2605
f 2524/3026/2606 2522/3038/2621 2628/3039/2622 2629/3027/2607
f 2475/2958/2623 2473/2957/2608 2569/3028/2609 2571/3040/2624
f 2449/2945/2625 2446/2944/2571 2590/3041/2571 2545/3042/2626
f 2497/3043/2627 2499/3029/2610 2546/3030/2611 2544/3044/2628
f 2541/3045/2629 2707/3046/2630 2639/3047/2631 2494/3048/2632
f 2523/3049/2633 2525/3031/2612 2572/3032/2613 2570/3050/2634
f 2499/3029/2610 2644/3051/2635 2647/3052/2636 2501/3019/2598
f 2474/2976/2614 2476/2975/2637 2599/3053/2638 2600/3033/2615
f 2501/3019/2598 2647/3052/2636 2650/3054/2639 2503/3004/2582
f 2448/2989/2617 2450/2988/2640 2612/3055/2641 2613/3034/2618
f 2503/3004/2582 2650/3054/2639 2653/3056/2642 2505/3005/2583
f 2496/3036/2619 2495/3057/2643 2542/3058/2643 2615/3037/2620
f 2505/3005/2583 2653/3056/2642 2656/3059/2644 2507/3060/2645
f 2522/3038/2621 2520/3061/2646 2627/3062/2647 2628/3039/2622
f 2507/3060/2645 2656/3059/2644 2659/3063/2648 2509/3064/2649
f 2477/2959/2650 2475/2958/2623 2571/3040/2624 2573/3065/2651
f 2509/3064/2649 2659/3063/2648 2662/3066/2652 2511/3067/2653
f 2451/2946/2654 2449/2945/2625 2545/3042/2626 2547/3068/2655
f 2511/3067/2653 2662/3066/2652 2665/3069/2656 2513/3070/2657
f 2494/3071/2658 2497/3043/2627 2544/3044/2628 2614/3072/2658
f 2513/3070/2657 2665/3069/2656 2668/3073/2659 2515/3074/2660
f 2521/3075/2661 2523/3049/2633 2570/3050/2634 2568/3076/2662
f 2515/3074/2660 2668/3073/2659 2671/3077/2663 2517/3078/2664
f 2476/2975/2637 2478/2974/2665 2598/3079/2666 2599/3053/2638
f 2517/3078/2664 2671/3077/2663 2674/3080/2667 2519/3081/2668
f 2450/2988/2640 2452/2987/2669 2611/3082/2670 2612/3055/2641
f 2519/3081/2668 2674/3080/2667 2677/3083/2671 2521/3075/2672
f 2520/3061/2646 2518/3084/2673 2626/3085/2673 2627/3062/2647
f 2521/3075/2672 2677/3083/2671 2680/3086/2674 2523/3049/2633
f 2479/2960/2675 2477/2959/2650 2573/3065/2651 2575/3087/2676
f 2523/3049/2633 2680/3086/2674 2683/3088/2677 2525/3031/2612
f 2453/2947/2678 2451/2946/2654 2547/3068/2655 2549/3089/2679
f 2525/3031/2612 2683/3088/2677 2686/3090/2680 2527/3021/2600
f 2519/3081/2681 2521/3075/2661 2568/3076/2662 2566/3091/2681
f 2527/3021/2600 2686/3090/2680 2689/3092/2682 2529/3008/2586
f 2478/2974/2665 2480/2973/2683 2597/3093/2684 2598/3079/2666
f 2529/3008/2586 2689/3092/2682 2692/3094/2685 2531/3009/2587
f 2452/2987/2669 2454/2986/2686 2610/3095/2687 2611/3082/2670
f 2531/3009/2587 2692/3094/2685 2695/3096/2688 2533/3097/2689
f 2518/3084/2673 2516/3098/2690 2625/3099/2691 2626/3085/2673
f 2533/3097/2689 2695/3096/2688 2698/3100/2692 2535/3101/2693
f 2481/2961/2694 2479/2960/2675 2575/3087/2676 2577/3102/2695
f 2535/3101/2693 2698/3100/2692 2701/3103/2696 2537/3104/2697
f 2455/2948/2698 2453/2947/2678 2549/3089/2679 2551/3105/2699
f 2537/3104/2697 2701/3103/2696 2704/3106/2700 2539/3107/2701
f 2517/3078/2702 2519/3081/2681 2566/3091/2681 2564/3108/2703
f 2539/3107/2701 2704/3106/2700 2707/3046/2630 2541/3045/2629
f 2480/2973/2683 2482/2972/2704 2596/3109/2705 2597/3093/2684
f 2454/2986/2686 2456/2985/2706 2609/3110/2707 2610/3095/2687
f 2494/3071/2632 2639/3111/2631 2641/3112/2708 2497/3043/2709
f 2497/3043/2709 2641/3112/2708 2644/3051/2635 2499/3029/2610
f 2705/3113/2710 2538/3114/2711 2540/3115/2712 2708/3116/2713
f 2702/3117/2714 2536/3118/2715 2538/3114/2711 2705/3113/2710
f 2699/3119/2716 2534/3120/2717 2536/3118/2715 2702/3117/2714
f 2696/3121/2718 2532/3122/2719 2534/3120/2717 2699/3119/2716
f 2693/3123/2720 2530/2998/2574 2532/3122/2719 2696/3121/2718
f 2690/3124/2721 2528/2999/2575 2530/2998/2574 2693/3123/2720
f 2687/3125/2722 2526/3016/2595 2528/2999/2575 2690/3124/2721
f 2684/3126/2723 2524/3026/2606 2526/3016/2595 2687/3125/2722
f 2681/3127/2724 2522/3038/2621 2524/3026/2606 2684/3126/2723
f 2678/3128/2725 2520/3061/2726 2522/3038/2621 2681/3127/2724
f 2675/3129/2727 2518/3084/2728 2520/3061/2726 2678/3128/2725
f 2672/3130/2729 2516/3098/2730 2518/3084/2728 2675/3129/2727
f 2669/3131/2731 2514/3132/2732 2516/3098/2730 2672/3130/2729
f 2666/3133/2733 2512/3134/2734 2514/3132/2732 2669/3131/2731
f 2663/3135/2735 2510/3136/2736 2512/3134/2734 2666/3133/2733
f 2660/3137/2737 2508/3138/2738 2510/3136/2736 2663/3135/2735
f 2657/3139/2739 2506/3140/2740 2508/3138/2738 2660/3137/2737
f 2654/3141/2741 2504/2991/2567 2506/3140/2740 2657/3139/2739
f 2651/3142/2742 2502/2992/2568 2504/2991/2567 2654/3141/2741
f 2648/3143/2743 2500/3014/2593 2502/2992/2568 2651/3142/2742
f 2645/3144/2744 2498/3024/2604 2500/3014/2593 2648/3143/2743
f 2642/3145/2745 2496/3036/2746 2498/3024/2604 2645/3144/2744
f 2638/3146/2747 2495/3057/2748 2496/3036/2746 2642/3145/2745
f 2637/3147/2749 2591/3148/2750 2543/3149/2751 2542/3150/2751
f 2636/3151/2752 2592/3152/2753 2591/3148/2750 2637/3147/2749
f 2635/3153/2754 2593/3154/2755 2592/3152/2753 2636/3151/2752
f 2634/3155/2756 2594/3156/2757 2593/3154/2755 2635/3153/2754
f 2633/3157/2758 2595/3158/2759 2594/3156/2757 2634/3155/2756
f 2632/3001/2577 2596/3109/2705 2595/3158/2759 2633/3157/2758
f 2631/3000/2576 2597/3093/2684 2596/3109/2705 2632/3001/2577
f 2630/3017/2596 2598/3079/2666 2597/3093/2684 2631/3000/2576
f 2629/3027/2607 2599/3053/2638 2598/3079/2666 2630/3017/2596
f 2628/3039/2622 2600/3033/2760 2599/3053/2638 2629/3027/2607
f 2627/3062/2647 2601/3023/2761 2600/3033/2760 2628/3039/2622
f 2626/3085/2762 2602/3012/2762 2601/3023/2761 2627/3062/2647
f 2625/3099/2691 2603/3013/2763 2602/3012/2762 2626/3085/2762
f 2624/3159/2764 2604/3160/2765 2603/3013/2763 2625/3099/2691
f 2623/3161/2766 2605/3162/2767 2604/3160/2765 2624/3159/2764
f 2622/3163/2768 2606/3164/2769 2605/3162/2767 2623/3161/2766
f 2621/3165/2770 2607/3166/2771 2606/3164/2769 2622/3163/2768
f 2620/3167/2772 2608/3168/2773 2607/3166/2771 2621/3165/2770
f 2619/2994/2570 2609/3110/2707 2608/3168/2773 2620/3167/2772
f 2618/2993/2569 2610/3095/2687 2609/3110/2707 2619/2994/2570
f 2617/3015/2594 2611/3082/2670 2610/3095/2687 2618/2993/2569
f 2616/3025/2605 2612/3055/2774 2611/3082/2670 2617/3015/2594
f 2615/3037/2620 2613/3034/2775 2612/3055/2774 2616/3025/2605
f 2542/3058/2751 2543/3035/2751 2613/3034/2775 2615/3037/2620
f 2590/3041/2751 2614/3072/2751 2544/3044/2628 2545/3042/2775
f 2545/3042/2775 2544/3044/2628 2546/3030/2611 2547/3068/2774
f 2547/3068/2774 2546/3030/2611 2548/3020/2599 2549/3089/2679
f 2549/3089/2679 2548/3020/2599 2550/3007/2585 2551/3105/2699
f 2551/3105/2699 2550/3007/2585 2552/3006/2584 2553/3169/2776
f 2553/3169/2776 2552/3006/2584 2554/3170/2777 2555/3171/2778
f 2555/3171/2778 2554/3170/2777 2556/3172/2779 2557/3173/2780
f 2557/3173/2780 2556/3172/2779 2558/3174/2781 2559/3175/2782
f 2559/3175/2782 2558/3174/2781 2560/3176/2783 2561/3177/2784
f 2561/3177/2784 2560/3176/2783 2562/3178/2785 2563/3002/2765
f 2563/3002/2765 2562/3178/2785 2564/3108/2703 2565/3003/2763
f 2565/3003/2763 2564/3108/2703 2566/3091/2762 2567/3018/2762
f 2567/3018/2762 2566/3091/2762 2568/3076/2662 2569/3028/2761
f 2569/3028/2761 2568/3076/2662 2570/3050/2634 2571/3040/2760
f 2571/3040/2760 2570/3050/2634 2572/3032/2613 2573/3065/2651
f 2573/3065/2651 2572/3032/2613 2574/3022/2601 2575/3087/2676
f 2575/3087/2676 2574/3022/2601 2576/3011/2589 2577/3102/2695
f 2577/3102/2695 2576/3011/2589 2578/3010/2588 2579/3179/2786
f 2579/3179/2786 2578/3010/2588 2580/3180/2787 2581/3181/2788
f 2581/3181/2788 2580/3180/2787 2582/3182/2789 2583/3183/2790
f 2583/3183/2790 2582/3182/2789 2584/3184/2791 2585/3185/2792
f 2585/3185/2792 2584/3184/2791 2586/3186/2793 2587/3187/2753
f 2587/3187/2753 2586/3186/2793 2588/3188/2794 2589/2996/2750
f 2589/2996/2750 2588/3188/2794 2614/3189/2751 2590/2997/2751
f 2466/2980/2795 2468/2979/2590 2603/3013/2592 2604/3160/2796
f 2531/3009/2587 2533/3097/2689 2580/3180/2787 2578/3010/2588
f 2492/2967/2797 2447/3190/2616 2543/3149/2616 2591/3148/2798
f 2505/3005/2583 2507/3060/2645 2554/3170/2777 2552/3006/2584
f 2467/2954/2579 2465/2953/2799 2561/3177/2784 2563/3002/2580
f 2532/3122/2719 2530/2998/2574 2632/3001/2577 2633/3157/2758
f 2493/2943/2572 2491/2966/2800 2587/3187/2801 2589/2996/2573
f 2506/3140/2740 2504/2991/2567 2619/2994/2570 2620/3167/2772
f 2464/2981/2802 2466/2980/2795 2604/3160/2796 2605/3162/2767
f 2533/3097/2689 2535/3101/2693 2582/3182/2789 2580/3180/2787
f 2490/2968/2803 2492/2967/2797 2591/3148/2798 2592/3152/2804
f 2507/3060/2645 2509/3064/2649 2556/3172/2779 2554/3170/2777
f 2465/2953/2799 2463/2952/2805 2559/3175/2782 2561/3177/2784
f 2534/3120/2717 2532/3122/2719 2633/3157/2758 2634/3155/2756
f 2491/2966/2800 2489/2965/2806 2585/3185/2792 2587/3187/2801
f 2508/3138/2738 2506/3140/2740 2620/3167/2772 2621/3165/2770
f 2462/2982/2807 2464/2981/2802 2605/3162/2767 2606/3164/2769
f 2535/3101/2693 2537/3104/2697 2584/3184/2791 2582/3182/2789
f 2488/2969/2808 2490/2968/2803 2592/3152/2804 2593/3154/2755
f 2509/3064/2649 2511/3067/2653 2558/3174/2781 2556/3172/2779
f 2463/2952/2805 2461/2951/2809 2557/3173/2780 2559/3175/2782
f 2536/3118/2715 2534/3120/2717 2634/3155/2756 2635/3153/2754
f 2489/2965/2806 2487/2964/2810 2583/3183/2790 2585/3185/2792
f 2510/3136/2736 2508/3138/2738 2621/3165/2770 2622/3163/2768
f 2460/2983/2811 2462/2982/2807 2606/3164/2769 2607/3166/2771
f 2537/3104/2697 2539/3107/2701 2586/3186/2793 2584/3184/2791
f 2486/2970/2812 2488/2969/2808 2593/3154/2755 2594/3156/2757
f 2511/3067/2653 2513/3070/2657 2560/3176/2783 2558/3174/2781
f 2461/2951/2809 2459/2950/2813 2555/3171/2778 2557/3173/2780
f 2538/3114/2711 2536/3118/2715 2635/3153/2754 2636/3151/2752
f 2487/2964/2810 2485/2963/2814 2581/3181/2788 2583/3183/2790
f 2512/3134/2734 2510/3136/2736 2622/3163/2768 2623/3161/2766
f 2458/2984/2815 2460/2983/2811 2607/3166/2771 2608/3168/2773
f 2539/3107/2701 2541/3045/2816 2588/3188/2794 2586/3186/2793
f 2484/2971/2817 2486/2970/2812 2594/3156/2757 2595/3158/2759
f 2513/3070/2657 2515/3074/2660 2562/3178/2785 2560/3176/2783
f 2459/2950/2813 2457/2949/2818 2553/3169/2776 2555/3171/2778
f 2540/3115/2819 2538/3114/2711 2636/3151/2752 2637/3147/2749
f 2485/2963/2814 2483/2962/2820 2579/3179/2786 2581/3181/2788
f 2514/3132/2732 2512/3134/2734 2623/3161/2766 2624/3159/2764
f 2456/2985/2706 2458/2984/2815 2608/3168/2773 2609/3110/2707
f 2541/3045/2816 2494/3048/2658 2614/3189/2658 2588/3188/2794
f 2482/2972/2704 2484/2971/2817 2595/3158/2759 2596/3109/2705
f 2515/3074/2660 2517/3078/2702 2564/3108/2703 2562/3178/2785
f 2457/2949/2818 2455/2948/2698 2551/3105/2699 2553/3169/2776
f 2495/3191/2643 2540/3115/2819 2637/3147/2749 2542/3150/2643
f 2483/2962/2820 2481/2961/2694 2577/3102/2695 2579/3179/2786
f 2516/3098/2690 2514/3132/2732 2624/3159/2764 2625/3099/2691
f 2708/3116/2713 2638/3192/2747 2640/3193/2751 2709/3194/2821
f 2709/3194/2821 2640/3193/2751 2639/3047/2631 2707/3046/2630
f 2705/3113/2710 2708/3116/2713 2709/3194/2821 2706/3195/2822
f 2706/3195/2822 2709/3194/2821 2707/3046/2630 2704/3106/2700
f 2702/3117/2714 2705/3113/2710 2706/3195/2822 2703/3196/2823
f 2703/3196/2823 2706/3195/2822 2704/3106/2700 2701/3103/2696
f 2699/3119/2716 2702/3117/2714 2703/3196/2823 2700/3197/2824
f 2700/3197/2824 2703/3196/2823 2701/3103/2696 2698/3100/2692
f 2696/3121/2718 2699/3119/2716 2700/3197/2824 2697/3198/2825
f 2697/3198/2825 2700/3197/2824 2698/3100/2692 2695/3096/2688
f 2693/3123/2720 2696/3121/2718 2697/3198/2825 2694/3199/2826
f 2694/3199/2826 2697/3198/2825 2695/3096/2688 2692/3094/2685
f 2690/3124/2721 2693/3123/2720 2694/3199/2826 2691/3200/2827
f 2691/3200/2827 2694/3199/2826 2692/3094/2685 2689/3092/2682
f 2687/3125/2722 2690/3124/2721 2691/3200/2827 2688/3201/2828
f 2688/3201/2828 2691/3200/2827 2689/3092/2682 2686/3090/2680
f 2684/3126/2723 2687/3125/2722 2688/3201/2828 2685/3202/2829
f 2685/3202/2829 2688/3201/2828 2686/3090/2680 2683/3088/2677
f 2681/3127/2724 2684/3126/2723 2685/3202/2829 2682/3203/2830
f 2682/3203/2830 2685/3202/2829 2683/3088/2677 2680/3086/2674
f 2678/3128/2725 2681/3127/2724 2682/3203/2830 2679/3204/2831
f 2679/3204/2831 2682/3203/2830 2680/3086/2674 2677/3083/2671
f 2675/3129/2727 2678/3128/2725 2679/3204/2831 2676/3205/2762
f 2676/3205/2762 2679/3204/2831 2677/3083/2671 2674/3080/2667
f 2672/3130/2729 2675/3129/2727 2676/3205/2762 2673/3206/2832
f 2673/3206/2832 2676/3205/2762 2674/3080/2667 2671/3077/2663
f 2669/3131/2731 2672/3130/2729 2673/3206/2832 2670/3207/2833
f 2670/3207/2833 2673/3206/2832 2671/3077/2663 2668/3073/2659
f 2666/3133/2733 2669/3131/2731 2670/3207/2833 2667/3208/2834
f 2667/3208/2834 2670/3207/2833 2668/3073/2659 2665/3069/2656
f 2663/3135/2735 2666/3133/2733 2667/3208/2834 2664/3209/2835
f 2664/3209/2835 2667/3208/2834 2665/3069/2656 2662/3066/2652
f 2660/3137/2737 2663/3135/2735 2664/3209/2835 2661/3210/2836
f 2661/3210/2836 2664/3209/2835 2662/3066/2652 2659/3063/2648
f 2657/3139/2739 2660/3137/2737 2661/3210/2836 2658/3211/2837
f 2658/3211/2837 2661/3210/2836 2659/3063/2648 2656/3059/2644
f 2654/3141/2741 2657/3139/2739 2658/3211/2837 2655/3212/2838
f 2655/3212/2838 2658/3211/2837 2656/3059/2644 2653/3056/2642
f 2651/3142/2742 2654/3141/2741 2655/3212/2838 2652/3213/2839
f 2652/3213/2839 2655/3212/2838 2653/3056/2642 2650/3054/2639
f 2648/3143/2743 2651/3142/2742 2652/3213/2839 2649/3214/2840
f 2649/3214/2840 2652/3213/2839 2650/3054/2639 2647/3052/2636
f 2645/3144/2744 2648/3143/2743 2649/3214/2840 2646/3215/2841
f 2646/3215/2841 2649/3214/2840 2647/3052/2636 2644/3051/2635
f 2642/3145/2745 2645/3144/2744 2646/3215/2841 2643/3216/2842
f 2643/3216/2842 2646/3215/2841 2644/3051/2635 2641/3112/2708
f 2638/3146/2747 2642/3145/2745 2643/3216/2842 2640/3217/2751
f 2640/3217/2751 2643/3216/2842 2641/3112/2708 2639/3111/2631
f 2708/3116/2713 2540/3115/2712 2495/3191/2748 2638/3192/2747
o LC-PoleL_BezierCurve.008
v -0.033049 6.563530 1.459074
v -0.054130 6.564612 1.438021
v -0.061846 6.566090 1.409262
v -0.054130 6.567567 1.380503
v -0.033049 6.568648 1.359449
v -0.004252 6.569044 1.351743
v 0.024545 6.568648 1.359449
v 0.045627 6.567567 1.380503
v 0.053343 6.566090 1.409262
v 0.045627 6.564612 1.438021
v 0.024546 6.563530 1.459074
v -0.004252 6.563134 1.466781
v -0.033048 3.362247 1.450148
v -0.054129 3.362987 1.429080
v -0.061846 3.363998 1.400301
v -0.054129 3.365008 1.371521
v -0.033048 3.365748 1.350453
v -0.004251 3.366019 1.342742
v 0.024546 3.365748 1.350453
v 0.045627 3.365008 1.371521
v 0.053343 3.363998 1.400301
v 0.045627 3.362987 1.429080
v 0.024546 3.362247 1.450148
v -0.004251 3.361977 1.457860
v -0.033048 3.306529 1.447689
v -0.054129 3.307810 1.426647
v -0.061846 3.309561 1.397903
v -0.054129 3.311312 1.369159
v -0.033048 3.312594 1.348117
v -0.004251 3.313063 1.340415
v 0.024546 3.312594 1.348117
v 0.045627 3.311312 1.369159
v 0.053343 3.309561 1.397903
v 0.045627 3.307810 1.426647
v 0.024546 3.306529 1.447689
v -0.004251 3.306059 1.455391
v -0.033048 3.252699 1.443493
v -0.054129 3.254833 1.422520
v -0.061846 3.257749 1.393871
v -0.054129 3.260664 1.365222
v -0.033048 3.262799 1.344249
v -0.004251 3.263580 1.336572
v 0.024546 3.262799 1.344249
v 0.045627 3.260664 1.365221
v 0.053343 3.257749 1.393871
v 0.045627 3.254833 1.422520
v 0.024546 3.252699 1.443493
v -0.004251 3.251918 1.451169
v -0.033048 3.198861 1.436714
v -0.054129 3.202073 1.415879
v -0.061846 3.206460 1.387418
v -0.054129 3.210847 1.358957
v -0.033048 3.214059 1.338122
v -0.004251 3.215235 1.330495
v 0.024546 3.214059 1.338122
v 0.045627 3.210847 1.358956
v 0.053343 3.206460 1.387418
v 0.045627 3.202073 1.415879
v 0.024546 3.198861 1.436714
v -0.004251 3.197686 1.444340
v -0.033048 3.143255 1.426553
v -0.054129 3.147625 1.405930
v -0.061846 3.153595 1.377758
v -0.054129 3.159565 1.349586
v -0.033048 3.163935 1.328963
v -0.004251 3.165535 1.321415
v 0.024546 3.163935 1.328963
v 0.045627 3.159565 1.349586
v 0.053343 3.153595 1.377758
v 0.045627 3.147625 1.405930
v 0.024546 3.143255 1.426553
v -0.004251 3.141655 1.434101
v -0.033048 3.084123 1.412279
v -0.054129 3.089588 1.391919
v -0.061846 3.097054 1.364106
v -0.054129 3.104519 1.336293
v -0.033048 3.109984 1.315933
v -0.004251 3.111984 1.308480
v 0.024546 3.109984 1.315933
v 0.045627 3.104519 1.336293
v 0.053343 3.097054 1.364106
v 0.045627 3.089588 1.391919
v 0.024546 3.084123 1.412279
v -0.004251 3.082123 1.419731
v -0.033048 3.019593 1.393200
v -0.054129 3.025993 1.373114
v -0.061846 3.034735 1.345675
v -0.054129 3.043478 1.318238
v -0.033048 3.049878 1.298151
v -0.004251 3.052221 1.290799
v 0.024546 3.049878 1.298151
v 0.045627 3.043478 1.318237
v 0.053343 3.034735 1.345675
v 0.045627 3.025993 1.373113
v 0.024546 3.019593 1.393199
v -0.004251 3.017250 1.400552
v -0.033048 2.947643 1.368610
v -0.054129 2.954785 1.348775
v -0.061846 2.964540 1.321681
v -0.054129 2.974296 1.294586
v -0.033048 2.981437 1.274752
v -0.004251 2.984051 1.267492
v 0.024546 2.981437 1.274752
v 0.045627 2.974296 1.294586
v 0.053343 2.964540 1.321681
v 0.045627 2.954785 1.348775
v 0.024546 2.947643 1.368610
v -0.004251 2.945029 1.375870
v -0.033048 2.866954 1.338076
v -0.054129 2.874314 1.318321
v -0.061846 2.884368 1.291336
v -0.054129 2.894423 1.264351
v -0.033048 2.901783 1.244596
v -0.004251 2.904477 1.237366
v 0.024546 2.901783 1.244596
v 0.045627 2.894423 1.264351
v 0.053343 2.884368 1.291336
v 0.045627 2.874315 1.318321
v 0.024546 2.866954 1.338076
v -0.004251 2.864260 1.345306
v -0.033048 2.786198 1.308444
v -0.054129 2.792906 1.288459
v -0.061846 2.802071 1.261159
v -0.054129 2.811235 1.233859
v -0.033048 2.817943 1.213874
v -0.004251 2.820399 1.206559
v 0.024546 2.817943 1.213874
v 0.045627 2.811235 1.233859
v 0.053343 2.802071 1.261159
v 0.045627 2.792906 1.288459
v 0.024546 2.786198 1.308444
v -0.004251 2.783742 1.315759
v -0.033048 2.712104 1.285820
v -0.054129 2.717612 1.265471
v -0.061846 2.725137 1.237674
v -0.054129 2.732661 1.209878
v -0.033048 2.738169 1.189529
v -0.004251 2.740185 1.182081
v 0.024546 2.738169 1.189529
v 0.045627 2.732661 1.209877
v 0.053343 2.725137 1.237674
v 0.045627 2.717612 1.265471
v 0.024546 2.712104 1.285820
v -0.004251 2.710088 1.293268
v -0.033048 2.641052 1.268998
v -0.054129 2.645225 1.248335
v -0.061846 2.650925 1.220107
v -0.054129 2.656625 1.191880
v -0.033048 2.660798 1.171216
v -0.004251 2.662325 1.163652
v 0.024546 2.660798 1.171216
v 0.045627 2.656625 1.191880
v 0.053343 2.650925 1.220107
v 0.045627 2.645225 1.248334
v 0.024546 2.641052 1.268998
v -0.004251 2.639524 1.276562
v -0.033048 2.570062 1.257103
v -0.054129 2.572907 1.236215
v -0.061846 2.576794 1.207681
v -0.054129 2.580681 1.179148
v -0.033048 2.583527 1.158260
v -0.004251 2.584568 1.150614
v 0.024546 2.583527 1.158260
v 0.045627 2.580681 1.179148
v 0.053343 2.576794 1.207681
v 0.045627 2.572907 1.236215
v 0.024546 2.570062 1.257103
v -0.004251 2.569020 1.264749
v -0.033048 2.496136 1.249342
v -0.054129 2.497813 1.228328
v -0.061846 2.500103 1.199622
v -0.054129 2.502393 1.170916
v -0.033048 2.504070 1.149902
v -0.004251 2.504683 1.142210
v 0.024546 2.504070 1.149902
v 0.045627 2.502393 1.170916
v 0.053343 2.500103 1.199622
v 0.045627 2.497813 1.228328
v 0.024546 2.496136 1.249342
v -0.004251 2.495523 1.257034
v -0.033048 2.416391 1.244998
v -0.054129 2.417160 1.223931
v -0.061846 2.418210 1.195153
v -0.054129 2.419260 1.166375
v -0.033048 2.420028 1.145308
v -0.004251 2.420310 1.137597
v 0.024546 2.420028 1.145308
v 0.045627 2.419260 1.166375
v 0.053343 2.418210 1.195153
v 0.045627 2.417160 1.223931
v 0.024546 2.416391 1.244998
v -0.004251 2.416110 1.252709
v -0.033048 2.328110 1.243376
v -0.054129 2.328263 1.222296
v -0.061846 2.328473 1.193499
v -0.054129 2.328683 1.164703
v -0.033048 2.328836 1.143622
v -0.004251 2.328893 1.135906
v 0.024546 2.328836 1.143622
v 0.045627 2.328683 1.164703
v 0.053343 2.328473 1.193499
v 0.045627 2.328263 1.222296
v 0.024546 2.328110 1.243376
v -0.004251 2.328053 1.251092
v -0.033048 0.988192 1.250194
v -0.054129 0.988192 1.229113
v -0.061845 0.988192 1.200316
v -0.054129 0.988192 1.171518
v -0.033048 0.988192 1.150437
v -0.004251 0.988192 1.142721
v 0.024546 0.988192 1.150437
v 0.045627 0.988192 1.171518
v 0.053343 0.988192 1.200315
v 0.045627 0.988192 1.229113
v 0.024546 0.988192 1.250194
v -0.004251 0.988192 1.257910
vt 0.000000 1.000000
vt 0.166667 1.000000
vt 0.166667 0.916667
vt 0.000000 0.916667
vt 0.000000 0.083333
vt 0.166667 0.083333
vt 0.166667 0.000000
vt 0.000000 0.000000
vt 0.000000 0.166667
vt 0.166667 0.166667
vt 0.000000 0.250000
vt 0.166667 0.250000
vt 0.000000 0.333333
vt 0.166667 0.333333
vt 0.000000 0.416667
vt 0.166667 0.416667
vt 0.000000 0.500000
vt 0.166667 0.500000
vt 0.000000 0.583333
vt 0.166667 0.583333
vt 0.000000 0.666667
vt 0.166667 0.666667
vt 0.000000 0.750000
vt 0.166667 0.750000
vt 0.000000 0.833333
vt 0.166667 0.833333
vt 0.208333 1.000000
vt 0.208333 0.916667
vt 0.208333 0.083333
vt 0.208333 0.000000
vt 0.208333 0.166667
vt 0.208333 0.250000
vt 0.208333 0.333333
vt 0.208333 0.416667
vt 0.208333 0.500000
vt 0.208333 0.583333
vt 0.208333 0.666667
vt 0.208333 0.750000
vt 0.208333 0.833333
vt 0.250000 1.000000
vt 0.250000 0.916667
vt 0.250000 0.083333
vt 0.250000 0.000000
vt 0.250000 0.166667
vt 0.250000 0.250000
vt 0.250000 0.333333
vt 0.250000 0.416667
vt 0.250000 0.500000
vt 0.250000 0.583333
vt 0.250000 0.666667
vt 0.250000 0.750000
vt 0.250000 0.833333
vt 0.291667 1.000000
vt 0.291667 0.916667
vt 0.291667 0.083333
vt 0.291667 0.000000
vt 0.291667 0.166667
vt 0.291667 0.250000
vt 0.291667 0.333333
vt 0.291667 0.416667
vt 0.291667 0.500000
vt 0.291667 0.583333
vt 0.291667 0.666667
vt 0.291667 0.750000
vt 0.291667 0.833333
vt 0.333333 1.000000
vt 0.333333 0.916667
vt 0.333333 0.083333
vt 0.333333 0.000000
vt 0.333333 0.166667
vt 0.333333 0.250000
vt 0.333333 0.333333
vt 0.333333 0.416667
vt 0.333333 0.500000
vt 0.333333 0.583333
vt 0.333333 0.666667
vt 0.333333 0.750000
vt 0.333333 0.833333
vt 0.375000 1.000000
vt 0.375000 0.916667
vt 0.375000 0.083333
vt 0.375000 0.000000
vt 0.375000 0.166667
vt 0.375000 0.250000
vt 0.375000 0.333333
vt 0.375000 0.416667
vt 0.375000 0.500000
vt 0.375000 0.583333
vt 0.375000 0.666667
vt 0.375000 0.750000
vt 0.375000 0.833333
vt 0.416667 1.000000
vt 0.416667 0.916667
vt 0.416667 0.083333
vt 0.416667 0.000000
vt 0.416667 0.166667
vt 0.416667 0.250000
vt 0.416667 0.333333
vt 0.416667 0.416667
vt 0.416667 0.500000
vt 0.416667 0.583333
vt 0.416667 0.666667
vt 0.416667 0.750000
vt 0.416667 0.833333
vt 0.458333 1.000000
vt 0.458333 0.916667
vt 0.458333 0.083333
vt 0.458333 0.000000
vt 0.458333 0.166667
vt 0.458333 0.250000
vt 0.458333 0.333333
vt 0.458333 0.416667
vt 0.458333 0.500000
vt 0.458333 0.583333
vt 0.458333 0.666667
vt 0.458333 0.750000
vt 0.458333 0.833333
vt 0.500000 1.000000
vt 0.500000 0.916667
vt 0.500000 0.083333
vt 0.500000 0.000000
vt 0.500000 0.166667
vt 0.500000 0.250000
vt 0.500000 0.333333
vt 0.500000 0.416667
vt 0.500000 0.500000
vt 0.500000 0.583333
vt 0.500000 0.666667
vt 0.500000 0.750000
vt 0.500000 0.833333
vt 0.541667 1.000000
vt 0.541667 0.916667
vt 0.541667 0.083333
vt 0.541667 0.000000
vt 0.541667 0.166667
vt 0.541667 0.250000
vt 0.541667 0.333333
vt 0.541667 0.416667
vt 0.541667 0.500000
vt 0.541667 0.583333
vt 0.541667 0.666667
vt 0.541667 0.750000
vt 0.541667 0.833333
vt 0.583333 1.000000
vt 0.583333 0.916667
vt 0.583333 0.083333
vt 0.583333 0.000000
vt 0.583333 0.166667
vt 0.583333 0.250000
vt 0.583333 0.333333
vt 0.583333 0.416667
vt 0.583333 0.500000
vt 0.583333 0.583333
vt 0.583333 0.666667
vt 0.583333 0.750000
vt 0.583333 0.833333
vt 0.625000 1.000000
vt 0.625000 0.916667
vt 0.625000 0.083333
vt 0.625000 0.000000
vt 0.625000 0.166667
vt 0.625000 0.250000
vt 0.625000 0.333333
vt 0.625000 0.416667
vt 0.625000 0.500000
vt 0.625000 0.583333
vt 0.625000 0.666667
vt 0.625000 0.750000
vt 0.625000 0.833333
vt 0.666667 1.000000
vt 0.666667 0.916667
vt 0.666667 0.083333
vt 0.666667 0.000000
vt 0.666667 0.166667
vt 0.666667 0.250000
vt 0.666667 0.333333
vt 0.666667 0.416667
vt 0.666667 0.500000
vt 0.666667 0.583333
vt 0.666667 0.666667
vt 0.666667 0.750000
vt 0.666667 0.833333
vt 0.708333 1.000000
vt 0.708333 0.916667
vt 0.708333 0.083333
vt 0.708333 0.000000
vt 0.708333 0.166667
vt 0.708333 0.250000
vt 0.708333 0.333333
vt 0.708333 0.416667
vt 0.708333 0.500000
vt 0.708333 0.583333
vt 0.708333 0.666667
vt 0.708333 0.750000
vt 0.708333 0.833333
vt 0.750000 1.000000
vt 0.750000 0.916667
vt 0.750000 0.083333
vt 0.750000 0.000000
vt 0.750000 0.166667
vt 0.750000 0.250000
vt 0.750000 0.333333
vt 0.750000 0.416667
vt 0.750000 0.500000
vt 0.750000 0.583333
vt 0.750000 0.666667
vt 0.750000 0.750000
vt 0.750000 0.833333
vt 0.791667 1.000000
vt 0.791667 0.916667
vt 0.791667 0.083333
vt 0.791667 0.000000
vt 0.791667 0.166667
vt 0.791667 0.250000
vt 0.791667 0.333333
vt 0.791667 0.416667
vt 0.791667 0.500000
vt 0.791667 0.583333
vt 0.791667 0.666667
vt 0.791667 0.750000
vt 0.791667 0.833333
vt 1.000000 1.000000
vt 1.000000 0.916667
vt 1.000000 0.083333
vt 1.000000 0.000000
vt 1.000000 0.166667
vt 1.000000 0.250000
vt 1.000000 0.333333
vt 1.000000 0.416667
vt 1.000000 0.500000
vt 1.000000 0.583333
vt 1.000000 0.666667
vt 1.000000 0.750000
vt 1.000000 0.833333
vn -0.5031 -0.0024 0.8642
vn -0.4984 -0.0203 0.8667
vn 0.0000 -0.0235 0.9997
vn 0.0000 -0.0028 1.0000
vn -0.8693 -0.0014 0.4943
vn -0.8645 -0.0117 0.5025
vn -0.9999 0.0000 -0.0080
vn -1.0000 -0.0000 0.0034
vn -0.8624 0.0014 -0.5063
vn -0.8674 0.0116 -0.4974
vn -0.4962 0.0024 -0.8682
vn -0.5014 0.0202 -0.8650
vn 0.0000 0.0028 -1.0000
vn 0.0000 0.0233 -0.9997
vn 0.4962 0.0024 -0.8682
vn 0.5014 0.0202 -0.8650
vn 0.8624 0.0014 -0.5063
vn 0.8674 0.0116 -0.4974
vn 0.9999 0.0000 -0.0080
vn 1.0000 -0.0000 0.0034
vn 0.8693 -0.0014 0.4943
vn 0.8645 -0.0117 0.5025
vn 0.5032 -0.0024 0.8642
vn 0.4984 -0.0203 0.8667
vn -0.4988 -0.0528 0.8651
vn 0.0000 -0.0609 0.9981
vn -0.8648 -0.0305 0.5011
vn -1.0000 -0.0002 0.0027
vn -0.8672 0.0302 -0.4970
vn -0.5012 0.0525 -0.8637
vn 0.0000 0.0607 -0.9981
vn 0.5012 0.0525 -0.8637
vn 0.8672 0.0302 -0.4970
vn 1.0000 -0.0002 0.0027
vn 0.8648 -0.0305 0.5011
vn 0.4988 -0.0528 0.8651
vn -0.4983 -0.0879 0.8625
vn 0.0000 -0.1014 0.9948
vn -0.8643 -0.0509 0.5003
vn -1.0000 -0.0004 0.0039
vn -0.8677 0.0503 -0.4945
vn -0.5017 0.0875 -0.8606
vn 0.0000 0.1011 -0.9949
vn 0.5017 0.0875 -0.8606
vn 0.8677 0.0503 -0.4945
vn 1.0000 -0.0004 0.0039
vn 0.8643 -0.0509 0.5003
vn 0.4983 -0.0879 0.8625
vn -0.4980 -0.1321 0.8570
vn 0.0000 -0.1524 0.9883
vn -0.8640 -0.0767 0.4975
vn -1.0000 -0.0007 0.0045
vn -0.8680 0.0756 -0.4907
vn -0.5020 0.1317 -0.8548
vn 0.0000 0.1523 -0.9883
vn 0.5020 0.1317 -0.8548
vn 0.8680 0.0756 -0.4907
vn 1.0000 -0.0007 0.0045
vn 0.8640 -0.0767 0.4975
vn 0.4980 -0.1321 0.8570
vn -0.4980 -0.1797 0.8483
vn 0.0000 -0.2073 0.9783
vn -0.8640 -0.1043 0.4925
vn -1.0000 -0.0009 0.0045
vn -0.8680 0.1029 -0.4857
vn -0.5020 0.1793 -0.8460
vn 0.0000 0.2073 -0.9782
vn 0.5020 0.1793 -0.8460
vn 0.8680 0.1029 -0.4857
vn 1.0000 -0.0009 0.0045
vn 0.8640 -0.1043 0.4925
vn 0.4980 -0.1797 0.8483
vn -0.4982 -0.2247 0.8374
vn 0.0000 -0.2592 0.9658
vn -0.8642 -0.1304 0.4859
vn -1.0000 -0.0011 0.0040
vn -0.8678 0.1288 -0.4798
vn -0.5018 0.2243 -0.8354
vn 0.0000 0.2593 -0.9658
vn 0.5018 0.2243 -0.8354
vn 0.8678 0.1288 -0.4798
vn 1.0000 -0.0011 0.0040
vn 0.8642 -0.1304 0.4859
vn 0.4982 -0.2247 0.8374
vn -0.4985 -0.2631 0.8260
vn 0.0000 -0.3035 0.9528
vn -0.8645 -0.1525 0.4788
vn -1.0000 -0.0010 0.0033
vn -0.8675 0.1510 -0.4739
vn -0.5015 0.2627 -0.8243
vn 0.0000 0.3037 -0.9528
vn 0.5015 0.2627 -0.8243
vn 0.8675 0.1510 -0.4739
vn 1.0000 -0.0010 0.0033
vn 0.8645 -0.1525 0.4788
vn 0.4985 -0.2631 0.8260
vn -0.4988 -0.2935 0.8155
vn 0.0000 -0.3387 0.9409
vn -0.8649 -0.1700 0.4723
vn -1.0000 -0.0009 0.0025
vn -0.8672 0.1687 -0.4685
vn -0.5011 0.2932 -0.8141
vn 0.0000 0.3388 -0.9408
vn 0.5011 0.2932 -0.8141
vn 0.8672 0.1687 -0.4685
vn 1.0000 -0.0009 0.0025
vn 0.8649 -0.1700 0.4723
vn 0.4988 -0.2935 0.8155
vn -0.5003 -0.3023 0.8113
vn 0.0000 -0.3492 0.9370
vn -0.8664 -0.1744 0.4680
vn -1.0000 0.0003 -0.0008
vn -0.8656 0.1748 -0.4692
vn -0.4996 0.3024 -0.8118
vn 0.0000 0.3490 -0.9371
vn 0.4996 0.3024 -0.8118
vn 0.8656 0.1748 -0.4692
vn 1.0000 0.0003 -0.0008
vn 0.8664 -0.1744 0.4680
vn 0.5003 -0.3023 0.8113
vn -0.5020 -0.2753 0.8198
vn 0.0000 -0.3184 0.9479
vn -0.8680 -0.1581 0.4707
vn -1.0000 0.0014 -0.0043
vn -0.8641 0.1601 -0.4772
vn -0.4981 0.2758 -0.8221
vn 0.0000 0.3181 -0.9481
vn 0.4981 0.2758 -0.8221
vn 0.8640 0.1601 -0.4772
vn 1.0000 0.0014 -0.0043
vn 0.8680 -0.1581 0.4707
vn 0.5020 -0.2753 0.8198
vn -0.5023 -0.2260 0.8346
vn 0.0000 -0.2613 0.9652
vn -0.8683 -0.1296 0.4788
vn -1.0000 0.0013 -0.0051
vn -0.8637 0.1316 -0.4864
vn -0.4977 0.2266 -0.8372
vn 0.0000 0.2612 -0.9653
vn 0.4977 0.2266 -0.8372
vn 0.8637 0.1316 -0.4864
vn 1.0000 0.0013 -0.0051
vn 0.8683 -0.1296 0.4788
vn 0.5023 -0.2260 0.8346
vn -0.5024 -0.1711 0.8475
vn 0.0000 -0.1979 0.9802
vn -0.8684 -0.0981 0.4860
vn -1.0000 0.0011 -0.0053
vn -0.8636 0.0998 -0.4941
vn -0.4976 0.1717 -0.8502
vn 0.0000 0.1979 -0.9802
vn 0.4976 0.1717 -0.8502
vn 0.8636 0.0998 -0.4941
vn 1.0000 0.0011 -0.0053
vn 0.8684 -0.0981 0.4860
vn 0.5024 -0.1711 0.8475
vn -0.5022 -0.1166 0.8568
vn 0.0000 -0.1349 0.9908
vn -0.8682 -0.0669 0.4916
vn -1.0000 0.0007 -0.0050
vn -0.8638 0.0680 -0.4991
vn -0.4978 0.1171 -0.8593
vn 0.0000 0.1350 -0.9908
vn 0.4978 0.1171 -0.8593
vn 0.8638 0.0680 -0.4991
vn 1.0000 0.0007 -0.0050
vn 0.8682 -0.0669 0.4916
vn 0.5022 -0.1166 0.8568
vn -0.5018 -0.0687 0.8622
vn 0.0000 -0.0794 0.9968
vn -0.8678 -0.0395 0.4953
vn -1.0000 0.0003 -0.0041
vn -0.8642 0.0400 -0.5015
vn -0.4982 0.0690 -0.8643
vn 0.0000 0.0796 -0.9968
vn 0.4982 0.0690 -0.8643
vn 0.8642 0.0400 -0.5015
vn 1.0000 0.0003 -0.0041
vn 0.8678 -0.0395 0.4953
vn 0.5018 -0.0687 0.8622
vn -0.5013 -0.0315 0.8647
vn 0.0000 -0.0364 0.9993
vn -0.8673 -0.0181 0.4974
vn -1.0000 0.0001 -0.0030
vn -0.8647 0.0183 -0.5019
vn -0.4987 0.0316 -0.8662
vn 0.0000 0.0365 -0.9993
vn 0.4987 0.0316 -0.8662
vn 0.8647 0.0183 -0.5019
vn 1.0000 0.0001 -0.0030
vn 0.8673 -0.0181 0.4974
vn 0.5013 -0.0315 0.8647
vn -0.5008 -0.0057 0.8655
vn 0.0000 -0.0066 1.0000
vn -0.8668 -0.0033 0.4985
vn -1.0000 0.0000 -0.0019
vn -0.8652 0.0033 -0.5014
vn -0.4991 0.0058 -0.8665
vn 0.0000 0.0067 -1.0000
vn 0.4991 0.0058 -0.8665
vn 0.8652 0.0033 -0.5014
vn 1.0000 0.0000 -0.0019
vn 0.8668 -0.0033 0.4985
vn 0.5008 -0.0057 0.8655
vn -0.4996 0.0044 0.8662
vn 0.0000 0.0051 1.0000
vn -0.8656 0.0025 0.5006
vn -1.0000 0.0000 0.0008
vn -0.8664 -0.0025 -0.4994
vn -0.5003 -0.0044 -0.8658
vn 0.0000 -0.0051 -1.0000
vn 0.5003 -0.0044 -0.8658
vn 0.8664 -0.0025 -0.4994
vn 1.0000 0.0000 0.0008
vn 0.8656 0.0025 0.5006
vn 0.4996 0.0044 0.8662
usemtl None
s 1
f 2710/3218/2843 2722/3219/2844 2733/3220/2845 2721/3221/2846
f 2711/3222/2847 2723/3223/2848 2722/3224/2844 2710/3225/2843
f 2712/3226/2849 2724/3227/2850 2723/3223/2848 2711/3222/2847
f 2713/3228/2851 2725/3229/2852 2724/3227/2850 2712/3226/2849
f 2714/3230/2853 2726/3231/2854 2725/3229/2852 2713/3228/2851
f 2715/3232/2855 2727/3233/2856 2726/3231/2854 2714/3230/2853
f 2716/3234/2857 2728/3235/2858 2727/3233/2856 2715/3232/2855
f 2717/3236/2859 2729/3237/2860 2728/3235/2858 2716/3234/2857
f 2718/3238/2861 2730/3239/2862 2729/3237/2860 2717/3236/2859
f 2719/3240/2863 2731/3241/2864 2730/3239/2862 2718/3238/2861
f 2720/3242/2865 2732/3243/2866 2731/3241/2864 2719/3240/2863
f 2721/3221/2846 2733/3220/2845 2732/3243/2866 2720/3242/2865
f 2722/3219/2844 2734/3244/2867 2745/3245/2868 2733/3220/2845
f 2723/3223/2848 2735/3246/2869 2734/3247/2867 2722/3224/2844
f 2724/3227/2850 2736/3248/2870 2735/3246/2869 2723/3223/2848
f 2725/3229/2852 2737/3249/2871 2736/3248/2870 2724/3227/2850
f 2726/3231/2854 2738/3250/2872 2737/3249/2871 2725/3229/2852
f 2727/3233/2856 2739/3251/2873 2738/3250/2872 2726/3231/2854
f 2728/3235/2858 2740/3252/2874 2739/3251/2873 2727/3233/2856
f 2729/3237/2860 2741/3253/2875 2740/3252/2874 2728/3235/2858
f 2730/3239/2862 2742/3254/2876 2741/3253/2875 2729/3237/2860
f 2731/3241/2864 2743/3255/2877 2742/3254/2876 2730/3239/2862
f 2732/3243/2866 2744/3256/2878 2743/3255/2877 2731/3241/2864
f 2733/3220/2845 2745/3245/2868 2744/3256/2878 2732/3243/2866
f 2734/3244/2867 2746/3257/2879 2757/3258/2880 2745/3245/2868
f 2735/3246/2869 2747/3259/2881 2746/3260/2879 2734/3247/2867
f 2736/3248/2870 2748/3261/2882 2747/3259/2881 2735/3246/2869
f 2737/3249/2871 2749/3262/2883 2748/3261/2882 2736/3248/2870
f 2738/3250/2872 2750/3263/2884 2749/3262/2883 2737/3249/2871
f 2739/3251/2873 2751/3264/2885 2750/3263/2884 2738/3250/2872
f 2740/3252/2874 2752/3265/2886 2751/3264/2885 2739/3251/2873
f 2741/3253/2875 2753/3266/2887 2752/3265/2886 2740/3252/2874
f 2742/3254/2876 2754/3267/2888 2753/3266/2887 2741/3253/2875
f 2743/3255/2877 2755/3268/2889 2754/3267/2888 2742/3254/2876
f 2744/3256/2878 2756/3269/2890 2755/3268/2889 2743/3255/2877
f 2745/3245/2868 2757/3258/2880 2756/3269/2890 2744/3256/2878
f 2746/3257/2879 2758/3270/2891 2769/3271/2892 2757/3258/2880
f 2747/3259/2881 2759/3272/2893 2758/3273/2891 2746/3260/2879
f 2748/3261/2882 2760/3274/2894 2759/3272/2893 2747/3259/2881
f 2749/3262/2883 2761/3275/2895 2760/3274/2894 2748/3261/2882
f 2750/3263/2884 2762/3276/2896 2761/3275/2895 2749/3262/2883
f 2751/3264/2885 2763/3277/2897 2762/3276/2896 2750/3263/2884
f 2752/3265/2886 2764/3278/2898 2763/3277/2897 2751/3264/2885
f 2753/3266/2887 2765/3279/2899 2764/3278/2898 2752/3265/2886
f 2754/3267/2888 2766/3280/2900 2765/3279/2899 2753/3266/2887
f 2755/3268/2889 2767/3281/2901 2766/3280/2900 2754/3267/2888
f 2756/3269/2890 2768/3282/2902 2767/3281/2901 2755/3268/2889
f 2757/3258/2880 2769/3271/2892 2768/3282/2902 2756/3269/2890
f 2758/3270/2891 2770/3283/2903 2781/3284/2904 2769/3271/2892
f 2759/3272/2893 2771/3285/2905 2770/3286/2903 2758/3273/2891
f 2760/3274/2894 2772/3287/2906 2771/3285/2905 2759/3272/2893
f 2761/3275/2895 2773/3288/2907 2772/3287/2906 2760/3274/2894
f 2762/3276/2896 2774/3289/2908 2773/3288/2907 2761/3275/2895
f 2763/3277/2897 2775/3290/2909 2774/3289/2908 2762/3276/2896
f 2764/3278/2898 2776/3291/2910 2775/3290/2909 2763/3277/2897
f 2765/3279/2899 2777/3292/2911 2776/3291/2910 2764/3278/2898
f 2766/3280/2900 2778/3293/2912 2777/3292/2911 2765/3279/2899
f 2767/3281/2901 2779/3294/2913 2778/3293/2912 2766/3280/2900
f 2768/3282/2902 2780/3295/2914 2779/3294/2913 2767/3281/2901
f 2769/3271/2892 2781/3284/2904 2780/3295/2914 2768/3282/2902
f 2770/3283/2903 2782/3296/2915 2793/3297/2916 2781/3284/2904
f 2771/3285/2905 2783/3298/2917 2782/3299/2915 2770/3286/2903
f 2772/3287/2906 2784/3300/2918 2783/3298/2917 2771/3285/2905
f 2773/3288/2907 2785/3301/2919 2784/3300/2918 2772/3287/2906
f 2774/3289/2908 2786/3302/2920 2785/3301/2919 2773/3288/2907
f 2775/3290/2909 2787/3303/2921 2786/3302/2920 2774/3289/2908
f 2776/3291/2910 2788/3304/2922 2787/3303/2921 2775/3290/2909
f 2777/3292/2911 2789/3305/2923 2788/3304/2922 2776/3291/2910
f 2778/3293/2912 2790/3306/2924 2789/3305/2923 2777/3292/2911
f 2779/3294/2913 2791/3307/2925 2790/3306/2924 2778/3293/2912
f 2780/3295/2914 2792/3308/2926 2791/3307/2925 2779/3294/2913
f 2781/3284/2904 2793/3297/2916 2792/3308/2926 2780/3295/2914
f 2782/3296/2915 2794/3309/2927 2805/3310/2928 2793/3297/2916
f 2783/3298/2917 2795/3311/2929 2794/3312/2927 2782/3299/2915
f 2784/3300/2918 2796/3313/2930 2795/3311/2929 2783/3298/2917
f 2785/3301/2919 2797/3314/2931 2796/3313/2930 2784/3300/2918
f 2786/3302/2920 2798/3315/2932 2797/3314/2931 2785/3301/2919
f 2787/3303/2921 2799/3316/2933 2798/3315/2932 2786/3302/2920
f 2788/3304/2922 2800/3317/2934 2799/3316/2933 2787/3303/2921
f 2789/3305/2923 2801/3318/2935 2800/3317/2934 2788/3304/2922
f 2790/3306/2924 2802/3319/2936 2801/3318/2935 2789/3305/2923
f 2791/3307/2925 2803/3320/2937 2802/3319/2936 2790/3306/2924
f 2792/3308/2926 2804/3321/2938 2803/3320/2937 2791/3307/2925
f 2793/3297/2916 2805/3310/2928 2804/3321/2938 2792/3308/2926
f 2794/3309/2927 2806/3322/2939 2817/3323/2940 2805/3310/2928
f 2795/3311/2929 2807/3324/2941 2806/3325/2939 2794/3312/2927
f 2796/3313/2930 2808/3326/2942 2807/3324/2941 2795/3311/2929
f 2797/3314/2931 2809/3327/2943 2808/3326/2942 2796/3313/2930
f 2798/3315/2932 2810/3328/2944 2809/3327/2943 2797/3314/2931
f 2799/3316/2933 2811/3329/2945 2810/3328/2944 2798/3315/2932
f 2800/3317/2934 2812/3330/2946 2811/3329/2945 2799/3316/2933
f 2801/3318/2935 2813/3331/2947 2812/3330/2946 2800/3317/2934
f 2802/3319/2936 2814/3332/2948 2813/3331/2947 2801/3318/2935
f 2803/3320/2937 2815/3333/2949 2814/3332/2948 2802/3319/2936
f 2804/3321/2938 2816/3334/2950 2815/3333/2949 2803/3320/2937
f 2805/3310/2928 2817/3323/2940 2816/3334/2950 2804/3321/2938
f 2806/3322/2939 2818/3335/2951 2829/3336/2952 2817/3323/2940
f 2807/3324/2941 2819/3337/2953 2818/3338/2951 2806/3325/2939
f 2808/3326/2942 2820/3339/2954 2819/3337/2953 2807/3324/2941
f 2809/3327/2943 2821/3340/2955 2820/3339/2954 2808/3326/2942
f 2810/3328/2944 2822/3341/2956 2821/3340/2955 2809/3327/2943
f 2811/3329/2945 2823/3342/2957 2822/3341/2956 2810/3328/2944
f 2812/3330/2946 2824/3343/2958 2823/3342/2957 2811/3329/2945
f 2813/3331/2947 2825/3344/2959 2824/3343/2958 2812/3330/2946
f 2814/3332/2948 2826/3345/2960 2825/3344/2959 2813/3331/2947
f 2815/3333/2949 2827/3346/2961 2826/3345/2960 2814/3332/2948
f 2816/3334/2950 2828/3347/2962 2827/3346/2961 2815/3333/2949
f 2817/3323/2940 2829/3336/2952 2828/3347/2962 2816/3334/2950
f 2818/3335/2951 2830/3348/2963 2841/3349/2964 2829/3336/2952
f 2819/3337/2953 2831/3350/2965 2830/3351/2963 2818/3338/2951
f 2820/3339/2954 2832/3352/2966 2831/3350/2965 2819/3337/2953
f 2821/3340/2955 2833/3353/2967 2832/3352/2966 2820/3339/2954
f 2822/3341/2956 2834/3354/2968 2833/3353/2967 2821/3340/2955
f 2823/3342/2957 2835/3355/2969 2834/3354/2968 2822/3341/2956
f 2824/3343/2958 2836/3356/2970 2835/3355/2969 2823/3342/2957
f 2825/3344/2959 2837/3357/2971 2836/3356/2970 2824/3343/2958
f 2826/3345/2960 2838/3358/2972 2837/3357/2971 2825/3344/2959
f 2827/3346/2961 2839/3359/2973 2838/3358/2972 2826/3345/2960
f 2828/3347/2962 2840/3360/2974 2839/3359/2973 2827/3346/2961
f 2829/3336/2952 2841/3349/2964 2840/3360/2974 2828/3347/2962
f 2830/3348/2963 2842/3361/2975 2853/3362/2976 2841/3349/2964
f 2831/3350/2965 2843/3363/2977 2842/3364/2975 2830/3351/2963
f 2832/3352/2966 2844/3365/2978 2843/3363/2977 2831/3350/2965
f 2833/3353/2967 2845/3366/2979 2844/3365/2978 2832/3352/2966
f 2834/3354/2968 2846/3367/2980 2845/3366/2979 2833/3353/2967
f 2835/3355/2969 2847/3368/2981 2846/3367/2980 2834/3354/2968
f 2836/3356/2970 2848/3369/2982 2847/3368/2981 2835/3355/2969
f 2837/3357/2971 2849/3370/2983 2848/3369/2982 2836/3356/2970
f 2838/3358/2972 2850/3371/2984 2849/3370/2983 2837/3357/2971
f 2839/3359/2973 2851/3372/2985 2850/3371/2984 2838/3358/2972
f 2840/3360/2974 2852/3373/2986 2851/3372/2985 2839/3359/2973
f 2841/3349/2964 2853/3362/2976 2852/3373/2986 2840/3360/2974
f 2842/3361/2975 2854/3374/2987 2865/3375/2988 2853/3362/2976
f 2843/3363/2977 2855/3376/2989 2854/3377/2987 2842/3364/2975
f 2844/3365/2978 2856/3378/2990 2855/3376/2989 2843/3363/2977
f 2845/3366/2979 2857/3379/2991 2856/3378/2990 2844/3365/2978
f 2846/3367/2980 2858/3380/2992 2857/3379/2991 2845/3366/2979
f 2847/3368/2981 2859/3381/2993 2858/3380/2992 2846/3367/2980
f 2848/3369/2982 2860/3382/2994 2859/3381/2993 2847/3368/2981
f 2849/3370/2983 2861/3383/2995 2860/3382/2994 2848/3369/2982
f 2850/3371/2984 2862/3384/2996 2861/3383/2995 2849/3370/2983
f 2851/3372/2985 2863/3385/2997 2862/3384/2996 2850/3371/2984
f 2852/3373/2986 2864/3386/2998 2863/3385/2997 2851/3372/2985
f 2853/3362/2976 2865/3375/2988 2864/3386/2998 2852/3373/2986
f 2854/3374/2987 2866/3387/2999 2877/3388/3000 2865/3375/2988
f 2855/3376/2989 2867/3389/3001 2866/3390/2999 2854/3377/2987
f 2856/3378/2990 2868/3391/3002 2867/3389/3001 2855/3376/2989
f 2857/3379/2991 2869/3392/3003 2868/3391/3002 2856/3378/2990
f 2858/3380/2992 2870/3393/3004 2869/3392/3003 2857/3379/2991
f 2859/3381/2993 2871/3394/3005 2870/3393/3004 2858/3380/2992
f 2860/3382/2994 2872/3395/3006 2871/3394/3005 2859/3381/2993
f 2861/3383/2995 2873/3396/3007 2872/3395/3006 2860/3382/2994
f 2862/3384/2996 2874/3397/3008 2873/3396/3007 2861/3383/2995
f 2863/3385/2997 2875/3398/3009 2874/3397/3008 2862/3384/2996
f 2864/3386/2998 2876/3399/3010 2875/3398/3009 2863/3385/2997
f 2865/3375/2988 2877/3388/3000 2876/3399/3010 2864/3386/2998
f 2866/3387/2999 2878/3400/3011 2889/3401/3012 2877/3388/3000
f 2867/3389/3001 2879/3402/3013 2878/3403/3011 2866/3390/2999
f 2868/3391/3002 2880/3404/3014 2879/3402/3013 2867/3389/3001
f 2869/3392/3003 2881/3405/3015 2880/3404/3014 2868/3391/3002
f 2870/3393/3004 2882/3406/3016 2881/3405/3015 2869/3392/3003
f 2871/3394/3005 2883/3407/3017 2882/3406/3016 2870/3393/3004
f 2872/3395/3006 2884/3408/3018 2883/3407/3017 2871/3394/3005
f 2873/3396/3007 2885/3409/3019 2884/3408/3018 2872/3395/3006
f 2874/3397/3008 2886/3410/3020 2885/3409/3019 2873/3396/3007
f 2875/3398/3009 2887/3411/3021 2886/3410/3020 2874/3397/3008
f 2876/3399/3010 2888/3412/3022 2887/3411/3021 2875/3398/3009
f 2877/3388/3000 2889/3401/3012 2888/3412/3022 2876/3399/3010
f 2878/3400/3011 2890/3413/3023 2901/3414/3024 2889/3401/3012
f 2879/3402/3013 2891/3415/3025 2890/3416/3023 2878/3403/3011
f 2880/3404/3014 2892/3417/3026 2891/3415/3025 2879/3402/3013
f 2881/3405/3015 2893/3418/3027 2892/3417/3026 2880/3404/3014
f 2882/3406/3016 2894/3419/3028 2893/3418/3027 2881/3405/3015
f 2883/3407/3017 2895/3420/3029 2894/3419/3028 2882/3406/3016
f 2884/3408/3018 2896/3421/3030 2895/3420/3029 2883/3407/3017
f 2885/3409/3019 2897/3422/3031 2896/3421/3030 2884/3408/3018
f 2886/3410/3020 2898/3423/3032 2897/3422/3031 2885/3409/3019
f 2887/3411/3021 2899/3424/3033 2898/3423/3032 2886/3410/3020
f 2888/3412/3022 2900/3425/3034 2899/3424/3033 2887/3411/3021
f 2889/3401/3012 2901/3414/3024 2900/3425/3034 2888/3412/3022
f 2890/3413/3023 2902/3426/3035 2913/3427/3036 2901/3414/3024
f 2891/3415/3025 2903/3428/3037 2902/3429/3035 2890/3416/3023
f 2892/3417/3026 2904/3430/3038 2903/3428/3037 2891/3415/3025
f 2893/3418/3027 2905/3431/3039 2904/3430/3038 2892/3417/3026
f 2894/3419/3028 2906/3432/3040 2905/3431/3039 2893/3418/3027
f 2895/3420/3029 2907/3433/3041 2906/3432/3040 2894/3419/3028
f 2896/3421/3030 2908/3434/3042 2907/3433/3041 2895/3420/3029
f 2897/3422/3031 2909/3435/3043 2908/3434/3042 2896/3421/3030
f 2898/3423/3032 2910/3436/3044 2909/3435/3043 2897/3422/3031
f 2899/3424/3033 2911/3437/3045 2910/3436/3044 2898/3423/3032
f 2900/3425/3034 2912/3438/3046 2911/3437/3045 2899/3424/3033
f 2901/3414/3024 2913/3427/3036 2912/3438/3046 2900/3425/3034
f 2902/3426/3035 2914/3439/3047 2925/3440/3048 2913/3427/3036
f 2903/3428/3037 2915/3441/3049 2914/3442/3047 2902/3429/3035
f 2904/3430/3038 2916/3443/3050 2915/3441/3049 2903/3428/3037
f 2905/3431/3039 2917/3444/3051 2916/3443/3050 2904/3430/3038
f 2906/3432/3040 2918/3445/3052 2917/3444/3051 2905/3431/3039
f 2907/3433/3041 2919/3446/3053 2918/3445/3052 2906/3432/3040
f 2908/3434/3042 2920/3447/3054 2919/3446/3053 2907/3433/3041
f 2909/3435/3043 2921/3448/3055 2920/3447/3054 2908/3434/3042
f 2910/3436/3044 2922/3449/3056 2921/3448/3055 2909/3435/3043
f 2911/3437/3045 2923/3450/3057 2922/3449/3056 2910/3436/3044
f 2912/3438/3046 2924/3451/3058 2923/3450/3057 2911/3437/3045
f 2913/3427/3036 2925/3440/3048 2924/3451/3058 2912/3438/3046
o LC-PoleM_Cylinder.009
v -0.003720 0.292502 0.998135
v 0.017402 0.292502 1.001172
v 0.036813 0.292502 1.010036
v 0.052940 0.292502 1.024011
v 0.064477 0.292502 1.041962
v 0.070488 0.292502 1.062437
v 0.070488 0.292502 1.083776
v 0.064477 0.292502 1.104251
v 0.052940 0.292502 1.122203
v 0.036813 0.292502 1.136177
v 0.017402 0.292502 1.145041
v -0.003720 0.292502 1.148078
v -0.024842 0.292502 1.145041
v -0.044253 0.292502 1.136177
v -0.060380 0.292502 1.122203
v -0.071917 0.292502 1.104251
v -0.077929 0.292502 1.083776
v -0.077929 0.292502 1.062437
v -0.071917 0.292502 1.041962
v -0.060380 0.292502 1.024011
v -0.044253 0.292502 1.010036
v -0.024842 0.292502 1.001172
v -0.003720 2.468424 1.073107
v 0.024528 2.457834 1.029152
v 0.035767 2.457834 1.038891
v 0.043807 2.457834 1.094812
v 0.035767 2.457834 1.107322
v -0.003720 2.457834 1.020858
v 0.011000 2.457834 1.022974
v -0.018440 2.457834 1.123239
v -0.031968 2.457834 1.117061
v -0.055437 2.457834 1.065671
v -0.051248 2.457834 1.051402
v 0.047997 2.457834 1.065671
v 0.047997 2.457834 1.080542
v 0.011000 2.457834 1.123239
v -0.003720 2.457834 1.125355
v -0.051247 2.457834 1.094812
v -0.055437 2.457834 1.080542
v -0.031968 2.457834 1.029152
v -0.018440 2.457834 1.022974
v 0.043807 2.457834 1.051402
v 0.024528 2.457834 1.117061
v -0.043207 2.457834 1.107322
v -0.043207 2.457834 1.038891
v -0.003720 2.441460 0.998135
v -0.003720 2.449558 1.003300
v -0.003720 2.446177 0.999648
v 0.015947 2.449558 1.006128
v 0.017402 2.441460 1.001172
v 0.016976 2.446177 1.002623
v 0.034020 2.449558 1.014382
v 0.036813 2.441460 1.010036
v 0.035995 2.446177 1.011309
v 0.049036 2.449558 1.027393
v 0.052940 2.441460 1.024011
v 0.051796 2.446177 1.025001
v 0.059778 2.449558 1.044108
v 0.064477 2.441460 1.041962
v 0.063100 2.446177 1.042591
v 0.065376 2.449558 1.063172
v 0.070488 2.441460 1.062437
v 0.068991 2.446177 1.062652
v 0.065376 2.449558 1.083041
v 0.070488 2.441460 1.083776
v 0.068991 2.446177 1.083561
v 0.059778 2.449558 1.102105
v 0.064477 2.441460 1.104251
v 0.063100 2.446177 1.103623
v 0.049036 2.449558 1.118820
v 0.052940 2.441460 1.122203
v 0.051796 2.446177 1.121212
v 0.034020 2.449558 1.131832
v 0.036813 2.441460 1.136177
v 0.035995 2.446177 1.134904
v 0.015947 2.449558 1.140085
v 0.017402 2.441460 1.145041
v 0.016976 2.446177 1.143590
v -0.003720 2.449558 1.142913
v -0.003720 2.441460 1.148078
v -0.003720 2.446177 1.146566
v -0.023387 2.449558 1.140085
v -0.024842 2.441460 1.145041
v -0.024416 2.446177 1.143590
v -0.041460 2.449558 1.131832
v -0.044253 2.441460 1.136177
v -0.043435 2.446177 1.134904
v -0.056476 2.449558 1.118820
v -0.060380 2.441460 1.122203
v -0.059237 2.446177 1.121212
v -0.067218 2.449558 1.102105
v -0.071917 2.441460 1.104251
v -0.070541 2.446177 1.103623
v -0.072816 2.449558 1.083041
v -0.077929 2.441460 1.083776
v -0.076431 2.446177 1.083561
v -0.072816 2.449558 1.063172
v -0.077929 2.441460 1.062437
v -0.076431 2.446177 1.062652
v -0.067218 2.449558 1.044108
v -0.071917 2.441460 1.041962
v -0.070541 2.446177 1.042591
v -0.056477 2.449558 1.027393
v -0.060380 2.441460 1.024011
v -0.059237 2.446177 1.025001
v -0.041461 2.449558 1.014382
v -0.044253 2.441460 1.010036
v -0.043435 2.446177 1.011309
v -0.023387 2.449558 1.006128
v -0.024842 2.441460 1.001172
v -0.024416 2.446177 1.002623
vt 0.045454 0.500000
vt 0.045454 0.998686
vt -0.000000 0.998686
vt -0.000000 0.500000
vt 0.909091 1.000000
vt 0.954545 1.000000
vt 0.954545 1.000000
vt 0.909091 1.000000
vt 0.863636 1.000000
vt 0.863636 1.000000
vt 0.818182 1.000000
vt 0.818182 1.000000
vt 0.772727 1.000000
vt 0.772727 1.000000
vt 0.727273 1.000000
vt 0.727273 1.000000
vt 0.681818 1.000000
vt 0.681818 1.000000
vt 0.636364 1.000000
vt 0.636364 1.000000
vt 0.590909 1.000000
vt 0.590909 1.000000
vt 0.545454 1.000000
vt 0.545454 1.000000
vt 0.500000 1.000000
vt 0.500000 1.000000
vt 0.454545 1.000000
vt 0.454545 1.000000
vt 0.409091 1.000000
vt 0.409091 1.000000
vt 0.363636 1.000000
vt 0.363636 1.000000
vt 0.318182 1.000000
vt 0.318182 1.000000
vt 0.272727 1.000000
vt 0.272727 1.000000
vt 0.227272 1.000000
vt 0.227272 1.000000
vt 0.181818 1.000000
vt 0.181818 1.000000
vt 0.136363 1.000000
vt 0.136363 1.000000
vt 0.090909 1.000000
vt 0.090909 1.000000
vt 0.863636 1.000000
vt 0.045454 1.000000
vt 0.045454 1.000000
vt -0.000000 1.000000
vt -0.000000 1.000000
vt 0.750000 0.490000
vt 0.817616 0.480278
vt 0.879754 0.451901
vt 0.931380 0.407167
vt 0.968312 0.349700
vt 0.987557 0.284156
vt 0.987557 0.215844
vt 0.968312 0.150300
vt 0.931380 0.092833
vt 0.879754 0.048099
vt 0.817616 0.019722
vt 0.750000 0.010000
vt 0.682384 0.019722
vt 0.620246 0.048099
vt 0.568620 0.092833
vt 0.531688 0.150300
vt 0.512443 0.215844
vt 0.512443 0.284155
vt 0.531688 0.349699
vt 0.568620 0.407166
vt 0.620246 0.451901
vt 0.682384 0.480278
vt 0.636364 1.000000
vt 1.000000 1.000000
vt 0.954545 1.000000
vt 0.409091 1.000000
vt 0.181818 1.000000
vt 0.727273 1.000000
vt 0.500000 1.000000
vt 0.272727 1.000000
vt 0.045454 1.000000
vt 0.818182 1.000000
vt 0.590909 1.000000
vt 0.363636 1.000000
vt 0.136363 1.000000
vt 0.909091 1.000000
vt 0.681818 1.000000
vt 0.454545 1.000000
vt 0.227272 1.000000
vt -0.000000 1.000000
vt 0.772727 1.000000
vt 0.545454 1.000000
vt 0.318182 1.000000
vt 0.090909 1.000000
vt 0.090909 0.500000
vt 0.090909 0.998686
vt 0.318182 0.500000
vt 0.318182 0.998686
vt 0.272727 0.998686
vt 0.272727 0.500000
vt 0.545454 0.500000
vt 0.545454 0.998686
vt 0.500000 0.998686
vt 0.500000 0.500000
vt 0.772727 0.500000
vt 0.772727 0.998686
vt 0.727273 0.998686
vt 0.727273 0.500000
vt 0.954545 0.500000
vt 0.954545 0.998686
vt 0.909091 0.998686
vt 0.909091 0.500000
vt 0.227272 0.500000
vt 0.227272 0.998686
vt 0.181818 0.998686
vt 0.181818 0.500000
vt 0.454545 0.500000
vt 0.454545 0.998686
vt 0.409091 0.998686
vt 0.409091 0.500000
vt 0.681818 0.500000
vt 0.681818 0.998686
vt 0.636364 0.998686
vt 0.636364 0.500000
vt 0.863636 0.998686
vt 0.863636 0.500000
vt 0.136363 0.500000
vt 0.136363 0.998686
vt 0.363636 0.500000
vt 0.363636 0.998686
vt 0.590909 0.500000
vt 0.590909 0.998686
vt 0.818182 0.500000
vt 0.818182 0.998686
vt 1.000000 0.500000
vt 1.000000 0.998686
vt 0.999541 1.000000
vt 0.954545 1.000000
vt 1.000000 1.000000
vt 0.909091 1.000000
vt 0.863636 1.000000
vt 0.818182 1.000000
vt 0.772727 1.000000
vt 0.727273 1.000000
vt 0.681818 1.000000
vt 0.636364 1.000000
vt 0.590909 1.000000
vt 0.545454 1.000000
vt 0.500000 1.000000
vt 0.454545 1.000000
vt 0.409091 1.000000
vt 0.363636 1.000000
vt 0.318182 1.000000
vt 0.272727 1.000000
vt 0.227272 1.000000
vt 0.181818 1.000000
vt 0.136363 1.000000
vt 0.090909 1.000000
vt 0.045454 1.000000
vt 0.000458 1.000000
vn -0.2817 0.0000 -0.9595
vn -0.2784 0.1525 -0.9483
vn -0.0000 0.1525 -0.9883
vn 0.0000 0.0000 -1.0000
vn 0.3075 0.8225 -0.4784
vn 0.1602 0.8225 -0.5457
vn 0.0914 0.9459 -0.3114
vn 0.1755 0.9459 -0.2730
vn 0.4298 0.8225 -0.3724
vn 0.2453 0.9459 -0.2125
vn 0.5173 0.8225 -0.2363
vn 0.2952 0.9459 -0.1348
vn 0.5629 0.8225 -0.0809
vn 0.3212 0.9459 -0.0462
vn 0.5629 0.8225 0.0809
vn 0.3212 0.9459 0.0462
vn 0.5173 0.8225 0.2363
vn 0.2952 0.9459 0.1348
vn 0.4298 0.8225 0.3724
vn 0.2453 0.9459 0.2125
vn 0.3075 0.8225 0.4785
vn 0.1755 0.9459 0.2730
vn 0.1602 0.8225 0.5457
vn 0.0914 0.9459 0.3114
vn -0.0000 0.8225 0.5687
vn -0.0000 0.9459 0.3246
vn -0.1602 0.8225 0.5457
vn -0.0914 0.9459 0.3114
vn -0.3075 0.8225 0.4784
vn -0.1755 0.9459 0.2730
vn -0.4298 0.8225 0.3724
vn -0.2453 0.9459 0.2125
vn -0.5173 0.8225 0.2363
vn -0.2952 0.9459 0.1348
vn -0.5629 0.8225 0.0809
vn -0.3212 0.9459 0.0462
vn -0.5629 0.8225 -0.0809
vn -0.3212 0.9459 -0.0462
vn -0.5173 0.8225 -0.2363
vn -0.2952 0.9459 -0.1348
vn -0.4298 0.8225 -0.3724
vn -0.2453 0.9459 -0.2125
vn -0.3075 0.8225 -0.4784
vn -0.1755 0.9459 -0.2730
vn 0.0000 1.0000 0.0000
vn -0.1602 0.8225 -0.5457
vn -0.0914 0.9459 -0.3114
vn -0.0000 0.8225 -0.5687
vn 0.0000 0.9459 -0.3246
vn 0.0000 -1.0000 0.0000
vn -0.5406 0.0000 -0.8413
vn -0.5343 0.1525 -0.8314
vn -0.9096 0.0000 0.4154
vn -0.8990 0.1525 0.4106
vn -0.9783 0.1525 0.1407
vn -0.9898 0.0000 0.1423
vn 0.2817 0.0000 0.9595
vn 0.2784 0.1525 0.9483
vn -0.0000 0.1525 0.9883
vn -0.0000 0.0000 1.0000
vn 0.9898 0.0000 -0.1423
vn 0.9783 0.1525 -0.1407
vn 0.9783 0.1525 0.1407
vn 0.9898 0.0000 0.1423
vn 0.2817 0.0000 -0.9595
vn 0.2784 0.1524 -0.9483
vn 0.5343 0.1524 -0.8314
vn 0.5406 0.0000 -0.8413
vn -0.9898 0.0000 -0.1423
vn -0.9783 0.1525 -0.1407
vn -0.8990 0.1525 -0.4106
vn -0.9096 0.0000 -0.4154
vn -0.2817 0.0000 0.9595
vn -0.2784 0.1524 0.9483
vn -0.5343 0.1524 0.8314
vn -0.5406 0.0000 0.8413
vn 0.9096 0.0000 0.4154
vn 0.8990 0.1524 0.4106
vn 0.7469 0.1525 0.6472
vn 0.7558 0.0000 0.6549
vn 0.7469 0.1524 -0.6472
vn 0.7557 0.0000 -0.6549
vn -0.7558 0.0000 -0.6549
vn -0.7469 0.1525 -0.6472
vn -0.7557 0.0000 0.6549
vn -0.7469 0.1525 0.6472
vn 0.5406 0.0000 0.8413
vn 0.5343 0.1525 0.8314
vn 0.9096 0.0000 -0.4154
vn 0.8990 0.1525 -0.4106
vn -0.0000 0.5271 -0.8498
vn 0.2394 0.5271 -0.8154
vn 0.4594 0.5271 -0.7149
vn 0.6422 0.5271 -0.5565
vn 0.7730 0.5271 -0.3530
vn 0.8412 0.5271 -0.1209
vn 0.8412 0.5271 0.1209
vn 0.7730 0.5271 0.3530
vn 0.6422 0.5271 0.5565
vn 0.4594 0.5271 0.7149
vn 0.2394 0.5271 0.8154
vn -0.0000 0.5271 0.8498
vn -0.2394 0.5271 0.8154
vn -0.4594 0.5271 0.7149
vn -0.6422 0.5271 0.5565
vn -0.7730 0.5271 0.3530
vn -0.8412 0.5271 0.1209
vn -0.8412 0.5271 -0.1209
vn -0.7730 0.5271 -0.3530
vn -0.6422 0.5271 -0.5565
vn -0.4594 0.5271 -0.7149
vn -0.2394 0.5271 -0.8154
usemtl None
s 1
f 2947/3452/3059 3035/3453/3060 2971/3454/3061 2926/3455/3062
f 2977/3456/3063 2974/3457/3064 2954/3458/3065 2949/3459/3066
f 2980/3460/3067 2977/3456/3063 2949/3459/3066 2950/3461/3068
f 2983/3462/3069 2980/3460/3067 2950/3461/3068 2967/3463/3070
f 2986/3464/3071 2983/3462/3069 2967/3463/3070 2959/3465/3072
f 2989/3466/3073 2986/3464/3071 2959/3465/3072 2960/3467/3074
f 2992/3468/3075 2989/3466/3073 2960/3467/3074 2951/3469/3076
f 2995/3470/3077 2992/3468/3075 2951/3469/3076 2952/3471/3078
f 2998/3472/3079 2995/3470/3077 2952/3471/3078 2968/3473/3080
f 3001/3474/3081 2998/3472/3079 2968/3473/3080 2961/3475/3082
f 3004/3476/3083 3001/3474/3081 2961/3475/3082 2962/3477/3084
f 3007/3478/3085 3004/3476/3083 2962/3477/3084 2955/3479/3086
f 3010/3480/3087 3007/3478/3085 2955/3479/3086 2956/3481/3088
f 3013/3482/3089 3010/3480/3087 2956/3481/3088 2969/3483/3090
f 3016/3484/3091 3013/3482/3089 2969/3483/3090 2963/3485/3092
f 3019/3486/3093 3016/3484/3091 2963/3485/3092 2964/3487/3094
f 3022/3488/3095 3019/3486/3093 2964/3487/3094 2957/3489/3096
f 3025/3490/3097 3022/3488/3095 2957/3489/3096 2958/3491/3098
f 3028/3492/3099 3025/3490/3097 2958/3491/3098 2970/3493/3100
f 3031/3494/3101 3028/3492/3099 2970/3493/3100 2965/3495/3102
f 2950/3461/3068 2949/3459/3066 2948/3496/3103
f 3034/3497/3104 3031/3494/3101 2965/3495/3102 2966/3498/3105
f 2972/3499/3106 3034/3497/3104 2966/3498/3105 2953/3500/3107
f 2926/3501/3108 2927/3502/3108 2928/3503/3108 2929/3504/3108 2930/3505/3108 2931/3506/3108 2932/3507/3108 2933/3508/3108 2934/3509/3108 2935/3510/3108 2936/3511/3108 2937/3512/3108 2938/3513/3108 2939/3514/3108 2940/3515/3108 2941/3516/3108 2942/3517/3108 2943/3518/3108 2944/3519/3108 2945/3520/3108 2946/3521/3108 2947/3522/3108
f 2952/3471/3078 2951/3469/3076 2948/3523/3103
f 2954/3458/3065 2953/3524/3107 2948/3525/3103
f 2956/3481/3088 2955/3479/3086 2948/3526/3103
f 2958/3491/3098 2957/3489/3096 2948/3527/3103
f 2960/3467/3074 2959/3465/3072 2948/3528/3103
f 2962/3477/3084 2961/3475/3082 2948/3529/3103
f 2964/3487/3094 2963/3485/3092 2948/3530/3103
f 2966/3498/3105 2965/3495/3102 2948/3531/3103
f 2967/3463/3070 2950/3461/3068 2948/3532/3103
f 2968/3473/3080 2952/3471/3078 2948/3533/3103
f 2969/3483/3090 2956/3481/3088 2948/3534/3103
f 2970/3493/3100 2958/3491/3098 2948/3535/3103
f 2949/3459/3066 2954/3458/3065 2948/3536/3103
f 2951/3469/3076 2960/3467/3074 2948/3537/3103
f 2955/3479/3086 2962/3477/3084 2948/3538/3103
f 2957/3489/3096 2964/3487/3094 2948/3539/3103
f 2953/3500/3107 2966/3498/3105 2948/3540/3103
f 2959/3465/3072 2967/3463/3070 2948/3541/3103
f 2961/3475/3082 2968/3473/3080 2948/3542/3103
f 2963/3485/3092 2969/3483/3090 2948/3543/3103
f 2965/3495/3102 2970/3493/3100 2948/3544/3103
f 2946/3545/3109 3032/3546/3110 3035/3453/3060 2947/3452/3059
f 2941/3547/3111 3017/3548/3112 3020/3549/3113 2942/3550/3114
f 2936/3551/3115 3002/3552/3116 3005/3553/3117 2937/3554/3118
f 2931/3555/3119 2987/3556/3120 2990/3557/3121 2932/3558/3122
f 2927/3559/3123 2975/3560/3124 2978/3561/3125 2928/3562/3126
f 2943/3563/3127 3023/3564/3128 3026/3565/3129 2944/3566/3130
f 2938/3567/3131 3008/3568/3132 3011/3569/3133 2939/3570/3134
f 2933/3571/3135 2993/3572/3136 2996/3573/3137 2934/3574/3138
f 2928/3562/3126 2978/3561/3125 2981/3575/3139 2929/3576/3140
f 2945/3577/3141 3029/3578/3142 3032/3546/3110 2946/3545/3109
f 2940/3579/3143 3014/3580/3144 3017/3548/3112 2941/3547/3111
f 2935/3581/3145 2999/3582/3146 3002/3552/3116 2936/3551/3115
f 2930/3583/3147 2984/3584/3148 2987/3556/3120 2931/3555/3119
f 2942/3550/3114 3020/3549/3113 3023/3564/3128 2943/3563/3127
f 2937/3554/3118 3005/3553/3117 3008/3568/3132 2938/3567/3131
f 2932/3558/3122 2990/3557/3121 2993/3572/3136 2933/3571/3135
f 2944/3566/3130 3026/3565/3129 3029/3578/3142 2945/3577/3141
f 2939/3570/3134 3011/3569/3133 3014/3580/3144 2940/3579/3143
f 2926/3585/3062 2971/3586/3061 2975/3560/3124 2927/3559/3123
f 2934/3574/3138 2996/3573/3137 2999/3582/3146 2935/3581/3145
f 2929/3576/3140 2981/3575/3139 2984/3584/3148 2930/3583/3147
f 2975/3560/3124 2971/3586/3061 2973/3587/3149 2976/3588/3150
f 2976/3588/3150 2973/3587/3149 2972/3589/3106 2974/3457/3064
f 2978/3561/3125 2975/3560/3124 2976/3588/3150 2979/3590/3151
f 2979/3590/3151 2976/3588/3150 2974/3457/3064 2977/3456/3063
f 2981/3575/3139 2978/3561/3125 2979/3590/3151 2982/3591/3152
f 2982/3591/3152 2979/3590/3151 2977/3456/3063 2980/3460/3067
f 2984/3584/3148 2981/3575/3139 2982/3591/3152 2985/3592/3153
f 2985/3592/3153 2982/3591/3152 2980/3460/3067 2983/3462/3069
f 2987/3556/3120 2984/3584/3148 2985/3592/3153 2988/3593/3154
f 2988/3593/3154 2985/3592/3153 2983/3462/3069 2986/3464/3071
f 2990/3557/3121 2987/3556/3120 2988/3593/3154 2991/3594/3155
f 2991/3594/3155 2988/3593/3154 2986/3464/3071 2989/3466/3073
f 2993/3572/3136 2990/3557/3121 2991/3594/3155 2994/3595/3156
f 2994/3595/3156 2991/3594/3155 2989/3466/3073 2992/3468/3075
f 2996/3573/3137 2993/3572/3136 2994/3595/3156 2997/3596/3157
f 2997/3596/3157 2994/3595/3156 2992/3468/3075 2995/3470/3077
f 2999/3582/3146 2996/3573/3137 2997/3596/3157 3000/3597/3158
f 3000/3597/3158 2997/3596/3157 2995/3470/3077 2998/3472/3079
f 3002/3552/3116 2999/3582/3146 3000/3597/3158 3003/3598/3159
f 3003/3598/3159 3000/3597/3158 2998/3472/3079 3001/3474/3081
f 3005/3553/3117 3002/3552/3116 3003/3598/3159 3006/3599/3160
f 3006/3599/3160 3003/3598/3159 3001/3474/3081 3004/3476/3083
f 3008/3568/3132 3005/3553/3117 3006/3599/3160 3009/3600/3161
f 3009/3600/3161 3006/3599/3160 3004/3476/3083 3007/3478/3085
f 3011/3569/3133 3008/3568/3132 3009/3600/3161 3012/3601/3162
f 3012/3601/3162 3009/3600/3161 3007/3478/3085 3010/3480/3087
f 3014/3580/3144 3011/3569/3133 3012/3601/3162 3015/3602/3163
f 3015/3602/3163 3012/3601/3162 3010/3480/3087 3013/3482/3089
f 3017/3548/3112 3014/3580/3144 3015/3602/3163 3018/3603/3164
f 3018/3603/3164 3015/3602/3163 3013/3482/3089 3016/3484/3091
f 3020/3549/3113 3017/3548/3112 3018/3603/3164 3021/3604/3165
f 3021/3604/3165 3018/3603/3164 3016/3484/3091 3019/3486/3093
f 3023/3564/3128 3020/3549/3113 3021/3604/3165 3024/3605/3166
f 3024/3605/3166 3021/3604/3165 3019/3486/3093 3022/3488/3095
f 3026/3565/3129 3023/3564/3128 3024/3605/3166 3027/3606/3167
f 3027/3606/3167 3024/3605/3166 3022/3488/3095 3025/3490/3097
f 3029/3578/3142 3026/3565/3129 3027/3606/3167 3030/3607/3168
f 3030/3607/3168 3027/3606/3167 3025/3490/3097 3028/3492/3099
f 3032/3546/3110 3029/3578/3142 3030/3607/3168 3033/3608/3169
f 3033/3608/3169 3030/3607/3168 3028/3492/3099 3031/3494/3101
f 3035/3453/3060 3032/3546/3110 3033/3608/3169 3036/3609/3170
f 3036/3609/3170 3033/3608/3169 3031/3494/3101 3034/3497/3104
f 2971/3454/3061 3035/3453/3060 3036/3609/3170 2973/3610/3149
f 2973/3610/3149 3036/3609/3170 3034/3497/3104 2972/3499/3106
f 2974/3457/3064 2972/3589/3106 2953/3524/3107 2954/3458/3065
o LC-PoleR_BezierCurve.007
v 0.024546 6.563530 0.687776
v 0.045627 6.564612 0.708830
v 0.053343 6.566090 0.737589
v 0.045627 6.567567 0.766348
v 0.024546 6.568648 0.787401
v -0.004251 6.569044 0.795108
v -0.033048 6.568648 0.787402
v -0.054129 6.567567 0.766348
v -0.061846 6.566090 0.737589
v -0.054129 6.564612 0.708830
v -0.033048 6.563530 0.687776
v -0.004251 6.563134 0.680070
v 0.024546 3.362247 0.696703
v 0.045627 3.362987 0.717771
v 0.053343 3.363998 0.746550
v 0.045627 3.365008 0.775330
v 0.024546 3.365748 0.796398
v -0.004251 3.366019 0.804109
v -0.033048 3.365748 0.796398
v -0.054129 3.365008 0.775330
v -0.061846 3.363998 0.746550
v -0.054129 3.362987 0.717771
v -0.033048 3.362247 0.696703
v -0.004251 3.361977 0.688991
v 0.024546 3.306529 0.699162
v 0.045627 3.307810 0.720204
v 0.053343 3.309561 0.748948
v 0.045627 3.311312 0.777692
v 0.024546 3.312594 0.798734
v -0.004251 3.313063 0.806436
v -0.033048 3.312594 0.798734
v -0.054129 3.311312 0.777692
v -0.061846 3.309561 0.748948
v -0.054129 3.307810 0.720204
v -0.033048 3.306529 0.699162
v -0.004251 3.306059 0.691460
v 0.024546 3.252699 0.703358
v 0.045627 3.254833 0.724331
v 0.053343 3.257749 0.752980
v 0.045627 3.260664 0.781629
v 0.024546 3.262799 0.802602
v -0.004251 3.263580 0.810279
v -0.033048 3.262799 0.802602
v -0.054129 3.260664 0.781630
v -0.061846 3.257749 0.752980
v -0.054129 3.254833 0.724331
v -0.033048 3.252699 0.703358
v -0.004251 3.251918 0.695682
v 0.024546 3.198861 0.710137
v 0.045627 3.202073 0.730972
v 0.053343 3.206460 0.759433
v 0.045627 3.210847 0.787894
v 0.024546 3.214059 0.808729
v -0.004251 3.215235 0.816355
v -0.033048 3.214059 0.808729
v -0.054129 3.210847 0.787894
v -0.061846 3.206460 0.759433
v -0.054129 3.202073 0.730972
v -0.033048 3.198861 0.710137
v -0.004251 3.197686 0.702511
v 0.024546 3.143255 0.720298
v 0.045627 3.147625 0.740921
v 0.053343 3.153595 0.769093
v 0.045627 3.159565 0.797265
v 0.024546 3.163935 0.817888
v -0.004251 3.165535 0.825436
v -0.033048 3.163935 0.817888
v -0.054129 3.159565 0.797265
v -0.061846 3.153595 0.769093
v -0.054129 3.147625 0.740921
v -0.033048 3.143255 0.720298
v -0.004251 3.141655 0.712750
v 0.024546 3.084123 0.734572
v 0.045627 3.089588 0.754932
v 0.053343 3.097054 0.782745
v 0.045627 3.104519 0.810558
v 0.024546 3.109984 0.830918
v -0.004251 3.111984 0.838370
v -0.033048 3.109984 0.830918
v -0.054129 3.104519 0.810558
v -0.061846 3.097054 0.782745
v -0.054129 3.089588 0.754932
v -0.033048 3.084123 0.734572
v -0.004251 3.082123 0.727120
v 0.024546 3.019593 0.753651
v 0.045627 3.025993 0.773737
v 0.053343 3.034735 0.801175
v 0.045627 3.043478 0.828613
v 0.024546 3.049878 0.848699
v -0.004251 3.052221 0.856051
v -0.033048 3.049878 0.848700
v -0.054129 3.043478 0.828613
v -0.061846 3.034735 0.801175
v -0.054129 3.025993 0.773737
v -0.033048 3.019593 0.753651
v -0.004251 3.017250 0.746299
v 0.024546 2.947643 0.778241
v 0.045627 2.954785 0.798076
v 0.053343 2.964540 0.825170
v 0.045627 2.974296 0.852265
v 0.024546 2.981437 0.872099
v -0.004251 2.984051 0.879359
v -0.033048 2.981437 0.872099
v -0.054129 2.974296 0.852265
v -0.061846 2.964540 0.825170
v -0.054129 2.954785 0.798076
v -0.033048 2.947643 0.778241
v -0.004251 2.945029 0.770981
v 0.024546 2.866954 0.808775
v 0.045627 2.874315 0.828530
v 0.053343 2.884368 0.855515
v 0.045627 2.894423 0.882500
v 0.024546 2.901783 0.902255
v -0.004251 2.904477 0.909485
v -0.033048 2.901783 0.902255
v -0.054129 2.894423 0.882500
v -0.061846 2.884368 0.855515
v -0.054129 2.874314 0.828530
v -0.033048 2.866954 0.808775
v -0.004251 2.864260 0.801545
v 0.024546 2.786198 0.838407
v 0.045627 2.792906 0.858392
v 0.053343 2.802071 0.885692
v 0.045627 2.811235 0.912992
v 0.024546 2.817943 0.932977
v -0.004251 2.820399 0.940292
v -0.033048 2.817943 0.932977
v -0.054129 2.811235 0.912992
v -0.061846 2.802071 0.885692
v -0.054129 2.792906 0.858392
v -0.033048 2.786198 0.838407
v -0.004251 2.783742 0.831092
v 0.024546 2.712104 0.861031
v 0.045627 2.717612 0.881380
v 0.053343 2.725137 0.909176
v 0.045627 2.732661 0.936973
v 0.024546 2.738169 0.957322
v -0.004251 2.740185 0.964770
v -0.033048 2.738169 0.957322
v -0.054129 2.732661 0.936973
v -0.061846 2.725137 0.909177
v -0.054129 2.717612 0.881380
v -0.033048 2.712104 0.861031
v -0.004251 2.710088 0.853583
v 0.024546 2.641052 0.877852
v 0.045627 2.645225 0.898516
v 0.053343 2.650925 0.926744
v 0.045627 2.656625 0.954971
v 0.024546 2.660798 0.975635
v -0.004251 2.662325 0.983199
v -0.033048 2.660798 0.975635
v -0.054129 2.656625 0.954971
v -0.061846 2.650925 0.926744
v -0.054129 2.645225 0.898516
v -0.033048 2.641052 0.877852
v -0.004251 2.639524 0.870289
v 0.024546 2.570062 0.889748
v 0.045627 2.572907 0.910636
v 0.053343 2.576794 0.939170
v 0.045627 2.580681 0.967703
v 0.024546 2.583527 0.988591
v -0.004251 2.584568 0.996237
v -0.033048 2.583527 0.988591
v -0.054129 2.580681 0.967703
v -0.061846 2.576794 0.939170
v -0.054129 2.572907 0.910636
v -0.033048 2.570062 0.889748
v -0.004251 2.569020 0.882102
v 0.024546 2.496136 0.897509
v 0.045627 2.497813 0.918523
v 0.053343 2.500103 0.947229
v 0.045627 2.502393 0.975935
v 0.024546 2.504070 0.996949
v -0.004251 2.504683 1.004641
v -0.033048 2.504070 0.996949
v -0.054129 2.502393 0.975935
v -0.061846 2.500103 0.947229
v -0.054129 2.497813 0.918523
v -0.033048 2.496136 0.897509
v -0.004251 2.495523 0.889817
v 0.024546 2.416391 0.901853
v 0.045627 2.417160 0.922920
v 0.053343 2.418210 0.951698
v 0.045627 2.419260 0.980476
v 0.024546 2.420028 1.001543
v -0.004251 2.420310 1.009254
v -0.033048 2.420028 1.001543
v -0.054129 2.419260 0.980476
v -0.061846 2.418210 0.951698
v -0.054129 2.417160 0.922920
v -0.033048 2.416391 0.901853
v -0.004251 2.416110 0.894142
v 0.024546 2.328110 0.903475
v 0.045627 2.328263 0.924555
v 0.053343 2.328473 0.953352
v 0.045627 2.328683 0.982148
v 0.024546 2.328836 1.003229
v -0.004251 2.328893 1.010945
v -0.033048 2.328836 1.003229
v -0.054129 2.328683 0.982148
v -0.061846 2.328473 0.953352
v -0.054129 2.328263 0.924555
v -0.033048 2.328110 0.903475
v -0.004251 2.328053 0.895759
v 0.024546 0.988192 0.896657
v 0.045627 0.988192 0.917738
v 0.053343 0.988192 0.946535
v 0.045627 0.988192 0.975333
v 0.024546 0.988192 0.996414
v -0.004251 0.988192 1.004130
v -0.033048 0.988192 0.996414
v -0.054129 0.988192 0.975333
v -0.061846 0.988192 0.946535
v -0.054129 0.988192 0.917738
v -0.033048 0.988192 0.896657
v -0.004251 0.988192 0.888941
vt 0.000000 1.000000
vt 0.166667 1.000000
vt 0.166667 0.916667
vt 0.000000 0.916667
vt 0.000000 0.083333
vt 0.166667 0.083333
vt 0.166667 0.000000
vt 0.000000 0.000000
vt 0.000000 0.166667
vt 0.166667 0.166667
vt 0.000000 0.250000
vt 0.166667 0.250000
vt 0.000000 0.333333
vt 0.166667 0.333333
vt 0.000000 0.416667
vt 0.166667 0.416667
vt 0.000000 0.500000
vt 0.166667 0.500000
vt 0.000000 0.583333
vt 0.166667 0.583333
vt 0.000000 0.666667
vt 0.166667 0.666667
vt 0.000000 0.750000
vt 0.166667 0.750000
vt 0.000000 0.833333
vt 0.166667 0.833333
vt 0.208333 1.000000
vt 0.208333 0.916667
vt 0.208333 0.083333
vt 0.208333 0.000000
vt 0.208333 0.166667
vt 0.208333 0.250000
vt 0.208333 0.333333
vt 0.208333 0.416667
vt 0.208333 0.500000
vt 0.208333 0.583333
vt 0.208333 0.666667
vt 0.208333 0.750000
vt 0.208333 0.833333
vt 0.250000 1.000000
vt 0.250000 0.916667
vt 0.250000 0.083333
vt 0.250000 0.000000
vt 0.250000 0.166667
vt 0.250000 0.250000
vt 0.250000 0.333333
vt 0.250000 0.416667
vt 0.250000 0.500000
vt 0.250000 0.583333
vt 0.250000 0.666667
vt 0.250000 0.750000
vt 0.250000 0.833333
vt 0.291667 1.000000
vt 0.291667 0.916667
vt 0.291667 0.083333
vt 0.291667 0.000000
vt 0.291667 0.166667
vt 0.291667 0.250000
vt 0.291667 0.333333
vt 0.291667 0.416667
vt 0.291667 0.500000
vt 0.291667 0.583333
vt 0.291667 0.666667
vt 0.291667 0.750000
vt 0.291667 0.833333
vt 0.333333 1.000000
vt 0.333333 0.916667
vt 0.333333 0.083333
vt 0.333333 0.000000
vt 0.333333 0.166667
vt 0.333333 0.250000
vt 0.333333 0.333333
vt 0.333333 0.416667
vt 0.333333 0.500000
vt 0.333333 0.583333
vt 0.333333 0.666667
vt 0.333333 0.750000
vt 0.333333 0.833333
vt 0.375000 1.000000
vt 0.375000 0.916667
vt 0.375000 0.083333
vt 0.375000 0.000000
vt 0.375000 0.166667
vt 0.375000 0.250000
vt 0.375000 0.333333
vt 0.375000 0.416667
vt 0.375000 0.500000
vt 0.375000 0.583333
vt 0.375000 0.666667
vt 0.375000 0.750000
vt 0.375000 0.833333
vt 0.416667 1.000000
vt 0.416667 0.916667
vt 0.416667 0.083333
vt 0.416667 0.000000
vt 0.416667 0.166667
vt 0.416667 0.250000
vt 0.416667 0.333333
vt 0.416667 0.416667
vt 0.416667 0.500000
vt 0.416667 0.583333
vt 0.416667 0.666667
vt 0.416667 0.750000
vt 0.416667 0.833333
vt 0.458333 1.000000
vt 0.458333 0.916667
vt 0.458333 0.083333
vt 0.458333 0.000000
vt 0.458333 0.166667
vt 0.458333 0.250000
vt 0.458333 0.333333
vt 0.458333 0.416667
vt 0.458333 0.500000
vt 0.458333 0.583333
vt 0.458333 0.666667
vt 0.458333 0.750000
vt 0.458333 0.833333
vt 0.500000 1.000000
vt 0.500000 0.916667
vt 0.500000 0.083333
vt 0.500000 0.000000
vt 0.500000 0.166667
vt 0.500000 0.250000
vt 0.500000 0.333333
vt 0.500000 0.416667
vt 0.500000 0.500000
vt 0.500000 0.583333
vt 0.500000 0.666667
vt 0.500000 0.750000
vt 0.500000 0.833333
vt 0.541667 1.000000
vt 0.541667 0.916667
vt 0.541667 0.083333
vt 0.541667 0.000000
vt 0.541667 0.166667
vt 0.541667 0.250000
vt 0.541667 0.333333
vt 0.541667 0.416667
vt 0.541667 0.500000
vt 0.541667 0.583333
vt 0.541667 0.666667
vt 0.541667 0.750000
vt 0.541667 0.833333
vt 0.583333 1.000000
vt 0.583333 0.916667
vt 0.583333 0.083333
vt 0.583333 0.000000
vt 0.583333 0.166667
vt 0.583333 0.250000
vt 0.583333 0.333333
vt 0.583333 0.416667
vt 0.583333 0.500000
vt 0.583333 0.583333
vt 0.583333 0.666667
vt 0.583333 0.750000
vt 0.583333 0.833333
vt 0.625000 1.000000
vt 0.625000 0.916667
vt 0.625000 0.083333
vt 0.625000 0.000000
vt 0.625000 0.166667
vt 0.625000 0.250000
vt 0.625000 0.333333
vt 0.625000 0.416667
vt 0.625000 0.500000
vt 0.625000 0.583333
vt 0.625000 0.666667
vt 0.625000 0.750000
vt 0.625000 0.833333
vt 0.666667 1.000000
vt 0.666667 0.916667
vt 0.666667 0.083333
vt 0.666667 0.000000
vt 0.666667 0.166667
vt 0.666667 0.250000
vt 0.666667 0.333333
vt 0.666667 0.416667
vt 0.666667 0.500000
vt 0.666667 0.583333
vt 0.666667 0.666667
vt 0.666667 0.750000
vt 0.666667 0.833333
vt 0.708333 1.000000
vt 0.708333 0.916667
vt 0.708333 0.083333
vt 0.708333 0.000000
vt 0.708333 0.166667
vt 0.708333 0.250000
vt 0.708333 0.333333
vt 0.708333 0.416667
vt 0.708333 0.500000
vt 0.708333 0.583333
vt 0.708333 0.666667
vt 0.708333 0.750000
vt 0.708333 0.833333
vt 0.750000 1.000000
vt 0.750000 0.916667
vt 0.750000 0.083333
vt 0.750000 0.000000
vt 0.750000 0.166667
vt 0.750000 0.250000
vt 0.750000 0.333333
vt 0.750000 0.416667
vt 0.750000 0.500000
vt 0.750000 0.583333
vt 0.750000 0.666667
vt 0.750000 0.750000
vt 0.750000 0.833333
vt 0.791667 1.000000
vt 0.791667 0.916667
vt 0.791667 0.083333
vt 0.791667 0.000000
vt 0.791667 0.166667
vt 0.791667 0.250000
vt 0.791667 0.333333
vt 0.791667 0.416667
vt 0.791667 0.500000
vt 0.791667 0.583333
vt 0.791667 0.666667
vt 0.791667 0.750000
vt 0.791667 0.833333
vt 1.000000 1.000000
vt 1.000000 0.916667
vt 1.000000 0.083333
vt 1.000000 0.000000
vt 1.000000 0.166667
vt 1.000000 0.250000
vt 1.000000 0.333333
vt 1.000000 0.416667
vt 1.000000 0.500000
vt 1.000000 0.583333
vt 1.000000 0.666667
vt 1.000000 0.750000
vt 1.000000 0.833333
vn 0.5031 -0.0024 -0.8642
vn 0.4984 -0.0203 -0.8667
vn 0.0000 -0.0235 -0.9997
vn 0.0000 -0.0028 -1.0000
vn 0.8693 -0.0014 -0.4943
vn 0.8645 -0.0117 -0.5025
vn 0.9999 0.0000 0.0080
vn 1.0000 -0.0000 -0.0034
vn 0.8624 0.0014 0.5063
vn 0.8674 0.0116 0.4974
vn 0.4962 0.0024 0.8682
vn 0.5014 0.0202 0.8650
vn 0.0000 0.0028 1.0000
vn 0.0000 0.0233 0.9997
vn -0.4962 0.0024 0.8682
vn -0.5014 0.0202 0.8650
vn -0.8624 0.0014 0.5063
vn -0.8674 0.0116 0.4974
vn -0.9999 0.0000 0.0080
vn -1.0000 -0.0000 -0.0034
vn -0.8693 -0.0014 -0.4943
vn -0.8645 -0.0117 -0.5025
vn -0.5031 -0.0024 -0.8642
vn -0.4984 -0.0203 -0.8667
vn 0.4988 -0.0528 -0.8651
vn 0.0000 -0.0609 -0.9981
vn 0.8648 -0.0305 -0.5011
vn 1.0000 -0.0002 -0.0027
vn 0.8672 0.0302 0.4970
vn 0.5012 0.0525 0.8637
vn 0.0000 0.0607 0.9981
vn -0.5012 0.0525 0.8637
vn -0.8672 0.0302 0.4970
vn -1.0000 -0.0002 -0.0027
vn -0.8648 -0.0305 -0.5011
vn -0.4988 -0.0528 -0.8651
vn 0.4983 -0.0879 -0.8625
vn 0.0000 -0.1014 -0.9948
vn 0.8643 -0.0509 -0.5003
vn 1.0000 -0.0004 -0.0039
vn 0.8677 0.0503 0.4945
vn 0.5017 0.0875 0.8606
vn 0.0000 0.1011 0.9949
vn -0.5017 0.0875 0.8606
vn -0.8677 0.0503 0.4945
vn -1.0000 -0.0004 -0.0039
vn -0.8643 -0.0509 -0.5003
vn -0.4983 -0.0879 -0.8625
vn 0.4980 -0.1321 -0.8570
vn 0.0000 -0.1524 -0.9883
vn 0.8640 -0.0767 -0.4975
vn 1.0000 -0.0007 -0.0045
vn 0.8680 0.0756 0.4907
vn 0.5020 0.1317 0.8548
vn 0.0000 0.1523 0.9883
vn -0.5020 0.1317 0.8548
vn -0.8680 0.0756 0.4907
vn -1.0000 -0.0007 -0.0045
vn -0.8640 -0.0767 -0.4975
vn -0.4980 -0.1321 -0.8570
vn 0.4980 -0.1797 -0.8483
vn 0.0000 -0.2073 -0.9783
vn 0.8640 -0.1043 -0.4925
vn 1.0000 -0.0009 -0.0045
vn 0.8680 0.1029 0.4857
vn 0.5020 0.1793 0.8460
vn 0.0000 0.2073 0.9782
vn -0.5020 0.1793 0.8460
vn -0.8680 0.1029 0.4857
vn -1.0000 -0.0009 -0.0045
vn -0.8640 -0.1043 -0.4925
vn -0.4980 -0.1797 -0.8483
vn 0.4982 -0.2247 -0.8374
vn 0.0000 -0.2592 -0.9658
vn 0.8642 -0.1304 -0.4859
vn 1.0000 -0.0011 -0.0040
vn 0.8678 0.1288 0.4798
vn 0.5018 0.2243 0.8354
vn 0.0000 0.2593 0.9658
vn -0.5018 0.2243 0.8354
vn -0.8678 0.1288 0.4798
vn -1.0000 -0.0011 -0.0040
vn -0.8642 -0.1304 -0.4859
vn -0.4982 -0.2247 -0.8374
vn 0.4985 -0.2631 -0.8260
vn 0.0000 -0.3035 -0.9528
vn 0.8645 -0.1525 -0.4788
vn 1.0000 -0.0010 -0.0033
vn 0.8675 0.1510 0.4739
vn 0.5015 0.2627 0.8243
vn 0.0000 0.3037 0.9528
vn -0.5015 0.2627 0.8243
vn -0.8675 0.1510 0.4739
vn -1.0000 -0.0010 -0.0033
vn -0.8645 -0.1525 -0.4788
vn -0.4985 -0.2631 -0.8260
vn 0.4988 -0.2935 -0.8155
vn 0.0000 -0.3387 -0.9409
vn 0.8649 -0.1700 -0.4723
vn 1.0000 -0.0009 -0.0025
vn 0.8672 0.1687 0.4685
vn 0.5011 0.2932 0.8141
vn 0.0000 0.3388 0.9408
vn -0.5011 0.2932 0.8141
vn -0.8672 0.1687 0.4685
vn -1.0000 -0.0009 -0.0025
vn -0.8649 -0.1700 -0.4723
vn -0.4988 -0.2935 -0.8155
vn 0.5003 -0.3023 -0.8113
vn 0.0000 -0.3492 -0.9370
vn 0.8664 -0.1744 -0.4680
vn 1.0000 0.0003 0.0008
vn 0.8656 0.1748 0.4692
vn 0.4996 0.3024 0.8118
vn 0.0000 0.3490 0.9371
vn -0.4996 0.3024 0.8118
vn -0.8656 0.1748 0.4692
vn -1.0000 0.0003 0.0008
vn -0.8664 -0.1744 -0.4680
vn -0.5003 -0.3023 -0.8113
vn 0.5020 -0.2753 -0.8198
vn 0.0000 -0.3184 -0.9479
vn 0.8680 -0.1581 -0.4707
vn 1.0000 0.0014 0.0043
vn 0.8641 0.1601 0.4772
vn 0.4981 0.2758 0.8221
vn 0.0000 0.3181 0.9481
vn -0.4981 0.2758 0.8221
vn -0.8640 0.1601 0.4772
vn -1.0000 0.0014 0.0043
vn -0.8680 -0.1581 -0.4707
vn -0.5020 -0.2753 -0.8198
vn 0.5023 -0.2260 -0.8346
vn 0.0000 -0.2613 -0.9652
vn 0.8683 -0.1296 -0.4788
vn 1.0000 0.0013 0.0051
vn 0.8637 0.1316 0.4864
vn 0.4977 0.2266 0.8372
vn 0.0000 0.2612 0.9653
vn -0.4977 0.2266 0.8372
vn -0.8637 0.1316 0.4864
vn -1.0000 0.0013 0.0051
vn -0.8683 -0.1296 -0.4788
vn -0.5023 -0.2260 -0.8346
vn 0.5024 -0.1711 -0.8475
vn 0.0000 -0.1979 -0.9802
vn 0.8684 -0.0981 -0.4860
vn 1.0000 0.0011 0.0053
vn 0.8636 0.0998 0.4941
vn 0.4976 0.1717 0.8502
vn 0.0000 0.1979 0.9802
vn -0.4976 0.1717 0.8502
vn -0.8636 0.0998 0.4941
vn -1.0000 0.0011 0.0053
vn -0.8684 -0.0981 -0.4860
vn -0.5024 -0.1711 -0.8475
vn 0.5022 -0.1166 -0.8568
vn 0.0000 -0.1349 -0.9908
vn 0.8682 -0.0669 -0.4916
vn 1.0000 0.0007 0.0050
vn 0.8638 0.0680 0.4991
vn 0.4978 0.1171 0.8593
vn 0.0000 0.1350 0.9908
vn -0.4978 0.1171 0.8593
vn -0.8638 0.0680 0.4991
vn -1.0000 0.0007 0.0050
vn -0.8682 -0.0669 -0.4916
vn -0.5022 -0.1166 -0.8568
vn 0.5018 -0.0687 -0.8622
vn 0.0000 -0.0794 -0.9968
vn 0.8678 -0.0395 -0.4953
vn 1.0000 0.0003 0.0041
vn 0.8642 0.0400 0.5015
vn 0.4982 0.0690 0.8643
vn 0.0000 0.0796 0.9968
vn -0.4982 0.0690 0.8643
vn -0.8642 0.0400 0.5015
vn -1.0000 0.0003 0.0041
vn -0.8678 -0.0395 -0.4953
vn -0.5018 -0.0687 -0.8622
vn 0.5013 -0.0315 -0.8647
vn 0.0000 -0.0364 -0.9993
vn 0.8673 -0.0181 -0.4974
vn 1.0000 0.0001 0.0030
vn 0.8647 0.0183 0.5019
vn 0.4987 0.0316 0.8662
vn 0.0000 0.0365 0.9993
vn -0.4987 0.0316 0.8662
vn -0.8647 0.0183 0.5019
vn -1.0000 0.0001 0.0030
vn -0.8673 -0.0181 -0.4974
vn -0.5013 -0.0315 -0.8647
vn 0.5008 -0.0057 -0.8655
vn 0.0000 -0.0066 -1.0000
vn 0.8668 -0.0033 -0.4985
vn 1.0000 0.0000 0.0019
vn 0.8652 0.0033 0.5014
vn 0.4991 0.0058 0.8665
vn 0.0000 0.0067 1.0000
vn -0.4991 0.0058 0.8665
vn -0.8652 0.0033 0.5014
vn -1.0000 0.0000 0.0019
vn -0.8668 -0.0033 -0.4985
vn -0.5008 -0.0057 -0.8655
vn 0.4996 0.0044 -0.8662
vn 0.0000 0.0051 -1.0000
vn 0.8656 0.0025 -0.5006
vn 1.0000 0.0000 -0.0008
vn 0.8664 -0.0025 0.4994
vn 0.5003 -0.0044 0.8658
vn 0.0000 -0.0051 1.0000
vn -0.5003 -0.0044 0.8658
vn -0.8664 -0.0025 0.4994
vn -1.0000 0.0000 -0.0008
vn -0.8656 0.0025 -0.5006
vn -0.4996 0.0044 -0.8662
usemtl None
s 1
f 3037/3611/3171 3049/3612/3172 3060/3613/3173 3048/3614/3174
f 3038/3615/3175 3050/3616/3176 3049/3617/3172 3037/3618/3171
f 3039/3619/3177 3051/3620/3178 3050/3616/3176 3038/3615/3175
f 3040/3621/3179 3052/3622/3180 3051/3620/3178 3039/3619/3177
f 3041/3623/3181 3053/3624/3182 3052/3622/3180 3040/3621/3179
f 3042/3625/3183 3054/3626/3184 3053/3624/3182 3041/3623/3181
f 3043/3627/3185 3055/3628/3186 3054/3626/3184 3042/3625/3183
f 3044/3629/3187 3056/3630/3188 3055/3628/3186 3043/3627/3185
f 3045/3631/3189 3057/3632/3190 3056/3630/3188 3044/3629/3187
f 3046/3633/3191 3058/3634/3192 3057/3632/3190 3045/3631/3189
f 3047/3635/3193 3059/3636/3194 3058/3634/3192 3046/3633/3191
f 3048/3614/3174 3060/3613/3173 3059/3636/3194 3047/3635/3193
f 3049/3612/3172 3061/3637/3195 3072/3638/3196 3060/3613/3173
f 3050/3616/3176 3062/3639/3197 3061/3640/3195 3049/3617/3172
f 3051/3620/3178 3063/3641/3198 3062/3639/3197 3050/3616/3176
f 3052/3622/3180 3064/3642/3199 3063/3641/3198 3051/3620/3178
f 3053/3624/3182 3065/3643/3200 3064/3642/3199 3052/3622/3180
f 3054/3626/3184 3066/3644/3201 3065/3643/3200 3053/3624/3182
f 3055/3628/3186 3067/3645/3202 3066/3644/3201 3054/3626/3184
f 3056/3630/3188 3068/3646/3203 3067/3645/3202 3055/3628/3186
f 3057/3632/3190 3069/3647/3204 3068/3646/3203 3056/3630/3188
f 3058/3634/3192 3070/3648/3205 3069/3647/3204 3057/3632/3190
f 3059/3636/3194 3071/3649/3206 3070/3648/3205 3058/3634/3192
f 3060/3613/3173 3072/3638/3196 3071/3649/3206 3059/3636/3194
f 3061/3637/3195 3073/3650/3207 3084/3651/3208 3072/3638/3196
f 3062/3639/3197 3074/3652/3209 3073/3653/3207 3061/3640/3195
f 3063/3641/3198 3075/3654/3210 3074/3652/3209 3062/3639/3197
f 3064/3642/3199 3076/3655/3211 3075/3654/3210 3063/3641/3198
f 3065/3643/3200 3077/3656/3212 3076/3655/3211 3064/3642/3199
f 3066/3644/3201 3078/3657/3213 3077/3656/3212 3065/3643/3200
f 3067/3645/3202 3079/3658/3214 3078/3657/3213 3066/3644/3201
f 3068/3646/3203 3080/3659/3215 3079/3658/3214 3067/3645/3202
f 3069/3647/3204 3081/3660/3216 3080/3659/3215 3068/3646/3203
f 3070/3648/3205 3082/3661/3217 3081/3660/3216 3069/3647/3204
f 3071/3649/3206 3083/3662/3218 3082/3661/3217 3070/3648/3205
f 3072/3638/3196 3084/3651/3208 3083/3662/3218 3071/3649/3206
f 3073/3650/3207 3085/3663/3219 3096/3664/3220 3084/3651/3208
f 3074/3652/3209 3086/3665/3221 3085/3666/3219 3073/3653/3207
f 3075/3654/3210 3087/3667/3222 3086/3665/3221 3074/3652/3209
f 3076/3655/3211 3088/3668/3223 3087/3667/3222 3075/3654/3210
f 3077/3656/3212 3089/3669/3224 3088/3668/3223 3076/3655/3211
f 3078/3657/3213 3090/3670/3225 3089/3669/3224 3077/3656/3212
f 3079/3658/3214 3091/3671/3226 3090/3670/3225 3078/3657/3213
f 3080/3659/3215 3092/3672/3227 3091/3671/3226 3079/3658/3214
f 3081/3660/3216 3093/3673/3228 3092/3672/3227 3080/3659/3215
f 3082/3661/3217 3094/3674/3229 3093/3673/3228 3081/3660/3216
f 3083/3662/3218 3095/3675/3230 3094/3674/3229 3082/3661/3217
f 3084/3651/3208 3096/3664/3220 3095/3675/3230 3083/3662/3218
f 3085/3663/3219 3097/3676/3231 3108/3677/3232 3096/3664/3220
f 3086/3665/3221 3098/3678/3233 3097/3679/3231 3085/3666/3219
f 3087/3667/3222 3099/3680/3234 3098/3678/3233 3086/3665/3221
f 3088/3668/3223 3100/3681/3235 3099/3680/3234 3087/3667/3222
f 3089/3669/3224 3101/3682/3236 3100/3681/3235 3088/3668/3223
f 3090/3670/3225 3102/3683/3237 3101/3682/3236 3089/3669/3224
f 3091/3671/3226 3103/3684/3238 3102/3683/3237 3090/3670/3225
f 3092/3672/3227 3104/3685/3239 3103/3684/3238 3091/3671/3226
f 3093/3673/3228 3105/3686/3240 3104/3685/3239 3092/3672/3227
f 3094/3674/3229 3106/3687/3241 3105/3686/3240 3093/3673/3228
f 3095/3675/3230 3107/3688/3242 3106/3687/3241 3094/3674/3229
f 3096/3664/3220 3108/3677/3232 3107/3688/3242 3095/3675/3230
f 3097/3676/3231 3109/3689/3243 3120/3690/3244 3108/3677/3232
f 3098/3678/3233 3110/3691/3245 3109/3692/3243 3097/3679/3231
f 3099/3680/3234 3111/3693/3246 3110/3691/3245 3098/3678/3233
f 3100/3681/3235 3112/3694/3247 3111/3693/3246 3099/3680/3234
f 3101/3682/3236 3113/3695/3248 3112/3694/3247 3100/3681/3235
f 3102/3683/3237 3114/3696/3249 3113/3695/3248 3101/3682/3236
f 3103/3684/3238 3115/3697/3250 3114/3696/3249 3102/3683/3237
f 3104/3685/3239 3116/3698/3251 3115/3697/3250 3103/3684/3238
f 3105/3686/3240 3117/3699/3252 3116/3698/3251 3104/3685/3239
f 3106/3687/3241 3118/3700/3253 3117/3699/3252 3105/3686/3240
f 3107/3688/3242 3119/3701/3254 3118/3700/3253 3106/3687/3241
f 3108/3677/3232 3120/3690/3244 3119/3701/3254 3107/3688/3242
f 3109/3689/3243 3121/3702/3255 3132/3703/3256 3120/3690/3244
f 3110/3691/3245 3122/3704/3257 3121/3705/3255 3109/3692/3243
f 3111/3693/3246 3123/3706/3258 3122/3704/3257 3110/3691/3245
f 3112/3694/3247 3124/3707/3259 3123/3706/3258 3111/3693/3246
f 3113/3695/3248 3125/3708/3260 3124/3707/3259 3112/3694/3247
f 3114/3696/3249 3126/3709/3261 3125/3708/3260 3113/3695/3248
f 3115/3697/3250 3127/3710/3262 3126/3709/3261 3114/3696/3249
f 3116/3698/3251 3128/3711/3263 3127/3710/3262 3115/3697/3250
f 3117/3699/3252 3129/3712/3264 3128/3711/3263 3116/3698/3251
f 3118/3700/3253 3130/3713/3265 3129/3712/3264 3117/3699/3252
f 3119/3701/3254 3131/3714/3266 3130/3713/3265 3118/3700/3253
f 3120/3690/3244 3132/3703/3256 3131/3714/3266 3119/3701/3254
f 3121/3702/3255 3133/3715/3267 3144/3716/3268 3132/3703/3256
f 3122/3704/3257 3134/3717/3269 3133/3718/3267 3121/3705/3255
f 3123/3706/3258 3135/3719/3270 3134/3717/3269 3122/3704/3257
f 3124/3707/3259 3136/3720/3271 3135/3719/3270 3123/3706/3258
f 3125/3708/3260 3137/3721/3272 3136/3720/3271 3124/3707/3259
f 3126/3709/3261 3138/3722/3273 3137/3721/3272 3125/3708/3260
f 3127/3710/3262 3139/3723/3274 3138/3722/3273 3126/3709/3261
f 3128/3711/3263 3140/3724/3275 3139/3723/3274 3127/3710/3262
f 3129/3712/3264 3141/3725/3276 3140/3724/3275 3128/3711/3263
f 3130/3713/3265 3142/3726/3277 3141/3725/3276 3129/3712/3264
f 3131/3714/3266 3143/3727/3278 3142/3726/3277 3130/3713/3265
f 3132/3703/3256 3144/3716/3268 3143/3727/3278 3131/3714/3266
f 3133/3715/3267 3145/3728/3279 3156/3729/3280 3144/3716/3268
f 3134/3717/3269 3146/3730/3281 3145/3731/3279 3133/3718/3267
f 3135/3719/3270 3147/3732/3282 3146/3730/3281 3134/3717/3269
f 3136/3720/3271 3148/3733/3283 3147/3732/3282 3135/3719/3270
f 3137/3721/3272 3149/3734/3284 3148/3733/3283 3136/3720/3271
f 3138/3722/3273 3150/3735/3285 3149/3734/3284 3137/3721/3272
f 3139/3723/3274 3151/3736/3286 3150/3735/3285 3138/3722/3273
f 3140/3724/3275 3152/3737/3287 3151/3736/3286 3139/3723/3274
f 3141/3725/3276 3153/3738/3288 3152/3737/3287 3140/3724/3275
f 3142/3726/3277 3154/3739/3289 3153/3738/3288 3141/3725/3276
f 3143/3727/3278 3155/3740/3290 3154/3739/3289 3142/3726/3277
f 3144/3716/3268 3156/3729/3280 3155/3740/3290 3143/3727/3278
f 3145/3728/3279 3157/3741/3291 3168/3742/3292 3156/3729/3280
f 3146/3730/3281 3158/3743/3293 3157/3744/3291 3145/3731/3279
f 3147/3732/3282 3159/3745/3294 3158/3743/3293 3146/3730/3281
f 3148/3733/3283 3160/3746/3295 3159/3745/3294 3147/3732/3282
f 3149/3734/3284 3161/3747/3296 3160/3746/3295 3148/3733/3283
f 3150/3735/3285 3162/3748/3297 3161/3747/3296 3149/3734/3284
f 3151/3736/3286 3163/3749/3298 3162/3748/3297 3150/3735/3285
f 3152/3737/3287 3164/3750/3299 3163/3749/3298 3151/3736/3286
f 3153/3738/3288 3165/3751/3300 3164/3750/3299 3152/3737/3287
f 3154/3739/3289 3166/3752/3301 3165/3751/3300 3153/3738/3288
f 3155/3740/3290 3167/3753/3302 3166/3752/3301 3154/3739/3289
f 3156/3729/3280 3168/3742/3292 3167/3753/3302 3155/3740/3290
f 3157/3741/3291 3169/3754/3303 3180/3755/3304 3168/3742/3292
f 3158/3743/3293 3170/3756/3305 3169/3757/3303 3157/3744/3291
f 3159/3745/3294 3171/3758/3306 3170/3756/3305 3158/3743/3293
f 3160/3746/3295 3172/3759/3307 3171/3758/3306 3159/3745/3294
f 3161/3747/3296 3173/3760/3308 3172/3759/3307 3160/3746/3295
f 3162/3748/3297 3174/3761/3309 3173/3760/3308 3161/3747/3296
f 3163/3749/3298 3175/3762/3310 3174/3761/3309 3162/3748/3297
f 3164/3750/3299 3176/3763/3311 3175/3762/3310 3163/3749/3298
f 3165/3751/3300 3177/3764/3312 3176/3763/3311 3164/3750/3299
f 3166/3752/3301 3178/3765/3313 3177/3764/3312 3165/3751/3300
f 3167/3753/3302 3179/3766/3314 3178/3765/3313 3166/3752/3301
f 3168/3742/3292 3180/3755/3304 3179/3766/3314 3167/3753/3302
f 3169/3754/3303 3181/3767/3315 3192/3768/3316 3180/3755/3304
f 3170/3756/3305 3182/3769/3317 3181/3770/3315 3169/3757/3303
f 3171/3758/3306 3183/3771/3318 3182/3769/3317 3170/3756/3305
f 3172/3759/3307 3184/3772/3319 3183/3771/3318 3171/3758/3306
f 3173/3760/3308 3185/3773/3320 3184/3772/3319 3172/3759/3307
f 3174/3761/3309 3186/3774/3321 3185/3773/3320 3173/3760/3308
f 3175/3762/3310 3187/3775/3322 3186/3774/3321 3174/3761/3309
f 3176/3763/3311 3188/3776/3323 3187/3775/3322 3175/3762/3310
f 3177/3764/3312 3189/3777/3324 3188/3776/3323 3176/3763/3311
f 3178/3765/3313 3190/3778/3325 3189/3777/3324 3177/3764/3312
f 3179/3766/3314 3191/3779/3326 3190/3778/3325 3178/3765/3313
f 3180/3755/3304 3192/3768/3316 3191/3779/3326 3179/3766/3314
f 3181/3767/3315 3193/3780/3327 3204/3781/3328 3192/3768/3316
f 3182/3769/3317 3194/3782/3329 3193/3783/3327 3181/3770/3315
f 3183/3771/3318 3195/3784/3330 3194/3782/3329 3182/3769/3317
f 3184/3772/3319 3196/3785/3331 3195/3784/3330 3183/3771/3318
f 3185/3773/3320 3197/3786/3332 3196/3785/3331 3184/3772/3319
f 3186/3774/3321 3198/3787/3333 3197/3786/3332 3185/3773/3320
f 3187/3775/3322 3199/3788/3334 3198/3787/3333 3186/3774/3321
f 3188/3776/3323 3200/3789/3335 3199/3788/3334 3187/3775/3322
f 3189/3777/3324 3201/3790/3336 3200/3789/3335 3188/3776/3323
f 3190/3778/3325 3202/3791/3337 3201/3790/3336 3189/3777/3324
f 3191/3779/3326 3203/3792/3338 3202/3791/3337 3190/3778/3325
f 3192/3768/3316 3204/3781/3328 3203/3792/3338 3191/3779/3326
f 3193/3780/3327 3205/3793/3339 3216/3794/3340 3204/3781/3328
f 3194/3782/3329 3206/3795/3341 3205/3796/3339 3193/3783/3327
f 3195/3784/3330 3207/3797/3342 3206/3795/3341 3194/3782/3329
f 3196/3785/3331 3208/3798/3343 3207/3797/3342 3195/3784/3330
f 3197/3786/3332 3209/3799/3344 3208/3798/3343 3196/3785/3331
f 3198/3787/3333 3210/3800/3345 3209/3799/3344 3197/3786/3332
f 3199/3788/3334 3211/3801/3346 3210/3800/3345 3198/3787/3333
f 3200/3789/3335 3212/3802/3347 3211/3801/3346 3199/3788/3334
f 3201/3790/3336 3213/3803/3348 3212/3802/3347 3200/3789/3335
f 3202/3791/3337 3214/3804/3349 3213/3803/3348 3201/3790/3336
f 3203/3792/3338 3215/3805/3350 3214/3804/3349 3202/3791/3337
f 3204/3781/3328 3216/3794/3340 3215/3805/3350 3203/3792/3338
f 3205/3793/3339 3217/3806/3351 3228/3807/3352 3216/3794/3340
f 3206/3795/3341 3218/3808/3353 3217/3809/3351 3205/3796/3339
f 3207/3797/3342 3219/3810/3354 3218/3808/3353 3206/3795/3341
f 3208/3798/3343 3220/3811/3355 3219/3810/3354 3207/3797/3342
f 3209/3799/3344 3221/3812/3356 3220/3811/3355 3208/3798/3343
f 3210/3800/3345 3222/3813/3357 3221/3812/3356 3209/3799/3344
f 3211/3801/3346 3223/3814/3358 3222/3813/3357 3210/3800/3345
f 3212/3802/3347 3224/3815/3359 3223/3814/3358 3211/3801/3346
f 3213/3803/3348 3225/3816/3360 3224/3815/3359 3212/3802/3347
f 3214/3804/3349 3226/3817/3361 3225/3816/3360 3213/3803/3348
f 3215/3805/3350 3227/3818/3362 3226/3817/3361 3214/3804/3349
f 3216/3794/3340 3228/3807/3352 3227/3818/3362 3215/3805/3350
f 3217/3806/3351 3229/3819/3363 3240/3820/3364 3228/3807/3352
f 3218/3808/3353 3230/3821/3365 3229/3822/3363 3217/3809/3351
f 3219/3810/3354 3231/3823/3366 3230/3821/3365 3218/3808/3353
f 3220/3811/3355 3232/3824/3367 3231/3823/3366 3219/3810/3354
f 3221/3812/3356 3233/3825/3368 3232/3824/3367 3220/3811/3355
f 3222/3813/3357 3234/3826/3369 3233/3825/3368 3221/3812/3356
f 3223/3814/3358 3235/3827/3370 3234/3826/3369 3222/3813/3357
f 3224/3815/3359 3236/3828/3371 3235/3827/3370 3223/3814/3358
f 3225/3816/3360 3237/3829/3372 3236/3828/3371 3224/3815/3359
f 3226/3817/3361 3238/3830/3373 3237/3829/3372 3225/3816/3360
f 3227/3818/3362 3239/3831/3374 3238/3830/3373 3226/3817/3361
f 3228/3807/3352 3240/3820/3364 3239/3831/3374 3227/3818/3362
f 3229/3819/3363 3241/3832/3375 3252/3833/3376 3240/3820/3364
f 3230/3821/3365 3242/3834/3377 3241/3835/3375 3229/3822/3363
f 3231/3823/3366 3243/3836/3378 3242/3834/3377 3230/3821/3365
f 3232/3824/3367 3244/3837/3379 3243/3836/3378 3231/3823/3366
f 3233/3825/3368 3245/3838/3380 3244/3837/3379 3232/3824/3367
f 3234/3826/3369 3246/3839/3381 3245/3838/3380 3233/3825/3368
f 3235/3827/3370 3247/3840/3382 3246/3839/3381 3234/3826/3369
f 3236/3828/3371 3248/3841/3383 3247/3840/3382 3235/3827/3370
f 3237/3829/3372 3249/3842/3384 3248/3841/3383 3236/3828/3371
f 3238/3830/3373 3250/3843/3385 3249/3842/3384 3237/3829/3372
f 3239/3831/3374 3251/3844/3386 3250/3843/3385 3238/3830/3373
f 3240/3820/3364 3252/3833/3376 3251/3844/3386 3239/3831/3374
