<?xml version="1.0" encoding="UTF-8"?>
<!DOCTYPE X3D PUBLIC "ISO//Web3D//DTD X3D 3.0//EN" "http://www.web3d.org/specifications/x3d-3.0.dtd">
<X3D version="3.0" profile="Immersive" xmlns:xsd="http://www.w3.org/2001/XMLSchema-instance" xsd:noNamespaceSchemaLocation="http://www.web3d.org/specifications/x3d-3.0.xsd">
	<head>
		<meta name="filename" content="UnderArmCrutch.x3d" />
		<meta name="generator" content="Blender 2.91.0" />
	</head>
	<Scene>
		<NavigationInfo headlight="true"
		                visibilityLimit="0.0"
		                type='"EXAMINE", "ANY"'
		                avatarSize="0.25, 1.75, 0.75"
		                />
		<Background DEF="WO_World"
		            groundColor="0.051 0.051 0.051"
		            skyColor="0.051 0.051 0.051"
		            />
		<Transform DEF="RC-ArmPitSupport_TRANSFORM"
		           translation="-0.003254 6.721035 1.054389"
		           scale="0.719931 0.719931 0.719931"
		           rotation="0.000000 0.707107 0.707107 3.141593"
		           >
			<Transform DEF="RC-ArmPitSupport_ifs_TRANSFORM"
			           translation="0.000000 0.000000 0.000000"
			           scale="1.000000 1.000000 1.000000"
			           rotation="0.000000 1.000000 0.000000 0.000000"
			           >
				<Group DEF="group_ME_Sphere_002">
					<Shape>
						<Appearance>
						</Appearance>
						<IndexedFaceSet solid="false"
						                creaseAngle="0.5236"
						                texCoordIndex="0 1 2 3 -1 4 5 6 7 -1 8 9 10 11 -1 12 13 14 15 -1 16 17 18 19 -1 20 21 22 23 -1 24 25 26 -1 27 28 29 -1 30 31 32 33 -1 34 35 36 37 -1 38 39 40 41 -1 42 43 44 45 -1 46 47 48 49 -1 50 51 52 53 -1 54 55 56 57 -1 58 59 60 61 -1 62 63 64 65 -1 66 67 68 -1 69 70 71 72 -1 73 74 75 76 -1 77 78 79 80 -1 81 82 83 -1 84 85 86 87 -1 88 89 90 91 -1 92 93 94 95 -1 96 97 98 99 -1 100 101 102 103 -1 104 105 106 107 -1 108 109 110 111 -1 112 113 114 115 -1 116 117 118 119 -1 120 121 122 -1 123 124 125 126 -1 127 128 129 130 -1 131 132 133 134 -1 135 136 137 138 -1 139 140 141 142 -1 143 144 145 146 -1 147 148 149 150 -1 151 152 153 154 -1 155 156 157 158 -1 159 160 161 -1 162 163 164 165 -1 166 167 168 169 -1 170 171 172 -1 173 174 175 176 -1 177 178 179 180 -1 181 182 183 184 -1 185 186 187 188 -1 189 190 191 192 -1 193 194 195 196 -1 197 198 199 200 -1 201 202 203 204 -1 205 206 207 208 -1 209 210 211 -1 212 213 214 215 -1 216 217 218 219 -1 220 221 222 223 -1 224 225 226 227 -1 228 229 230 231 -1 232 233 234 -1 235 236 237 238 -1 239 240 241 242 -1 243 244 245 -1 246 247 248 249 -1 250 251 252 253 -1 254 255 256 257 -1 258 259 260 261 -1 262 263 264 265 -1 266 267 268 269 -1 270 271 272 273 -1 274 275 276 277 -1 278 279 280 281 -1 282 283 284 -1 285 286 287 288 -1 289 290 291 292 -1 293 294 295 296 -1 297 298 299 -1 300 301 302 303 -1 304 305 306 307 -1 308 309 310 311 -1 312 313 314 315 -1 316 317 318 319 -1 320 321 322 323 -1 324 325 326 327 -1 328 329 330 331 -1 332 333 334 335 -1 336 337 338 -1 339 340 341 342 -1 343 344 345 346 -1 347 348 349 350 -1 351 352 353 354 -1 355 356 357 358 -1 359 360 361 362 -1 363 364 365 366 -1 367 368 369 370 -1 371 372 373 374 -1 375 376 377 -1 378 379 380 381 -1 382 383 384 385 -1 386 387 388 -1 389 390 391 392 -1 393 394 395 396 -1 397 398 399 400 -1 401 402 403 404 -1 405 406 407 408 -1 409 410 411 412 -1 413 414 415 416 -1 417 418 419 420 -1 421 422 423 424 -1 425 426 427 428 -1 429 430 431 -1 432 433 434 435 -1 436 437 438 439 -1 440 441 442 443 -1 444 445 446 447 -1 448 449 450 451 -1 452 453 454 455 -1 456 457 458 459 -1 460 461 462 463 -1 464 465 466 467 -1 468 469 470 471 -1 472 473 474 475 -1 476 477 478 479 -1 480 481 482 483 -1 484 485 486 487 -1 488 489 490 491 -1 492 493 494 495 -1 496 497 498 499 -1 500 501 502 503 -1 504 505 506 507 -1 508 509 510 511 -1 512 513 514 515 -1 516 517 518 519 -1 520 521 522 -1 523 524 525 -1 526 527 528 529 -1 530 531 532 533 -1 534 535 536 537 -1 538 539 540 541 -1 542 543 544 545 -1 546 547 548 549 -1 550 551 552 553 -1 554 555 556 557 -1 558 559 560 561 -1 562 563 564 -1 565 566 567 568 -1 569 570 571 572 -1 573 574 575 576 -1 577 578 579 -1 580 581 582 583 -1 584 585 586 587 -1 588 589 590 591 -1 592 593 594 595 -1 596 597 598 599 -1 600 601 602 603 -1 604 605 606 607 -1 608 609 610 611 -1 612 613 614 615 -1 616 617 618 -1 619 620 621 622 -1 623 624 625 626 -1 627 628 629 630 -1 631 632 633 634 -1 635 636 637 638 -1 639 640 641 642 -1 643 644 645 646 -1 647 648 649 650 -1 651 652 653 654 -1 655 656 657 -1 658 659 660 661 -1 662 663 664 665 -1 666 667 668 -1 669 670 671 672 -1 673 674 675 676 -1 677 678 679 680 -1 681 682 683 684 -1 685 686 687 688 -1 689 690 691 692 -1 693 694 695 696 -1 697 698 699 700 -1 701 702 703 704 -1 705 706 707 -1 708 709 710 711 -1 712 713 714 715 -1 716 717 718 719 -1 720 721 722 723 -1 724 725 726 727 -1 728 729 730 -1 731 732 733 734 -1 735 736 737 738 -1 739 740 741 -1 742 743 744 745 -1 746 747 748 749 -1 750 751 752 753 -1 754 755 756 757 -1 758 759 760 761 -1 762 763 764 765 -1 766 767 768 769 -1 770 771 772 773 -1 774 775 776 777 -1 778 779 780 -1 781 782 783 784 -1 785 786 787 788 -1 789 790 791 792 -1 793 794 795 -1 796 797 798 799 -1 800 801 802 803 -1 804 805 806 807 -1 808 809 810 811 -1 812 813 814 815 -1 816 817 818 819 -1 820 821 822 823 -1 824 825 826 827 -1 828 829 830 831 -1 832 833 834 -1 835 836 837 838 -1 839 840 841 842 -1 843 844 845 846 -1 847 848 849 850 -1 851 852 853 854 -1 855 856 857 858 -1 859 860 861 862 -1 863 864 865 866 -1 867 868 869 870 -1 871 872 873 -1 874 875 876 877 -1 878 879 880 881 -1 882 883 884 -1 885 886 887 888 -1 889 890 891 892 -1 893 894 895 896 -1 897 898 899 900 -1 901 902 903 904 -1 905 906 907 908 -1 909 910 911 912 -1 913 914 915 916 -1 917 918 919 920 -1 921 922 923 924 -1 925 926 927 -1 928 929 930 931 -1 932 933 934 935 -1 936 937 938 939 -1 940 941 942 943 -1 944 945 946 947 -1 948 949 950 951 -1 952 953 954 955 -1 956 957 958 959 -1 960 961 962 963 -1 964 965 966 967 -1 968 969 970 971 -1 972 973 974 975 -1 976 977 978 979 -1 980 981 982 983 -1 984 985 986 987 -1 988 989 990 991 -1 992 993 994 995 -1 996 997 998 999 -1 1000 1001 1002 1003 -1 1004 1005 1006 1007 -1 1008 1009 1010 1011 -1 1012 1013 1014 1015 -1 1016 1017 1018 1019 -1 1020 1021 1022 1023 -1 1024 1025 1026 1027 -1 1028 1029 1030 1031 -1 1032 1033 1034 1035 -1 1036 1037 1038 1039 -1 1040 1041 1042 1043 -1 1044 1045 1046 1047 -1 1048 1049 1050 1051 -1 1052 1053 1054 1055 -1 1056 1057 1058 1059 -1 1060 1061 1062 1063 -1 1064 1065 1066 1067 -1 1068 1069 1070 1071 -1 1072 1073 1074 1075 -1 1076 1077 1078 1079 -1 1080 1081 1082 1083 -1 1084 1085 1086 1087 -1 1088 1089 1090 1091 -1 1092 1093 1094 1095 -1 1096 1097 1098 1099 -1 1100 1101 1102 1103 -1 1104 1105 1106 1107 -1 1108 1109 1110 1111 -1 1112 1113 1114 1115 -1 1116 1117 1118 1119 -1 1120 1121 1122 1123 -1 1124 1125 1126 1127 -1 1128 1129 1130 1131 -1 1132 1133 1134 1135 -1 1136 1137 1138 1139 -1 1140 1141 1142 1143 -1 1144 1145 1146 1147 -1 1148 1149 1150 1151 -1 1152 1153 1154 1155 -1 1156 1157 1158 1159 -1 1160 1161 1162 1163 -1 1164 1165 1166 1167 -1 1168 1169 1170 1171 -1 1172 1173 1174 1175 -1 1176 1177 1178 1179 -1 1180 1181 1182 1183 -1 1184 1185 1186 1187 -1 1188 1189 1190 1191 -1 1192 1193 1194 1195 -1 1196 1197 1198 1199 -1 1200 1201 1202 1203 -1 1204 1205 1206 1207 -1 1208 1209 1210 1211 -1 1212 1213 1214 1215 -1 1216 1217 1218 1219 -1 1220 1221 1222 1223 -1 1224 1225 1226 1227 -1 1228 1229 1230 1231 -1 1232 1233 1234 1235 -1 1236 1237 1238 1239 -1 1240 1241 1242 1243 -1 1244 1245 1246 1247 -1 1248 1249 1250 1251 -1 1252 1253 1254 1255 -1 1256 1257 1258 1259 -1 1260 1261 1262 1263 -1 1264 1265 1266 1267 -1 1268 1269 1270 1271 -1 1272 1273 1274 1275 -1 1276 1277 1278 1279 -1 1280 1281 1282 1283 -1 1284 1285 1286 1287 -1 1288 1289 1290 1291 -1 1292 1293 1294 1295 -1 1296 1297 1298 1299 -1 1300 1301 1302 1303 -1 1304 1305 1306 1307 -1 1308 1309 1310 1311 -1 1312 1313 1314 1315 -1 1316 1317 1318 1319 -1 1320 1321 1322 1323 -1 1324 1325 1326 1327 -1 1328 1329 1330 1331 -1 1332 1333 1334 1335 -1 1336 1337 1338 1339 -1 1340 1341 1342 1343 -1 1344 1345 1346 1347 -1 1348 1349 1350 1351 -1 1352 1353 1354 1355 -1 1356 1357 1358 1359 -1 1360 1361 1362 1363 -1 1364 1365 1366 1367 -1 1368 1369 1370 1371 -1 1372 1373 1374 1375 -1 1376 1377 1378 1379 1380 1381 1382 1383 1384 1385 1386 1387 1388 1389 1390 1391 1392 -1 1393 1394 1395 1396 -1 1397 1398 1399 1400 -1 1401 1402 1403 1404 -1 1405 1406 1407 1408 -1 1409 1410 1411 1412 -1 1413 1414 1415 1416 -1 1417 1418 1419 1420 1421 1422 1423 1424 1425 1426 1427 1428 1429 1430 1431 1432 1433 -1 "
						                coordIndex="1 0 7 8 -1 2 1 8 9 -1 3 2 9 10 -1 4 3 10 11 -1 5 4 11 12 -1 6 5 12 13 -1 0 63 7 -1 7 63 14 -1 8 7 14 15 -1 9 8 15 16 -1 10 9 16 17 -1 11 10 17 18 -1 12 11 18 19 -1 13 12 19 20 -1 18 17 24 25 -1 19 18 25 26 -1 20 19 26 27 -1 14 63 21 -1 15 14 21 22 -1 16 15 22 23 -1 17 16 23 24 -1 21 63 28 -1 22 21 28 29 -1 23 22 29 30 -1 24 23 30 31 -1 25 24 31 32 -1 26 25 32 33 -1 27 26 33 34 -1 32 31 38 39 -1 33 32 39 40 -1 34 33 40 41 -1 28 63 35 -1 29 28 35 36 -1 30 29 36 37 -1 31 30 37 38 -1 36 35 42 43 -1 37 36 43 44 -1 38 37 44 45 -1 39 38 45 46 -1 40 39 46 47 -1 41 40 47 48 -1 35 63 42 -1 47 46 53 54 -1 48 47 54 55 -1 42 63 49 -1 43 42 49 50 -1 44 43 50 51 -1 45 44 51 52 -1 46 45 52 53 -1 51 50 57 58 -1 52 51 58 59 -1 53 52 59 60 -1 54 53 60 61 -1 55 54 61 62 -1 49 63 56 -1 50 49 56 57 -1 67 66 73 74 -1 68 67 74 75 -1 69 68 75 76 -1 70 69 76 77 -1 64 63 71 -1 65 64 71 72 -1 66 65 72 73 -1 71 63 78 -1 72 71 78 79 -1 73 72 79 80 -1 74 73 80 81 -1 75 74 81 82 -1 76 75 82 83 -1 77 76 83 84 -1 82 81 88 89 -1 83 82 89 90 -1 84 83 90 91 -1 78 63 85 -1 79 78 85 86 -1 80 79 86 87 -1 81 80 87 88 -1 85 63 92 -1 86 85 92 93 -1 87 86 93 94 -1 88 87 94 95 -1 89 88 95 96 -1 90 89 96 97 -1 91 90 97 98 -1 96 95 102 103 -1 97 96 103 104 -1 98 97 104 105 -1 92 63 99 -1 93 92 99 100 -1 94 93 100 101 -1 95 94 101 102 -1 100 99 106 107 -1 101 100 107 108 -1 102 101 108 109 -1 103 102 109 110 -1 104 103 110 111 -1 105 104 111 112 -1 99 63 106 -1 111 110 117 118 -1 112 111 118 119 -1 106 63 113 -1 107 106 113 114 -1 108 107 114 115 -1 109 108 115 116 -1 110 109 116 117 -1 114 113 0 1 -1 115 114 1 2 -1 116 115 2 3 -1 117 116 3 4 -1 118 117 4 5 -1 119 118 5 6 -1 113 63 0 -1 119 6 120 136 -1 105 112 135 134 -1 41 48 126 125 -1 77 84 131 130 -1 112 119 136 135 -1 13 20 122 121 -1 84 91 132 131 -1 6 13 121 120 -1 48 55 127 126 -1 20 27 123 122 -1 91 98 133 132 -1 55 62 128 127 -1 27 34 124 123 -1 98 105 134 133 -1 70 77 130 129 -1 34 41 125 124 -1 138 137 144 145 -1 139 138 145 146 -1 140 139 146 147 -1 141 140 147 148 -1 142 141 148 149 -1 143 142 149 150 -1 137 200 144 -1 144 200 151 -1 145 144 151 152 -1 146 145 152 153 -1 147 146 153 154 -1 148 147 154 155 -1 149 148 155 156 -1 150 149 156 157 -1 155 154 161 162 -1 156 155 162 163 -1 157 156 163 164 -1 151 200 158 -1 152 151 158 159 -1 153 152 159 160 -1 154 153 160 161 -1 158 200 165 -1 159 158 165 166 -1 160 159 166 167 -1 161 160 167 168 -1 162 161 168 169 -1 163 162 169 170 -1 164 163 170 171 -1 169 168 175 176 -1 170 169 176 177 -1 171 170 177 178 -1 165 200 172 -1 166 165 172 173 -1 167 166 173 174 -1 168 167 174 175 -1 173 172 179 180 -1 174 173 180 181 -1 175 174 181 182 -1 176 175 182 183 -1 177 176 183 184 -1 178 177 184 185 -1 172 200 179 -1 184 183 190 191 -1 185 184 191 192 -1 179 200 186 -1 180 179 186 187 -1 181 180 187 188 -1 182 181 188 189 -1 183 182 189 190 -1 188 187 194 195 -1 189 188 195 196 -1 190 189 196 197 -1 191 190 197 198 -1 192 191 198 199 -1 186 200 193 -1 187 186 193 194 -1 204 203 210 211 -1 205 204 211 212 -1 206 205 212 213 -1 207 206 213 214 -1 201 200 208 -1 202 201 208 209 -1 203 202 209 210 -1 208 200 215 -1 209 208 215 216 -1 210 209 216 217 -1 211 210 217 218 -1 212 211 218 219 -1 213 212 219 220 -1 214 213 220 221 -1 219 218 225 226 -1 220 219 226 227 -1 221 220 227 228 -1 215 200 222 -1 216 215 222 223 -1 217 216 223 224 -1 218 217 224 225 -1 222 200 229 -1 223 222 229 230 -1 224 223 230 231 -1 225 224 231 232 -1 226 225 232 233 -1 227 226 233 234 -1 228 227 234 235 -1 233 232 239 240 -1 234 233 240 241 -1 235 234 241 242 -1 229 200 236 -1 230 229 236 237 -1 231 230 237 238 -1 232 231 238 239 -1 237 236 243 244 -1 238 237 244 245 -1 239 238 245 246 -1 240 239 246 247 -1 241 240 247 248 -1 242 241 248 249 -1 236 200 243 -1 248 247 254 255 -1 249 248 255 256 -1 243 200 250 -1 244 243 250 251 -1 245 244 251 252 -1 246 245 252 253 -1 247 246 253 254 -1 251 250 137 138 -1 252 251 138 139 -1 253 252 139 140 -1 254 253 140 141 -1 255 254 141 142 -1 256 255 142 143 -1 250 200 137 -1 256 143 257 273 -1 242 249 272 271 -1 178 185 263 262 -1 214 221 268 267 -1 249 256 273 272 -1 150 157 259 258 -1 221 228 269 268 -1 143 150 258 257 -1 185 192 264 263 -1 157 164 260 259 -1 228 235 270 269 -1 192 199 265 264 -1 164 171 261 260 -1 235 242 271 270 -1 207 214 267 266 -1 171 178 262 261 -1 265 199 315 349 -1 206 207 274 344 -1 57 56 319 325 -1 200 201 320 280 -1 64 65 289 285 -1 58 57 325 330 -1 65 66 294 289 -1 59 58 330 335 -1 66 67 299 294 -1 193 200 280 284 -1 60 59 335 340 -1 67 68 304 299 -1 56 63 279 319 -1 61 60 340 345 -1 68 69 309 304 -1 70 129 350 314 -1 194 193 284 290 -1 199 198 310 315 -1 201 202 324 320 -1 195 194 290 295 -1 63 64 285 279 -1 69 70 314 309 -1 202 203 329 324 -1 62 61 345 275 -1 196 195 295 300 -1 203 204 334 329 -1 197 196 300 305 -1 204 205 339 334 -1 207 266 355 274 -1 198 197 305 310 -1 205 206 344 339 -1 285 289 291 288 -1 288 291 292 287 -1 287 292 293 286 -1 286 293 290 284 -1 289 294 296 291 -1 291 296 297 292 -1 292 297 298 293 -1 293 298 295 290 -1 294 299 301 296 -1 296 301 302 297 -1 297 302 303 298 -1 298 303 300 295 -1 299 304 306 301 -1 301 306 307 302 -1 302 307 308 303 -1 303 308 305 300 -1 304 309 311 306 -1 306 311 312 307 -1 307 312 313 308 -1 308 313 310 305 -1 309 314 316 311 -1 311 316 317 312 -1 312 317 318 313 -1 313 318 315 310 -1 320 324 326 323 -1 323 326 327 322 -1 322 327 328 321 -1 321 328 325 319 -1 324 329 331 326 -1 326 331 332 327 -1 327 332 333 328 -1 328 333 330 325 -1 329 334 336 331 -1 331 336 337 332 -1 332 337 338 333 -1 333 338 335 330 -1 334 339 341 336 -1 336 341 342 337 -1 337 342 343 338 -1 338 343 340 335 -1 339 344 346 341 -1 341 346 347 342 -1 342 347 348 343 -1 343 348 345 340 -1 314 350 353 316 -1 316 353 352 317 -1 317 352 351 318 -1 318 351 349 315 -1 344 274 276 346 -1 346 276 277 347 -1 347 277 278 348 -1 348 278 275 345 -1 280 320 323 283 -1 283 323 322 282 -1 282 322 321 281 -1 281 321 319 279 -1 279 285 288 281 -1 281 288 287 282 -1 282 287 286 283 -1 283 286 284 280 -1 274 355 358 276 -1 276 358 357 277 -1 277 357 356 278 -1 278 356 354 275 -1 128 62 275 354 -1 121 122 123 124 125 126 127 128 129 130 131 132 133 134 135 136 120 -1 354 350 129 128 -1 350 354 356 353 -1 353 356 357 352 -1 352 357 358 351 -1 351 358 355 349 -1 266 265 349 355 -1 258 259 260 261 262 263 264 265 266 267 268 269 270 271 272 273 257 -1 "
						                >
							<Coordinate DEF="coords_ME_Sphere_002"
							            point="-0.000000 0.726118 0.112137 -0.000000 0.761761 0.101325 -0.000000 0.794610 0.083767 -0.000000 0.823402 0.060138 -0.000000 0.847031 0.031346 -0.000000 0.864588 -0.001503 -0.000000 0.875400 -0.037145 0.007231 0.725406 0.112137 0.014185 0.760364 0.101325 0.020593 0.792581 0.083767 0.026210 0.820820 0.060138 0.030820 0.843995 0.031346 0.034246 0.861215 -0.001503 0.036355 0.871820 -0.037145 0.014185 0.723297 0.112137 0.027825 0.756226 0.101325 0.040395 0.786574 0.083767 0.051414 0.813175 0.060138 0.060456 0.835005 0.031346 0.067175 0.851226 -0.001503 0.071313 0.861215 -0.037145 0.020593 0.719871 0.112137 0.040395 0.749507 0.101325 0.058645 0.776820 0.083767 0.074641 0.800759 0.060138 0.087769 0.820406 0.031346 0.097523 0.835005 -0.001503 0.103530 0.843995 -0.037145 0.026210 0.715262 0.112137 0.051414 0.740465 0.101325 0.074641 0.763692 0.083767 0.095000 0.784051 0.060138 0.111708 0.800759 0.031346 0.124124 0.813175 -0.001503 0.131769 0.820820 -0.037145 0.030820 0.709645 0.112137 0.060456 0.729447 0.101325 0.087769 0.747696 0.083767 0.111708 0.763692 0.060138 0.131355 0.776820 0.031346 0.145954 0.786574 -0.001503 0.154944 0.792581 -0.037145 0.034246 0.703236 0.112137 0.067175 0.716876 0.101325 0.097523 0.729447 0.083767 0.124124 0.740465 0.060138 0.145954 0.749507 0.031346 0.162175 0.756226 -0.001503 0.172164 0.760364 -0.037145 0.036355 0.696283 0.112137 0.071313 0.703236 0.101325 0.103530 0.709645 0.083767 0.131769 0.715262 0.060138 0.154944 0.719871 0.031346 0.172164 0.723297 -0.001503 0.182769 0.725406 -0.037145 0.037067 0.689051 0.112137 0.072710 0.689051 0.101325 0.105558 0.689051 0.083767 0.134350 0.689051 0.060138 0.157979 0.689051 0.031346 0.175537 0.689051 -0.001503 0.186349 0.689051 -0.037145 -0.000000 0.689051 0.115787 -0.037067 0.689051 0.112137 -0.072710 0.689051 0.101325 -0.105558 0.689051 0.083767 -0.134350 0.689051 0.060138 -0.157979 0.689051 0.031346 -0.175537 0.689051 -0.001503 -0.186349 0.689051 -0.037145 -0.036355 0.696283 0.112137 -0.071313 0.703236 0.101325 -0.103530 0.709645 0.083767 -0.131769 0.715262 0.060138 -0.154944 0.719871 0.031346 -0.172164 0.723297 -0.001503 -0.182769 0.725406 -0.037145 -0.034246 0.703236 0.112137 -0.067175 0.716876 0.101325 -0.097523 0.729447 0.083767 -0.124124 0.740465 0.060138 -0.145954 0.749507 0.031346 -0.162175 0.756226 -0.001503 -0.172164 0.760364 -0.037145 -0.030820 0.709645 0.112137 -0.060456 0.729447 0.101325 -0.087769 0.747696 0.083767 -0.111708 0.763692 0.060138 -0.131355 0.776820 0.031346 -0.145954 0.786574 -0.001503 -0.154944 0.792581 -0.037145 -0.026210 0.715262 0.112137 -0.051414 0.740465 0.101325 -0.074641 0.763692 0.083767 -0.095000 0.784051 0.060138 -0.111708 0.800759 0.031346 -0.124123 0.813175 -0.001503 -0.131769 0.820820 -0.037145 -0.020593 0.719871 0.112137 -0.040395 0.749507 0.101325 -0.058645 0.776820 0.083767 -0.074641 0.800759 0.060138 -0.087768 0.820406 0.031346 -0.097523 0.835005 -0.001503 -0.103530 0.843995 -0.037145 -0.014185 0.723297 0.112137 -0.027825 0.756226 0.101325 -0.040395 0.786574 0.083767 -0.051414 0.813175 0.060138 -0.060456 0.835005 0.031346 -0.067175 0.851226 -0.001503 -0.071313 0.861215 -0.037145 -0.007231 0.725406 0.112137 -0.014185 0.760364 0.101325 -0.020593 0.792581 0.083767 -0.026210 0.820820 0.060138 -0.030820 0.843995 0.031346 -0.034246 0.861215 -0.001503 -0.036355 0.871820 -0.037145 -0.000000 0.875400 -0.188209 0.036355 0.871820 -0.188209 0.071313 0.861215 -0.188209 0.103530 0.843995 -0.188209 0.131769 0.820820 -0.188209 0.154944 0.792581 -0.188209 0.172164 0.760364 -0.188209 0.182769 0.725406 -0.188209 0.186349 0.689051 -0.190784 -0.186349 0.689051 -0.190784 -0.182769 0.725406 -0.188209 -0.172164 0.760364 -0.188209 -0.154944 0.792581 -0.188209 -0.131769 0.820820 -0.188209 -0.103530 0.843995 -0.188209 -0.071313 0.861215 -0.188209 -0.036355 0.871820 -0.188209 0.000000 -0.726118 0.112137 0.000000 -0.761761 0.101325 0.000000 -0.794609 0.083767 0.000000 -0.823401 0.060138 0.000000 -0.847030 0.031346 0.000000 -0.864588 -0.001503 0.000000 -0.875400 -0.037145 -0.007231 -0.725406 0.112137 -0.014185 -0.760364 0.101325 -0.020593 -0.792581 0.083767 -0.026210 -0.820820 0.060138 -0.030820 -0.843995 0.031346 -0.034246 -0.861215 -0.001503 -0.036355 -0.871819 -0.037145 -0.014185 -0.723297 0.112137 -0.027825 -0.756226 0.101325 -0.040395 -0.786574 0.083767 -0.051414 -0.813174 0.060138 -0.060456 -0.835005 0.031346 -0.067175 -0.851226 -0.001503 -0.071313 -0.861215 -0.037145 -0.020593 -0.719871 0.112137 -0.040395 -0.749507 0.101325 -0.058645 -0.776819 0.083767 -0.074641 -0.800759 0.060138 -0.087769 -0.820406 0.031346 -0.097523 -0.835005 -0.001503 -0.103530 -0.843995 -0.037145 -0.026210 -0.715261 0.112137 -0.051414 -0.740465 0.101325 -0.074641 -0.763692 0.083767 -0.095000 -0.784051 0.060138 -0.111708 -0.800759 0.031346 -0.124123 -0.813174 -0.001503 -0.131769 -0.820820 -0.037145 -0.030820 -0.709644 0.112137 -0.060456 -0.729446 0.101325 -0.087769 -0.747696 0.083767 -0.111708 -0.763692 0.060138 -0.131355 -0.776819 0.031346 -0.145954 -0.786574 -0.001503 -0.154944 -0.792581 -0.037145 -0.034246 -0.703236 0.112137 -0.067175 -0.716876 0.101325 -0.097523 -0.729446 0.083767 -0.124124 -0.740465 0.060138 -0.145954 -0.749507 0.031346 -0.162175 -0.756226 -0.001503 -0.172164 -0.760364 -0.037145 -0.036355 -0.696282 0.112137 -0.071313 -0.703236 0.101325 -0.103530 -0.709644 0.083767 -0.131769 -0.715261 0.060138 -0.154944 -0.719871 0.031346 -0.172164 -0.723297 -0.001503 -0.182769 -0.725406 -0.037145 -0.037067 -0.689051 0.112137 -0.072710 -0.689051 0.101325 -0.105558 -0.689051 0.083767 -0.134350 -0.689051 0.060138 -0.157979 -0.689051 0.031346 -0.175537 -0.689051 -0.001503 -0.186349 -0.689051 -0.037145 0.000000 -0.689051 0.115787 0.037067 -0.689051 0.112137 0.072710 -0.689051 0.101325 0.105558 -0.689051 0.083767 0.134350 -0.689051 0.060138 0.157979 -0.689051 0.031346 0.175537 -0.689051 -0.001503 0.186349 -0.689051 -0.037145 0.036355 -0.696282 0.112137 0.071313 -0.703236 0.101325 0.103530 -0.709644 0.083767 0.131769 -0.715261 0.060138 0.154944 -0.719871 0.031346 0.172164 -0.723296 -0.001503 0.182769 -0.725406 -0.037145 0.034246 -0.703236 0.112137 0.067175 -0.716876 0.101325 0.097523 -0.729446 0.083767 0.124124 -0.740464 0.060138 0.145954 -0.749507 0.031346 0.162175 -0.756226 -0.001503 0.172164 -0.760364 -0.037145 0.030820 -0.709644 0.112137 0.060456 -0.729446 0.101325 0.087769 -0.747696 0.083767 0.111708 -0.763692 0.060138 0.131355 -0.776819 0.031346 0.145954 -0.786574 -0.001503 0.154944 -0.792581 -0.037145 0.026210 -0.715261 0.112137 0.051414 -0.740464 0.101325 0.074641 -0.763692 0.083767 0.095000 -0.784051 0.060138 0.111708 -0.800759 0.031346 0.124123 -0.813174 -0.001503 0.131769 -0.820820 -0.037145 0.020593 -0.719871 0.112137 0.040395 -0.749507 0.101325 0.058645 -0.776819 0.083767 0.074641 -0.800759 0.060138 0.087769 -0.820406 0.031346 0.097523 -0.835005 -0.001503 0.103530 -0.843994 -0.037145 0.014185 -0.723297 0.112137 0.027825 -0.756226 0.101325 0.040395 -0.786574 0.083767 0.051414 -0.813174 0.060138 0.060456 -0.835005 0.031346 0.067175 -0.851226 -0.001503 0.071313 -0.861215 -0.037145 0.007231 -0.725406 0.112137 0.014185 -0.760364 0.101325 0.020593 -0.792581 0.083767 0.026210 -0.820820 0.060138 0.030820 -0.843994 0.031346 0.034246 -0.861215 -0.001503 0.036355 -0.871819 -0.037145 0.000000 -0.875400 -0.188209 -0.036355 -0.871819 -0.188209 -0.071313 -0.861215 -0.188209 -0.103530 -0.843995 -0.188209 -0.131769 -0.820820 -0.188209 -0.154944 -0.792581 -0.188209 -0.172164 -0.760364 -0.188209 -0.182769 -0.725406 -0.188209 -0.186349 -0.689051 -0.190784 0.186349 -0.689051 -0.190784 0.182769 -0.725406 -0.188209 0.172164 -0.760364 -0.188209 0.154944 -0.792581 -0.188209 0.131769 -0.820820 -0.188209 0.103530 -0.843994 -0.188209 0.071313 -0.861215 -0.188209 0.036355 -0.871819 -0.188209 0.186349 -0.439431 -0.073189 0.186349 0.439431 -0.073189 0.186349 -0.237818 -0.092641 0.186349 0.000000 -0.099472 0.186349 0.237818 -0.092641 -0.000000 0.437953 0.079530 0.000000 -0.437953 0.079530 -0.000000 0.237019 0.060144 -0.000000 0.000000 0.053336 -0.000000 -0.237018 0.060144 -0.037067 -0.438011 0.075888 -0.037067 0.438011 0.075888 -0.037067 -0.237050 0.056499 -0.037067 0.000000 0.049690 -0.037067 0.237050 0.056499 -0.072710 0.438176 0.065099 -0.072710 -0.438175 0.065100 -0.072710 0.237139 0.045703 -0.072710 0.000000 0.038892 -0.072710 -0.237139 0.045703 -0.105558 0.438423 0.047577 -0.105558 -0.438423 0.047577 -0.105558 0.237273 0.028170 -0.105558 0.000000 0.021355 -0.105558 -0.237273 0.028170 -0.134350 0.438716 0.023991 -0.134350 -0.438716 0.023991 -0.134350 0.237431 0.004570 -0.134350 0.000000 -0.002249 -0.134350 -0.237431 0.004570 -0.157979 0.439010 -0.004759 -0.157979 -0.439010 -0.004759 -0.157979 0.237591 -0.024192 -0.157979 0.000000 -0.031016 -0.157979 -0.237590 -0.024192 -0.175537 0.439261 -0.037571 -0.175537 -0.439261 -0.037571 -0.175537 0.237727 -0.057015 -0.175537 0.000000 -0.063843 -0.175537 -0.237726 -0.057015 -0.186349 0.439431 -0.073189 -0.186349 -0.439431 -0.073189 -0.186349 0.237818 -0.092641 -0.186349 0.000000 -0.099472 -0.186349 -0.237818 -0.092641 0.037067 0.438011 0.075888 0.037067 -0.438011 0.075888 0.037067 0.237050 0.056499 0.037067 0.000000 0.049690 0.037067 -0.237050 0.056499 0.072710 -0.438176 0.065100 0.072710 0.438176 0.065099 0.072710 -0.237139 0.045703 0.072710 0.000000 0.038892 0.072710 0.237139 0.045703 0.105558 -0.438423 0.047577 0.105558 0.438423 0.047577 0.105558 -0.237273 0.028170 0.105558 0.000000 0.021355 0.105558 0.237273 0.028170 0.134350 -0.438716 0.023991 0.134350 0.438716 0.023991 0.134350 -0.237431 0.004570 0.134350 0.000000 -0.002249 0.134350 0.237431 0.004570 0.157979 -0.439010 -0.004759 0.157979 0.439010 -0.004759 0.157979 -0.237590 -0.024192 0.157979 0.000000 -0.031016 0.157979 0.237591 -0.024192 0.175537 -0.439261 -0.037571 0.175537 0.439261 -0.037571 0.175537 -0.237726 -0.057015 0.175537 0.000000 -0.063843 0.175537 0.237727 -0.057015 -0.186349 -0.439491 -0.224244 -0.186349 0.439491 -0.224244 -0.186349 -0.237851 -0.243699 -0.186349 0.000000 -0.250530 -0.186349 0.237851 -0.243699 0.186349 0.439491 -0.224244 0.186349 -0.439491 -0.224244 0.186349 0.237851 -0.243699 0.186349 0.000000 -0.250530 0.186349 -0.237851 -0.243699 "
							            />
							<TextureCoordinate point="0.7500 0.8750 0.7500 0.9375 0.7187 0.9375 0.7188 0.8750 0.7500 0.8125 0.7500 0.8750 0.7188 0.8750 0.7188 0.8125 0.7500 0.7500 0.7500 0.8125 0.7188 0.8125 0.7188 0.7500 0.7500 0.6875 0.7500 0.7500 0.7188 0.7500 0.7188 0.6875 0.7500 0.6250 0.7500 0.6875 0.7188 0.6875 0.7188 0.6250 0.7500 0.5625 0.7500 0.6250 0.7188 0.6250 0.7188 0.5625 0.7500 0.9375 0.7344 1.0000 0.7187 0.9375 0.7187 0.9375 0.7031 1.0000 0.6875 0.9375 0.7188 0.8750 0.7187 0.9375 0.6875 0.9375 0.6875 0.8750 0.7188 0.8125 0.7188 0.8750 0.6875 0.8750 0.6875 0.8125 0.7188 0.7500 0.7188 0.8125 0.6875 0.8125 0.6875 0.7500 0.7188 0.6875 0.7188 0.7500 0.6875 0.7500 0.6875 0.6875 0.7188 0.6250 0.7188 0.6875 0.6875 0.6875 0.6875 0.6250 0.7188 0.5625 0.7188 0.6250 0.6875 0.6250 0.6875 0.5625 0.6875 0.6875 0.6875 0.7500 0.6562 0.7500 0.6562 0.6875 0.6875 0.6250 0.6875 0.6875 0.6562 0.6875 0.6562 0.6250 0.6875 0.5625 0.6875 0.6250 0.6562 0.6250 0.6562 0.5625 0.6875 0.9375 0.6719 1.0000 0.6562 0.9375 0.6875 0.8750 0.6875 0.9375 0.6562 0.9375 0.6562 0.8750 0.6875 0.8125 0.6875 0.8750 0.6562 0.8750 0.6562 0.8125 0.6875 0.7500 0.6875 0.8125 0.6562 0.8125 0.6562 0.7500 0.6562 0.9375 0.6406 1.0000 0.6250 0.9375 0.6562 0.8750 0.6562 0.9375 0.6250 0.9375 0.6250 0.8750 0.6562 0.8125 0.6562 0.8750 0.6250 0.8750 0.6250 0.8125 0.6562 0.7500 0.6562 0.8125 0.6250 0.8125 0.6250 0.7500 0.6562 0.6875 0.6562 0.7500 0.6250 0.7500 0.6250 0.6875 0.6562 0.6250 0.6562 0.6875 0.6250 0.6875 0.6250 0.6250 0.6562 0.5625 0.6562 0.6250 0.6250 0.6250 0.6250 0.5625 0.6250 0.6875 0.6250 0.7500 0.5937 0.7500 0.5937 0.6875 0.6250 0.6250 0.6250 0.6875 0.5937 0.6875 0.5937 0.6250 0.6250 0.5625 0.6250 0.6250 0.5937 0.6250 0.5937 0.5625 0.6250 0.9375 0.6094 1.0000 0.5937 0.9375 0.6250 0.8750 0.6250 0.9375 0.5937 0.9375 0.5937 0.8750 0.6250 0.8125 0.6250 0.8750 0.5937 0.8750 0.5937 0.8125 0.6250 0.7500 0.6250 0.8125 0.5937 0.8125 0.5937 0.7500 0.5937 0.8750 0.5937 0.9375 0.5625 0.9375 0.5625 0.8750 0.5937 0.8125 0.5937 0.8750 0.5625 0.8750 0.5625 0.8125 0.5937 0.7500 0.5937 0.8125 0.5625 0.8125 0.5625 0.7500 0.5937 0.6875 0.5937 0.7500 0.5625 0.7500 0.5625 0.6875 0.5937 0.6250 0.5937 0.6875 0.5625 0.6875 0.5625 0.6250 0.5937 0.5625 0.5937 0.6250 0.5625 0.6250 0.5625 0.5625 0.5937 0.9375 0.5781 1.0000 0.5625 0.9375 0.5625 0.6250 0.5625 0.6875 0.5312 0.6875 0.5312 0.6250 0.5625 0.5625 0.5625 0.6250 0.5312 0.6250 0.5312 0.5625 0.5625 0.9375 0.5469 1.0000 0.5312 0.9375 0.5625 0.8750 0.5625 0.9375 0.5312 0.9375 0.5312 0.8750 0.5625 0.8125 0.5625 0.8750 0.5312 0.8750 0.5312 0.8125 0.5625 0.7500 0.5625 0.8125 0.5312 0.8125 0.5312 0.7500 0.5625 0.6875 0.5625 0.7500 0.5312 0.7500 0.5312 0.6875 0.5312 0.8125 0.5312 0.8750 0.5000 0.8750 0.5000 0.8125 0.5312 0.7500 0.5312 0.8125 0.5000 0.8125 0.5000 0.7500 0.5312 0.6875 0.5312 0.7500 0.5000 0.7500 0.5000 0.6875 0.5312 0.6250 0.5312 0.6875 0.5000 0.6875 0.5000 0.6250 0.5312 0.5625 0.5312 0.6250 0.5000 0.6250 0.5000 0.5625 0.5312 0.9375 0.5156 1.0000 0.5000 0.9375 0.5312 0.8750 0.5312 0.9375 0.5000 0.9375 0.5000 0.8750 1.0000 0.7500 1.0000 0.8125 0.9688 0.8125 0.9688 0.7500 1.0000 0.6875 1.0000 0.7500 0.9688 0.7500 0.9688 0.6875 1.0000 0.6250 1.0000 0.6875 0.9688 0.6875 0.9688 0.6250 1.0000 0.5625 1.0000 0.6250 0.9688 0.6250 0.9688 0.5625 1.0000 0.9375 0.9844 1.0000 0.9688 0.9375 1.0000 0.8750 1.0000 0.9375 0.9688 0.9375 0.9688 0.8750 1.0000 0.8125 1.0000 0.8750 0.9688 0.8750 0.9688 0.8125 0.9688 0.9375 0.9531 1.0000 0.9375 0.9375 0.9688 0.8750 0.9688 0.9375 0.9375 0.9375 0.9375 0.8750 0.9688 0.8125 0.9688 0.8750 0.9375 0.8750 0.9375 0.8125 0.9688 0.7500 0.9688 0.8125 0.9375 0.8125 0.9375 0.7500 0.9688 0.6875 0.9688 0.7500 0.9375 0.7500 0.9375 0.6875 0.9688 0.6250 0.9688 0.6875 0.9375 0.6875 0.9375 0.6250 0.9688 0.5625 0.9688 0.6250 0.9375 0.6250 0.9375 0.5625 0.9375 0.6875 0.9375 0.7500 0.9062 0.7500 0.9062 0.6875 0.9375 0.6250 0.9375 0.6875 0.9062 0.6875 0.9062 0.6250 0.9375 0.5625 0.9375 0.6250 0.9062 0.6250 0.9062 0.5625 0.9375 0.9375 0.9219 1.0000 0.9063 0.9375 0.9375 0.8750 0.9375 0.9375 0.9063 0.9375 0.9063 0.8750 0.9375 0.8125 0.9375 0.8750 0.9063 0.8750 0.9062 0.8125 0.9375 0.7500 0.9375 0.8125 0.9062 0.8125 0.9062 0.7500 0.9063 0.9375 0.8906 1.0000 0.8750 0.9375 0.9063 0.8750 0.9063 0.9375 0.8750 0.9375 0.8750 0.8750 0.9062 0.8125 0.9063 0.8750 0.8750 0.8750 0.8750 0.8125 0.9062 0.7500 0.9062 0.8125 0.8750 0.8125 0.8750 0.7500 0.9062 0.6875 0.9062 0.7500 0.8750 0.7500 0.8750 0.6875 0.9062 0.6250 0.9062 0.6875 0.8750 0.6875 0.8750 0.6250 0.9062 0.5625 0.9062 0.6250 0.8750 0.6250 0.8750 0.5625 0.8750 0.6875 0.8750 0.7500 0.8438 0.7500 0.8438 0.6875 0.8750 0.6250 0.8750 0.6875 0.8438 0.6875 0.8438 0.6250 0.8750 0.5625 0.8750 0.6250 0.8438 0.6250 0.8438 0.5625 0.8750 0.9375 0.8594 1.0000 0.8438 0.9375 0.8750 0.8750 0.8750 0.9375 0.8438 0.9375 0.8438 0.8750 0.8750 0.8125 0.8750 0.8750 0.8438 0.8750 0.8438 0.8125 0.8750 0.7500 0.8750 0.8125 0.8438 0.8125 0.8438 0.7500 0.8438 0.8750 0.8438 0.9375 0.8125 0.9375 0.8125 0.8750 0.8438 0.8125 0.8438 0.8750 0.8125 0.8750 0.8125 0.8125 0.8438 0.7500 0.8438 0.8125 0.8125 0.8125 0.8125 0.7500 0.8438 0.6875 0.8438 0.7500 0.8125 0.7500 0.8125 0.6875 0.8438 0.6250 0.8438 0.6875 0.8125 0.6875 0.8125 0.6250 0.8438 0.5625 0.8438 0.6250 0.8125 0.6250 0.8125 0.5625 0.8438 0.9375 0.8281 1.0000 0.8125 0.9375 0.8125 0.6250 0.8125 0.6875 0.7812 0.6875 0.7812 0.6250 0.8125 0.5625 0.8125 0.6250 0.7812 0.6250 0.7812 0.5625 0.8125 0.9375 0.7969 1.0000 0.7812 0.9375 0.8125 0.8750 0.8125 0.9375 0.7812 0.9375 0.7812 0.8750 0.8125 0.8125 0.8125 0.8750 0.7812 0.8750 0.7812 0.8125 0.8125 0.7500 0.8125 0.8125 0.7812 0.8125 0.7812 0.7500 0.8125 0.6875 0.8125 0.7500 0.7812 0.7500 0.7812 0.6875 0.7812 0.8750 0.7812 0.9375 0.7500 0.9375 0.7500 0.8750 0.7812 0.8125 0.7812 0.8750 0.7500 0.8750 0.7500 0.8125 0.7812 0.7500 0.7812 0.8125 0.7500 0.8125 0.7500 0.7500 0.7812 0.6875 0.7812 0.7500 0.7500 0.7500 0.7500 0.6875 0.7812 0.6250 0.7812 0.6875 0.7500 0.6875 0.7500 0.6250 0.7812 0.5625 0.7812 0.6250 0.7500 0.6250 0.7500 0.5625 0.7812 0.9375 0.7656 1.0000 0.7500 0.9375 0.7812 0.5625 0.7500 0.5625 0.7500 0.5625 0.7812 0.5625 0.8438 0.5625 0.8125 0.5625 0.8125 0.5625 0.8438 0.5625 0.5937 0.5625 0.5625 0.5625 0.5625 0.5625 0.5937 0.5625 0.9688 0.5625 0.9375 0.5625 0.9375 0.5625 0.9688 0.5625 0.8125 0.5625 0.7812 0.5625 0.7812 0.5625 0.8125 0.5625 0.7188 0.5625 0.6875 0.5625 0.6875 0.5625 0.7188 0.5625 0.9375 0.5625 0.9062 0.5625 0.9062 0.5625 0.9375 0.5625 0.7500 0.5625 0.7188 0.5625 0.7188 0.5625 0.7500 0.5625 0.5625 0.5625 0.5312 0.5625 0.5312 0.5625 0.5625 0.5625 0.6875 0.5625 0.6562 0.5625 0.6562 0.5625 0.6875 0.5625 0.9062 0.5625 0.8750 0.5625 0.8750 0.5625 0.9062 0.5625 0.5312 0.5625 0.5000 0.5625 0.5000 0.5625 0.5312 0.5625 0.6562 0.5625 0.6250 0.5625 0.6250 0.5625 0.6562 0.5625 0.8750 0.5625 0.8438 0.5625 0.8438 0.5625 0.8750 0.5625 1.0000 0.5625 0.9688 0.5625 0.9688 0.5625 1.0000 0.5625 0.6250 0.5625 0.5937 0.5625 0.5937 0.5625 0.6250 0.5625 0.7500 0.8750 0.7500 0.9375 0.7187 0.9375 0.7188 0.8750 0.7500 0.8125 0.7500 0.8750 0.7188 0.8750 0.7188 0.8125 0.7500 0.7500 0.7500 0.8125 0.7188 0.8125 0.7188 0.7500 0.7500 0.6875 0.7500 0.7500 0.7188 0.7500 0.7188 0.6875 0.7500 0.6250 0.7500 0.6875 0.7188 0.6875 0.7188 0.6250 0.7500 0.5625 0.7500 0.6250 0.7188 0.6250 0.7188 0.5625 0.7500 0.9375 0.7344 1.0000 0.7187 0.9375 0.7187 0.9375 0.7031 1.0000 0.6875 0.9375 0.7188 0.8750 0.7187 0.9375 0.6875 0.9375 0.6875 0.8750 0.7188 0.8125 0.7188 0.8750 0.6875 0.8750 0.6875 0.8125 0.7188 0.7500 0.7188 0.8125 0.6875 0.8125 0.6875 0.7500 0.7188 0.6875 0.7188 0.7500 0.6875 0.7500 0.6875 0.6875 0.7188 0.6250 0.7188 0.6875 0.6875 0.6875 0.6875 0.6250 0.7188 0.5625 0.7188 0.6250 0.6875 0.6250 0.6875 0.5625 0.6875 0.6875 0.6875 0.7500 0.6562 0.7500 0.6562 0.6875 0.6875 0.6250 0.6875 0.6875 0.6562 0.6875 0.6562 0.6250 0.6875 0.5625 0.6875 0.6250 0.6562 0.6250 0.6562 0.5625 0.6875 0.9375 0.6719 1.0000 0.6562 0.9375 0.6875 0.8750 0.6875 0.9375 0.6562 0.9375 0.6562 0.8750 0.6875 0.8125 0.6875 0.8750 0.6562 0.8750 0.6562 0.8125 0.6875 0.7500 0.6875 0.8125 0.6562 0.8125 0.6562 0.7500 0.6562 0.9375 0.6406 1.0000 0.6250 0.9375 0.6562 0.8750 0.6562 0.9375 0.6250 0.9375 0.6250 0.8750 0.6562 0.8125 0.6562 0.8750 0.6250 0.8750 0.6250 0.8125 0.6562 0.7500 0.6562 0.8125 0.6250 0.8125 0.6250 0.7500 0.6562 0.6875 0.6562 0.7500 0.6250 0.7500 0.6250 0.6875 0.6562 0.6250 0.6562 0.6875 0.6250 0.6875 0.6250 0.6250 0.6562 0.5625 0.6562 0.6250 0.6250 0.6250 0.6250 0.5625 0.6250 0.6875 0.6250 0.7500 0.5937 0.7500 0.5937 0.6875 0.6250 0.6250 0.6250 0.6875 0.5937 0.6875 0.5937 0.6250 0.6250 0.5625 0.6250 0.6250 0.5937 0.6250 0.5937 0.5625 0.6250 0.9375 0.6094 1.0000 0.5937 0.9375 0.6250 0.8750 0.6250 0.9375 0.5937 0.9375 0.5937 0.8750 0.6250 0.8125 0.6250 0.8750 0.5937 0.8750 0.5937 0.8125 0.6250 0.7500 0.6250 0.8125 0.5937 0.8125 0.5937 0.7500 0.5937 0.8750 0.5937 0.9375 0.5625 0.9375 0.5625 0.8750 0.5937 0.8125 0.5937 0.8750 0.5625 0.8750 0.5625 0.8125 0.5937 0.7500 0.5937 0.8125 0.5625 0.8125 0.5625 0.7500 0.5937 0.6875 0.5937 0.7500 0.5625 0.7500 0.5625 0.6875 0.5937 0.6250 0.5937 0.6875 0.5625 0.6875 0.5625 0.6250 0.5937 0.5625 0.5937 0.6250 0.5625 0.6250 0.5625 0.5625 0.5937 0.9375 0.5781 1.0000 0.5625 0.9375 0.5625 0.6250 0.5625 0.6875 0.5312 0.6875 0.5312 0.6250 0.5625 0.5625 0.5625 0.6250 0.5312 0.6250 0.5312 0.5625 0.5625 0.9375 0.5469 1.0000 0.5312 0.9375 0.5625 0.8750 0.5625 0.9375 0.5312 0.9375 0.5312 0.8750 0.5625 0.8125 0.5625 0.8750 0.5312 0.8750 0.5312 0.8125 0.5625 0.7500 0.5625 0.8125 0.5312 0.8125 0.5312 0.7500 0.5625 0.6875 0.5625 0.7500 0.5312 0.7500 0.5312 0.6875 0.5312 0.8125 0.5312 0.8750 0.5000 0.8750 0.5000 0.8125 0.5312 0.7500 0.5312 0.8125 0.5000 0.8125 0.5000 0.7500 0.5312 0.6875 0.5312 0.7500 0.5000 0.7500 0.5000 0.6875 0.5312 0.6250 0.5312 0.6875 0.5000 0.6875 0.5000 0.6250 0.5312 0.5625 0.5312 0.6250 0.5000 0.6250 0.5000 0.5625 0.5312 0.9375 0.5156 1.0000 0.5000 0.9375 0.5312 0.8750 0.5312 0.9375 0.5000 0.9375 0.5000 0.8750 1.0000 0.7500 1.0000 0.8125 0.9688 0.8125 0.9688 0.7500 1.0000 0.6875 1.0000 0.7500 0.9688 0.7500 0.9688 0.6875 1.0000 0.6250 1.0000 0.6875 0.9688 0.6875 0.9688 0.6250 1.0000 0.5625 1.0000 0.6250 0.9688 0.6250 0.9688 0.5625 1.0000 0.9375 0.9844 1.0000 0.9688 0.9375 1.0000 0.8750 1.0000 0.9375 0.9688 0.9375 0.9688 0.8750 1.0000 0.8125 1.0000 0.8750 0.9688 0.8750 0.9688 0.8125 0.9688 0.9375 0.9531 1.0000 0.9375 0.9375 0.9688 0.8750 0.9688 0.9375 0.9375 0.9375 0.9375 0.8750 0.9688 0.8125 0.9688 0.8750 0.9375 0.8750 0.9375 0.8125 0.9688 0.7500 0.9688 0.8125 0.9375 0.8125 0.9375 0.7500 0.9688 0.6875 0.9688 0.7500 0.9375 0.7500 0.9375 0.6875 0.9688 0.6250 0.9688 0.6875 0.9375 0.6875 0.9375 0.6250 0.9688 0.5625 0.9688 0.6250 0.9375 0.6250 0.9375 0.5625 0.9375 0.6875 0.9375 0.7500 0.9062 0.7500 0.9062 0.6875 0.9375 0.6250 0.9375 0.6875 0.9062 0.6875 0.9062 0.6250 0.9375 0.5625 0.9375 0.6250 0.9062 0.6250 0.9062 0.5625 0.9375 0.9375 0.9219 1.0000 0.9063 0.9375 0.9375 0.8750 0.9375 0.9375 0.9063 0.9375 0.9063 0.8750 0.9375 0.8125 0.9375 0.8750 0.9063 0.8750 0.9062 0.8125 0.9375 0.7500 0.9375 0.8125 0.9062 0.8125 0.9062 0.7500 0.9063 0.9375 0.8906 1.0000 0.8750 0.9375 0.9063 0.8750 0.9063 0.9375 0.8750 0.9375 0.8750 0.8750 0.9062 0.8125 0.9063 0.8750 0.8750 0.8750 0.8750 0.8125 0.9062 0.7500 0.9062 0.8125 0.8750 0.8125 0.8750 0.7500 0.9062 0.6875 0.9062 0.7500 0.8750 0.7500 0.8750 0.6875 0.9062 0.6250 0.9062 0.6875 0.8750 0.6875 0.8750 0.6250 0.9062 0.5625 0.9062 0.6250 0.8750 0.6250 0.8750 0.5625 0.8750 0.6875 0.8750 0.7500 0.8438 0.7500 0.8438 0.6875 0.8750 0.6250 0.8750 0.6875 0.8438 0.6875 0.8438 0.6250 0.8750 0.5625 0.8750 0.6250 0.8438 0.6250 0.8438 0.5625 0.8750 0.9375 0.8594 1.0000 0.8438 0.9375 0.8750 0.8750 0.8750 0.9375 0.8438 0.9375 0.8438 0.8750 0.8750 0.8125 0.8750 0.8750 0.8438 0.8750 0.8438 0.8125 0.8750 0.7500 0.8750 0.8125 0.8438 0.8125 0.8438 0.7500 0.8438 0.8750 0.8438 0.9375 0.8125 0.9375 0.8125 0.8750 0.8438 0.8125 0.8438 0.8750 0.8125 0.8750 0.8125 0.8125 0.8438 0.7500 0.8438 0.8125 0.8125 0.8125 0.8125 0.7500 0.8438 0.6875 0.8438 0.7500 0.8125 0.7500 0.8125 0.6875 0.8438 0.6250 0.8438 0.6875 0.8125 0.6875 0.8125 0.6250 0.8438 0.5625 0.8438 0.6250 0.8125 0.6250 0.8125 0.5625 0.8438 0.9375 0.8281 1.0000 0.8125 0.9375 0.8125 0.6250 0.8125 0.6875 0.7812 0.6875 0.7812 0.6250 0.8125 0.5625 0.8125 0.6250 0.7812 0.6250 0.7812 0.5625 0.8125 0.9375 0.7969 1.0000 0.7812 0.9375 0.8125 0.8750 0.8125 0.9375 0.7812 0.9375 0.7812 0.8750 0.8125 0.8125 0.8125 0.8750 0.7812 0.8750 0.7812 0.8125 0.8125 0.7500 0.8125 0.8125 0.7812 0.8125 0.7812 0.7500 0.8125 0.6875 0.8125 0.7500 0.7812 0.7500 0.7812 0.6875 0.7812 0.8750 0.7812 0.9375 0.7500 0.9375 0.7500 0.8750 0.7812 0.8125 0.7812 0.8750 0.7500 0.8750 0.7500 0.8125 0.7812 0.7500 0.7812 0.8125 0.7500 0.8125 0.7500 0.7500 0.7812 0.6875 0.7812 0.7500 0.7500 0.7500 0.7500 0.6875 0.7812 0.6250 0.7812 0.6875 0.7500 0.6875 0.7500 0.6250 0.7812 0.5625 0.7812 0.6250 0.7500 0.6250 0.7500 0.5625 0.7812 0.9375 0.7656 1.0000 0.7500 0.9375 0.7812 0.5625 0.7500 0.5625 0.7500 0.5625 0.7812 0.5625 0.8438 0.5625 0.8125 0.5625 0.8125 0.5625 0.8438 0.5625 0.5937 0.5625 0.5625 0.5625 0.5625 0.5625 0.5937 0.5625 0.9688 0.5625 0.9375 0.5625 0.9375 0.5625 0.9688 0.5625 0.8125 0.5625 0.7812 0.5625 0.7812 0.5625 0.8125 0.5625 0.7188 0.5625 0.6875 0.5625 0.6875 0.5625 0.7188 0.5625 0.9375 0.5625 0.9062 0.5625 0.9062 0.5625 0.9375 0.5625 0.7500 0.5625 0.7188 0.5625 0.7188 0.5625 0.7500 0.5625 0.5625 0.5625 0.5312 0.5625 0.5312 0.5625 0.5625 0.5625 0.6875 0.5625 0.6562 0.5625 0.6562 0.5625 0.6875 0.5625 0.9062 0.5625 0.8750 0.5625 0.8750 0.5625 0.9062 0.5625 0.5312 0.5625 0.5000 0.5625 0.5000 0.5625 0.5312 0.5625 0.6562 0.5625 0.6250 0.5625 0.6250 0.5625 0.6562 0.5625 0.8750 0.5625 0.8438 0.5625 0.8438 0.5625 0.8750 0.5625 1.0000 0.5625 0.9688 0.5625 0.9688 0.5625 1.0000 0.5625 0.6250 0.5625 0.5937 0.5625 0.5937 0.5625 0.6250 0.5625 0.5000 0.5625 0.5000 0.5625 0.5000 0.5625 0.5000 0.5625 1.0000 0.6250 1.0000 0.5625 1.0000 0.5625 1.0000 0.6250 0.5000 0.8750 0.5000 0.9375 0.5000 0.9375 0.5000 0.8750 0.9844 1.0000 1.0000 0.9375 1.0000 0.9375 0.9844 1.0000 1.0000 0.9375 1.0000 0.8750 1.0000 0.8750 1.0000 0.9375 0.5000 0.8125 0.5000 0.8750 0.5000 0.8750 0.5000 0.8125 1.0000 0.8750 1.0000 0.8125 1.0000 0.8125 1.0000 0.8750 0.5000 0.7500 0.5000 0.8125 0.5000 0.8125 0.5000 0.7500 1.0000 0.8125 1.0000 0.7500 1.0000 0.7500 1.0000 0.8125 0.5000 0.9375 0.5156 1.0000 0.5156 1.0000 0.5000 0.9375 0.5000 0.6875 0.5000 0.7500 0.5000 0.7500 0.5000 0.6875 1.0000 0.7500 1.0000 0.6875 1.0000 0.6875 1.0000 0.7500 0.5000 0.9375 0.5156 1.0000 0.5156 1.0000 0.5000 0.9375 0.5000 0.6250 0.5000 0.6875 0.5000 0.6875 0.5000 0.6250 1.0000 0.6875 1.0000 0.6250 1.0000 0.6250 1.0000 0.6875 1.0000 0.5625 1.0000 0.5625 1.0000 0.5625 1.0000 0.5625 0.5000 0.8750 0.5000 0.9375 0.5000 0.9375 0.5000 0.8750 0.5000 0.5625 0.5000 0.6250 0.5000 0.6250 0.5000 0.5625 1.0000 0.9375 1.0000 0.8750 1.0000 0.8750 1.0000 0.9375 0.5000 0.8125 0.5000 0.8750 0.5000 0.8750 0.5000 0.8125 0.9844 1.0000 1.0000 0.9375 1.0000 0.9375 0.9844 1.0000 1.0000 0.6250 1.0000 0.5625 1.0000 0.5625 1.0000 0.6250 1.0000 0.8750 1.0000 0.8125 1.0000 0.8125 1.0000 0.8750 0.5000 0.5625 0.5000 0.6250 0.5000 0.6250 0.5000 0.5625 0.5000 0.7500 0.5000 0.8125 0.5000 0.8125 0.5000 0.7500 1.0000 0.8125 1.0000 0.7500 1.0000 0.7500 1.0000 0.8125 0.5000 0.6875 0.5000 0.7500 0.5000 0.7500 0.5000 0.6875 1.0000 0.7500 1.0000 0.6875 1.0000 0.6875 1.0000 0.7500 1.0000 0.5625 1.0000 0.5625 1.0000 0.5625 1.0000 0.5625 0.5000 0.6250 0.5000 0.6875 0.5000 0.6875 0.5000 0.6250 1.0000 0.6875 1.0000 0.6250 1.0000 0.6250 1.0000 0.6875 1.0000 0.9375 1.0000 0.8750 1.0000 0.8796 1.0000 0.9421 1.0000 0.9421 1.0000 0.8796 1.0000 0.8931 1.0000 0.9375 0.5000 0.9375 0.5000 0.8931 0.5000 0.8796 0.5000 0.9421 0.5000 0.9421 0.5000 0.8796 0.5000 0.8750 0.5000 0.9375 1.0000 0.8750 1.0000 0.8125 1.0000 0.8200 1.0000 0.8825 1.0000 0.8825 1.0000 0.8200 1.0000 0.8418 1.0000 0.8750 0.5000 0.8750 0.5000 0.8418 0.5000 0.8200 0.5000 0.8825 0.5000 0.8825 0.5000 0.8200 0.5000 0.8125 0.5000 0.8750 1.0000 0.8125 1.0000 0.7500 1.0000 0.7601 1.0000 0.8226 1.0000 0.8226 1.0000 0.7601 1.0000 0.7895 1.0000 0.8125 0.5000 0.8125 0.5000 0.7895 0.5000 0.7601 0.5000 0.8226 0.5000 0.8226 0.5000 0.7601 0.5000 0.7500 0.5000 0.8125 1.0000 0.7500 1.0000 0.6875 1.0000 0.6999 1.0000 0.7624 1.0000 0.7624 1.0000 0.6999 1.0000 0.7357 1.0000 0.7500 0.5000 0.7500 0.5000 0.7357 0.5000 0.6999 0.5000 0.7624 0.5000 0.7624 0.5000 0.6999 0.5000 0.6875 0.5000 0.7500 1.0000 0.6875 1.0000 0.6250 1.0000 0.6392 1.0000 0.7017 1.0000 0.7017 1.0000 0.6392 1.0000 0.6800 1.0000 0.6875 0.5000 0.6875 0.5000 0.6800 0.5000 0.6392 0.5000 0.7017 0.5000 0.7017 0.5000 0.6392 0.5000 0.6250 0.5000 0.6875 1.0000 0.6250 1.0000 0.5625 1.0000 0.5780 1.0000 0.6405 1.0000 0.6405 1.0000 0.5780 1.0000 0.6222 1.0000 0.6250 0.5000 0.6250 0.5000 0.6222 0.5000 0.5780 0.5000 0.6405 0.5000 0.6405 0.5000 0.5780 0.5000 0.5625 0.5000 0.6250 1.0000 0.9375 1.0000 0.8750 1.0000 0.8796 1.0000 0.9421 1.0000 0.9421 1.0000 0.8796 1.0000 0.8931 1.0000 0.9375 0.5000 0.9375 0.5000 0.8931 0.5000 0.8796 0.5000 0.9421 0.5000 0.9421 0.5000 0.8796 0.5000 0.8750 0.5000 0.9375 1.0000 0.8750 1.0000 0.8125 1.0000 0.8200 1.0000 0.8825 1.0000 0.8825 1.0000 0.8200 1.0000 0.8418 1.0000 0.8750 0.5000 0.8750 0.5000 0.8418 0.5000 0.8200 0.5000 0.8825 0.5000 0.8825 0.5000 0.8200 0.5000 0.8125 0.5000 0.8750 1.0000 0.8125 1.0000 0.7500 1.0000 0.7601 1.0000 0.8226 1.0000 0.8226 1.0000 0.7601 1.0000 0.7895 1.0000 0.8125 0.5000 0.8125 0.5000 0.7895 0.5000 0.7601 0.5000 0.8226 0.5000 0.8226 0.5000 0.7601 0.5000 0.7500 0.5000 0.8125 1.0000 0.7500 1.0000 0.6875 1.0000 0.6999 1.0000 0.7624 1.0000 0.7624 1.0000 0.6999 1.0000 0.7357 1.0000 0.7500 0.5000 0.7500 0.5000 0.7357 0.5000 0.6999 0.5000 0.7624 0.5000 0.7624 0.5000 0.6999 0.5000 0.6875 0.5000 0.7500 1.0000 0.6875 1.0000 0.6250 1.0000 0.6392 1.0000 0.7017 1.0000 0.7017 1.0000 0.6392 1.0000 0.6800 1.0000 0.6875 0.5000 0.6875 0.5000 0.6800 0.5000 0.6392 0.5000 0.7017 0.5000 0.7017 0.5000 0.6392 0.5000 0.6250 0.5000 0.6875 1.0000 0.5625 1.0000 0.5625 1.0000 0.5625 1.0000 0.5625 1.0000 0.5625 1.0000 0.5625 1.0000 0.5625 1.0000 0.5625 0.5000 0.5625 0.5000 0.5625 0.5000 0.5625 0.5000 0.5625 0.5000 0.5625 0.5000 0.5625 0.5000 0.5625 0.5000 0.5625 1.0000 0.6250 1.0000 0.5625 1.0000 0.5780 1.0000 0.6405 1.0000 0.6405 1.0000 0.5780 1.0000 0.6222 1.0000 0.6250 0.5000 0.6250 0.5000 0.6222 0.5000 0.5780 0.5000 0.6405 0.5000 0.6405 0.5000 0.5780 0.5000 0.5625 0.5000 0.6250 0.9844 1.0000 1.0000 0.9375 0.9996 0.9391 0.9840 1.0016 0.9840 1.0016 0.9996 0.9391 0.9985 0.9436 0.9844 1.0000 0.5156 1.0000 0.5015 0.9436 0.5004 0.9391 0.5160 1.0016 0.5160 1.0016 0.5004 0.9391 0.5000 0.9375 0.5156 1.0000 0.9844 1.0000 1.0000 0.9375 0.9996 0.9391 0.9840 1.0016 0.9840 1.0016 0.9996 0.9391 0.9985 0.9436 0.9844 1.0000 0.5156 1.0000 0.5015 0.9436 0.5004 0.9391 0.5160 1.0016 0.5160 1.0016 0.5004 0.9391 0.5000 0.9375 0.5156 1.0000 1.0000 0.5625 1.0000 0.5625 1.0000 0.5625 1.0000 0.5625 1.0000 0.5625 1.0000 0.5625 1.0000 0.5625 1.0000 0.5625 0.5000 0.5625 0.5000 0.5625 0.5000 0.5625 0.5000 0.5625 0.5000 0.5625 0.5000 0.5625 0.5000 0.5625 0.5000 0.5625 0.5000 0.5625 0.5000 0.5625 0.5000 0.5625 0.5000 0.5625 0.7188 0.5625 0.6875 0.5625 0.6562 0.5625 0.6250 0.5625 0.5937 0.5625 0.5625 0.5625 0.5312 0.5625 0.5000 0.5625 1.0000 0.5625 0.9688 0.5625 0.9375 0.5625 0.9062 0.5625 0.8750 0.5625 0.8438 0.5625 0.8125 0.5625 0.7812 0.5625 0.7500 0.5625 0.5000 0.5625 1.0000 0.5625 1.0000 0.5625 0.5000 0.5625 1.0000 0.5625 0.5000 0.5625 0.5000 0.5625 1.0000 0.5625 1.0000 0.5625 0.5000 0.5625 0.5000 0.5625 1.0000 0.5625 1.0000 0.5625 0.5000 0.5625 1.0000 0.5625 0.5000 0.5625 0.5000 0.5625 1.0000 0.5625 1.0000 0.5625 0.5000 0.5625 1.0000 0.5625 0.5000 0.5625 0.5000 0.5625 1.0000 0.5625 0.7188 0.5625 0.6875 0.5625 0.6562 0.5625 0.6250 0.5625 0.5937 0.5625 0.5625 0.5625 0.5312 0.5625 0.5000 0.5625 1.0000 0.5625 0.9688 0.5625 0.9375 0.5625 0.9062 0.5625 0.8750 0.5625 0.8438 0.5625 0.8125 0.5625 0.7812 0.5625 0.7500 0.5625 " />
						</IndexedFaceSet>
					</Shape>
				</Group>
			</Transform>
		</Transform>
		<Transform DEF="RC-Connection_TRANSFORM"
		           translation="0.002029 0.875921 1.059037"
		           scale="0.088652 0.088652 0.088652"
		           rotation="0.000000 0.707107 0.707107 3.141593"
		           >
			<Transform DEF="RC-Connection_ifs_TRANSFORM"
			           translation="0.000000 0.000000 0.000000"
			           scale="1.000000 1.000000 1.000000"
			           rotation="0.000000 1.000000 0.000000 0.000000"
			           >
				<Group DEF="group_ME_Circle_002">
					<Shape>
						<Appearance>
						</Appearance>
						<IndexedFaceSet solid="false"
						                creaseAngle="0.5236"
						                texCoordIndex="0 1 2 3 -1 4 5 6 7 -1 8 9 10 11 -1 12 13 14 15 -1 16 17 18 19 -1 20 21 22 23 -1 24 25 26 27 -1 28 29 30 31 -1 32 33 34 35 -1 36 37 38 39 -1 40 41 42 43 -1 44 45 46 47 -1 48 49 50 51 -1 52 53 54 55 -1 56 57 58 59 -1 60 61 62 63 -1 64 65 66 67 -1 68 69 70 71 -1 72 73 74 75 -1 76 77 78 79 -1 80 81 82 83 -1 84 85 86 87 -1 88 89 90 91 -1 92 93 94 95 -1 96 97 98 99 -1 100 101 102 103 -1 104 105 106 107 -1 108 109 110 111 -1 112 113 114 115 -1 116 117 118 119 -1 120 121 122 123 -1 124 125 126 127 -1 128 129 130 131 -1 132 133 134 135 -1 136 137 138 139 -1 140 141 142 143 -1 144 145 146 147 -1 148 149 150 151 -1 152 153 154 155 -1 156 157 158 159 -1 160 161 162 163 -1 164 165 166 167 -1 168 169 170 171 -1 172 173 174 175 -1 176 177 178 179 -1 180 181 182 183 -1 184 185 186 187 -1 188 189 190 191 -1 192 193 194 195 -1 196 197 198 199 -1 200 201 202 203 -1 204 205 206 207 -1 208 209 210 211 -1 212 213 214 215 -1 216 217 218 219 -1 220 221 222 223 -1 224 225 226 227 -1 228 229 230 231 -1 232 233 234 235 -1 236 237 238 239 -1 240 241 242 243 -1 244 245 246 247 -1 248 249 250 251 -1 252 253 254 255 -1 256 257 258 259 -1 260 261 262 263 -1 264 265 266 267 -1 268 269 270 271 -1 272 273 274 275 -1 276 277 278 279 -1 280 281 282 283 -1 284 285 286 287 -1 288 289 290 291 -1 292 293 294 295 -1 296 297 298 299 -1 300 301 302 303 -1 304 305 306 307 -1 308 309 310 311 -1 312 313 314 315 -1 316 317 318 319 -1 320 321 322 323 -1 324 325 326 327 -1 328 329 330 331 -1 332 333 334 335 -1 336 337 338 339 -1 340 341 342 343 -1 344 345 346 347 -1 348 349 350 351 -1 352 353 354 355 -1 356 357 358 359 -1 360 361 362 363 -1 364 365 366 367 -1 368 369 370 371 -1 372 373 374 375 -1 376 377 378 379 -1 380 381 382 383 -1 384 385 386 387 -1 388 389 390 391 -1 392 393 394 395 -1 396 397 398 399 -1 400 401 402 403 -1 404 405 406 407 -1 408 409 410 411 -1 412 413 414 415 -1 416 417 418 419 -1 420 421 422 423 -1 424 425 426 427 -1 428 429 430 431 -1 432 433 434 435 -1 436 437 438 439 -1 440 441 442 443 -1 444 445 446 447 -1 448 449 450 451 -1 452 453 454 455 -1 456 457 458 459 -1 460 461 462 463 -1 464 465 466 467 -1 468 469 470 471 -1 472 473 474 475 -1 476 477 478 479 -1 480 481 482 483 -1 484 485 486 487 -1 488 489 490 491 -1 492 493 494 495 -1 496 497 498 499 -1 500 501 502 503 -1 504 505 506 507 -1 508 509 510 511 -1 512 513 514 515 -1 516 517 518 519 -1 520 521 522 523 -1 524 525 526 527 -1 528 529 530 531 532 533 534 535 536 537 538 539 540 541 542 543 544 545 546 547 548 549 550 551 552 553 554 555 556 557 558 559 560 561 562 563 564 565 566 567 568 569 570 571 -1 572 573 574 575 576 577 578 579 580 581 582 583 584 585 586 587 588 589 590 591 592 593 594 595 596 597 598 599 600 601 602 603 604 605 606 607 608 609 610 611 612 613 614 615 -1 616 617 618 619 -1 620 621 622 623 -1 624 625 626 627 -1 628 629 630 631 -1 632 633 634 635 -1 636 637 638 639 -1 640 641 642 643 -1 644 645 646 647 -1 648 649 650 651 -1 652 653 654 655 -1 656 657 658 659 -1 660 661 662 663 -1 664 665 666 667 -1 668 669 670 671 -1 672 673 674 675 -1 676 677 678 679 -1 680 681 682 683 -1 684 685 686 687 -1 688 689 690 691 -1 692 693 694 695 -1 696 697 698 699 -1 700 701 702 703 -1 704 705 706 707 -1 708 709 710 711 -1 712 713 714 715 -1 716 717 718 719 -1 720 721 722 723 -1 724 725 726 727 -1 728 729 730 731 -1 732 733 734 735 -1 736 737 738 739 -1 740 741 742 743 -1 744 745 746 747 -1 748 749 750 751 -1 752 753 754 755 -1 756 757 758 759 -1 760 761 762 763 -1 764 765 766 767 -1 768 769 770 771 -1 772 773 774 775 -1 776 777 778 779 -1 780 781 782 783 -1 784 785 786 787 -1 788 789 790 791 -1 792 793 794 795 -1 796 797 798 799 -1 800 801 802 803 -1 804 805 806 807 -1 808 809 810 811 -1 812 813 814 815 -1 816 817 818 819 -1 820 821 822 823 -1 824 825 826 827 -1 828 829 830 831 -1 832 833 834 835 -1 836 837 838 839 -1 840 841 842 843 -1 844 845 846 847 -1 848 849 850 851 -1 852 853 854 855 -1 856 857 858 859 -1 860 861 862 863 -1 864 865 866 867 -1 868 869 870 871 -1 872 873 874 875 -1 876 877 878 879 -1 880 881 882 883 -1 884 885 886 887 -1 888 889 890 891 -1 892 893 894 895 -1 896 897 898 899 -1 900 901 902 903 -1 904 905 906 907 908 909 910 911 912 913 914 915 916 917 918 919 920 921 922 923 924 925 926 927 -1 "
						                coordIndex="102 18 17 98 -1 47 44 3 4 -1 83 80 15 16 -1 65 63 9 10 -1 50 47 4 5 -1 89 87 171 172 -1 53 50 5 6 -1 38 36 0 1 -1 63 96 174 9 -1 56 53 6 7 -1 156 89 172 184 -1 71 68 11 12 -1 59 56 7 8 -1 92 159 185 173 -1 74 71 12 13 -1 8 171 87 59 -1 68 65 10 11 -1 41 38 1 2 -1 77 74 13 14 -1 96 92 173 174 -1 44 41 2 3 -1 80 77 14 15 -1 111 21 20 108 -1 147 33 32 144 -1 129 27 26 125 -1 114 22 21 111 -1 153 183 182 149 -1 117 23 22 114 -1 105 19 18 102 -1 125 26 34 164 -1 120 24 23 117 -1 156 184 183 153 -1 135 29 28 132 -1 123 25 24 120 -1 162 186 185 159 -1 138 30 29 135 -1 25 123 149 182 -1 132 28 27 129 -1 98 17 33 147 -1 141 31 30 138 -1 164 34 186 162 -1 108 20 19 105 -1 144 32 31 141 -1 36 83 16 0 -1 39 35 37 40 -1 40 37 36 38 -1 42 39 40 43 -1 43 40 38 41 -1 45 42 43 46 -1 46 43 41 44 -1 48 45 46 49 -1 49 46 44 47 -1 51 48 49 52 -1 52 49 47 50 -1 54 51 52 55 -1 55 52 50 53 -1 57 54 55 58 -1 58 55 53 56 -1 60 57 58 61 -1 61 58 56 59 -1 66 62 64 67 -1 67 64 63 65 -1 69 66 67 70 -1 70 67 65 68 -1 72 69 70 73 -1 73 70 68 71 -1 75 72 73 76 -1 76 73 71 74 -1 78 75 76 79 -1 79 76 74 77 -1 81 78 79 82 -1 82 79 77 80 -1 84 81 82 85 -1 85 82 80 83 -1 35 84 85 37 -1 37 85 83 36 -1 90 86 88 91 -1 91 88 87 89 -1 155 90 91 157 -1 157 91 89 156 -1 62 95 97 64 -1 64 97 96 63 -1 93 158 160 94 -1 94 160 159 92 -1 95 93 94 97 -1 97 94 92 96 -1 86 60 61 88 -1 88 61 59 87 -1 102 98 100 103 -1 103 100 99 101 -1 105 102 103 106 -1 106 103 101 104 -1 108 105 106 109 -1 109 106 104 107 -1 111 108 109 112 -1 112 109 107 110 -1 114 111 112 115 -1 115 112 110 113 -1 117 114 115 118 -1 118 115 113 116 -1 120 117 118 121 -1 121 118 116 119 -1 123 120 121 124 -1 124 121 119 122 -1 129 125 127 130 -1 130 127 126 128 -1 132 129 130 133 -1 133 130 128 131 -1 135 132 133 136 -1 136 133 131 134 -1 138 135 136 139 -1 139 136 134 137 -1 141 138 139 142 -1 142 139 137 140 -1 144 141 142 145 -1 145 142 140 143 -1 147 144 145 148 -1 148 145 143 146 -1 98 147 148 100 -1 100 148 146 99 -1 153 149 151 154 -1 154 151 150 152 -1 156 153 154 157 -1 157 154 152 155 -1 125 164 166 127 -1 127 166 165 126 -1 162 159 160 163 -1 163 160 158 161 -1 164 162 163 166 -1 166 163 161 165 -1 149 123 124 151 -1 151 124 122 150 -1 35 39 42 45 48 51 54 57 60 86 90 155 152 150 122 119 116 113 110 107 104 101 99 146 143 140 137 134 131 128 126 165 161 158 93 95 62 66 69 72 75 78 81 84 -1 8 7 6 5 4 3 2 1 0 16 15 14 13 12 11 10 9 174 173 185 186 34 26 27 28 29 30 31 32 33 17 18 19 20 21 22 23 24 25 182 183 184 172 171 -1 167 168 193 191 -1 169 170 199 196 -1 170 171 202 199 -1 171 172 205 202 -1 173 174 211 208 -1 172 184 242 205 -1 174 175 214 211 -1 185 173 208 245 -1 175 176 217 214 -1 176 177 220 217 -1 178 223 227 179 -1 168 169 196 193 -1 179 227 230 180 -1 180 230 233 181 -1 181 233 236 182 -1 182 236 239 183 -1 186 248 251 34 -1 183 239 242 184 -1 34 251 254 187 -1 185 245 248 186 -1 187 254 257 188 -1 188 257 260 189 -1 189 260 223 178 -1 177 167 191 220 -1 194 190 192 195 -1 195 192 191 193 -1 197 194 195 198 -1 198 195 193 196 -1 200 197 198 201 -1 201 198 196 199 -1 203 200 201 204 -1 204 201 199 202 -1 206 203 204 207 -1 207 204 202 205 -1 241 206 207 243 -1 243 207 205 242 -1 209 244 246 210 -1 210 246 245 208 -1 212 209 210 213 -1 213 210 208 211 -1 215 212 213 216 -1 216 213 211 214 -1 218 215 216 219 -1 219 216 214 217 -1 221 218 219 222 -1 222 219 217 220 -1 190 221 222 192 -1 192 222 220 191 -1 227 223 225 228 -1 228 225 224 226 -1 230 227 228 231 -1 231 228 226 229 -1 233 230 231 234 -1 234 231 229 232 -1 236 233 234 237 -1 237 234 232 235 -1 239 236 237 240 -1 240 237 235 238 -1 242 239 240 243 -1 243 240 238 241 -1 248 245 246 249 -1 249 246 244 247 -1 251 248 249 252 -1 252 249 247 250 -1 254 251 252 255 -1 255 252 250 253 -1 257 254 255 258 -1 258 255 253 256 -1 260 257 258 261 -1 261 258 256 259 -1 223 260 261 225 -1 225 261 259 224 -1 190 194 197 200 203 206 241 238 235 232 229 226 224 259 256 253 250 247 244 209 212 215 218 221 -1 "
						                >
							<Coordinate DEF="coords_ME_Circle_002"
							            point="-0.004375 2.244209 -0.000001 -0.264757 2.209929 -0.000001 -0.507394 2.109426 -0.000001 -0.715751 1.949548 -0.000001 -0.875629 1.741191 -0.000001 -0.976132 1.498554 -0.000001 -1.010412 1.238172 -0.000001 -0.976132 0.977791 -0.000001 -0.875629 0.735154 -0.000001 0.866878 0.735153 -0.000001 0.967382 0.977790 -0.000001 1.001662 1.238172 -0.000001 0.967382 1.498553 -0.000001 0.866879 1.741190 -0.000001 0.707001 1.949547 -0.000001 0.498644 2.109425 -0.000001 0.256007 2.209929 -0.000001 -0.004375 -2.233499 -0.000001 -0.264757 -2.199219 -0.000001 -0.507394 -2.098715 -0.000001 -0.715751 -1.938838 -0.000001 -0.875629 -1.730481 -0.000001 -0.976132 -1.487844 -0.000001 -1.010412 -1.227462 -0.000001 -0.976132 -0.967081 -0.000001 -0.875629 -0.724444 -0.000001 0.866878 -0.724443 -0.000001 0.967382 -0.967080 -0.000001 1.001662 -1.227462 -0.000001 0.967382 -1.487843 -0.000001 0.866879 -1.730480 -0.000001 0.707001 -1.938837 -0.000001 0.498644 -2.098715 -0.000001 0.256007 -2.199219 -0.000001 0.869513 -0.485628 0.001702 -0.004375 2.212070 1.554012 -0.004375 2.244209 1.515374 -0.004375 2.234796 1.542695 -0.264757 2.209929 1.515374 -0.256438 2.178885 1.554012 -0.262320 2.200836 1.542695 -0.507394 2.109426 1.515374 -0.491324 2.081592 1.554012 -0.502687 2.101273 1.542695 -0.715751 1.949548 1.515374 -0.693025 1.926821 1.554012 -0.709094 1.942891 1.542695 -0.875629 1.741191 1.515374 -0.847795 1.725121 1.554012 -0.867476 1.736484 1.542695 -0.976132 1.498554 1.515374 -0.945088 1.490235 1.554012 -0.967039 1.496117 1.542695 -1.010412 1.238172 1.515374 -0.978273 1.238172 1.554012 -1.000999 1.238172 1.542695 -0.976132 0.977791 1.515374 -0.945088 0.986109 1.554012 -0.967040 0.980227 1.542695 -0.875629 0.735154 1.515374 -0.843764 0.741492 1.554011 -0.866296 0.737010 1.542695 0.835014 0.741491 1.554011 0.866878 0.735153 1.515374 0.857545 0.737010 1.542695 0.967382 0.977790 1.515374 0.936337 0.986108 1.554012 0.958289 0.980226 1.542695 1.001662 1.238172 1.515374 0.969522 1.238172 1.554012 0.992248 1.238172 1.542695 0.967382 1.498553 1.515374 0.936338 1.490235 1.554012 0.958289 1.496117 1.542695 0.866879 1.741190 1.515374 0.839045 1.725120 1.554012 0.858726 1.736483 1.542695 0.707001 1.949547 1.515374 0.684275 1.926821 1.554012 0.700345 1.942891 1.542695 0.498644 2.109425 1.515374 0.482574 2.081592 1.554012 0.493937 2.101273 1.542695 0.256007 2.209929 1.515374 0.247689 2.178885 1.554012 0.253571 2.200836 1.542695 -0.843764 0.472094 1.554013 -0.875629 0.478433 1.515375 -0.866296 0.476576 1.542696 -0.976132 0.235796 1.515375 -0.945192 0.227226 1.554013 -0.967070 0.233286 1.542696 0.967382 0.235795 1.515375 0.936442 0.227226 1.554013 0.958320 0.233285 1.542696 0.835014 0.472094 1.554013 0.866879 0.478432 1.515375 0.857546 0.476576 1.542696 -0.004375 -2.233499 1.515374 -0.004375 -2.201359 1.554012 -0.004375 -2.224085 1.542695 -0.256438 -2.168175 1.554012 -0.264757 -2.199219 1.515374 -0.262320 -2.190126 1.542695 -0.491324 -2.070882 1.554012 -0.507394 -2.098715 1.515374 -0.502687 -2.090563 1.542695 -0.693025 -1.916111 1.554012 -0.715751 -1.938838 1.515374 -0.709094 -1.932181 1.542695 -0.847795 -1.714411 1.554012 -0.875629 -1.730481 1.515374 -0.867476 -1.725774 1.542695 -0.945088 -1.479525 1.554012 -0.976132 -1.487844 1.515374 -0.967039 -1.485407 1.542695 -0.978273 -1.227462 1.554012 -1.010412 -1.227462 1.515374 -1.000999 -1.227462 1.542695 -0.945088 -0.975399 1.554012 -0.976132 -0.967081 1.515374 -0.967040 -0.969517 1.542695 -0.843764 -0.730782 1.554011 -0.875629 -0.724444 1.515374 -0.866296 -0.726300 1.542695 0.866878 -0.724443 1.515374 0.835014 -0.730781 1.554011 0.857545 -0.726300 1.542695 0.936337 -0.975398 1.554012 0.967382 -0.967080 1.515374 0.958289 -0.969516 1.542695 0.969522 -1.227462 1.554012 1.001662 -1.227462 1.515374 0.992248 -1.227462 1.542695 0.936338 -1.479525 1.554012 0.967382 -1.487843 1.515374 0.958289 -1.485407 1.542695 0.839045 -1.714410 1.554012 0.866879 -1.730480 1.515374 0.858726 -1.725773 1.542695 0.684275 -1.916111 1.554012 0.707001 -1.938837 1.515374 0.700345 -1.932181 1.542695 0.482574 -2.070882 1.554012 0.498644 -2.098715 1.515374 0.493937 -2.090563 1.542695 0.247689 -2.168175 1.554012 0.256007 -2.199219 1.515374 0.253571 -2.190126 1.542695 -0.875629 -0.467723 1.515375 -0.843764 -0.461384 1.554013 -0.866296 -0.465866 1.542696 -0.945192 -0.216516 1.554013 -0.976132 -0.225086 1.515375 -0.967070 -0.222576 1.542696 -0.978197 0.005355 1.554013 -1.010412 0.005355 1.515375 -1.000976 0.005355 1.542696 0.969447 0.005355 1.554013 1.001662 0.005355 1.515375 0.992226 0.005355 1.542696 0.936442 -0.216516 1.554013 0.967382 -0.225085 1.515375 0.958320 -0.222575 1.542696 0.866879 -0.467722 1.515375 0.835014 -0.461384 1.554013 0.857546 -0.465866 1.542696 -0.000000 1.007067 0.003403 -0.260648 0.972752 0.003403 -0.503534 0.872146 0.003403 -0.712104 0.712104 0.003403 -0.873887 0.490983 0.001702 -0.974442 0.248222 0.001702 0.970067 0.248221 0.001702 0.869513 0.490983 0.001702 0.712105 0.712104 0.003403 0.503534 0.872146 0.003403 0.260649 0.972752 0.003403 -0.000000 -1.007067 0.003403 -0.260648 -0.972752 0.003403 -0.503534 -0.872146 0.003403 -0.712104 -0.712104 0.003403 -0.873887 -0.485628 0.001702 -0.974442 -0.242867 0.001702 -1.008740 0.002678 0.001702 1.004365 0.002678 0.001702 0.970067 -0.242866 0.001702 0.712105 -0.712104 0.003403 0.503534 -0.872146 0.003403 0.260649 -0.972752 0.003403 -0.000000 0.960617 -0.966354 -0.000000 1.007067 -0.920300 -0.000000 0.993462 -0.952865 -0.260648 0.972752 -0.920300 -0.248626 0.927885 -0.966354 -0.257127 0.959611 -0.952865 -0.503534 0.872146 -0.920300 -0.480308 0.831919 -0.966354 -0.496731 0.860364 -0.952865 -0.712104 0.712104 -0.920300 -0.679259 0.679259 -0.966354 -0.702484 0.702484 -0.952865 -0.872229 0.502937 -0.920301 -0.831919 0.480308 -0.966354 -0.860388 0.496556 -0.952865 -0.972833 0.260057 -0.920301 -0.927885 0.248626 -0.966354 -0.959634 0.256954 -0.952865 0.972625 0.260057 -0.920303 0.927885 0.248625 -0.966354 0.959574 0.256953 -0.952866 0.872021 0.502936 -0.920303 0.831919 0.480308 -0.966354 0.860327 0.496556 -0.952866 0.712105 0.712104 -0.920300 0.679259 0.679258 -0.966354 0.702484 0.702484 -0.952865 0.503534 0.872146 -0.920300 0.480309 0.831918 -0.966354 0.496732 0.860363 -0.952865 0.260649 0.972752 -0.920300 0.248627 0.927884 -0.966354 0.257128 0.959611 -0.952865 -0.000000 -1.007067 -0.920300 -0.000000 -0.960617 -0.966354 -0.000000 -0.993462 -0.952865 -0.248626 -0.927885 -0.966354 -0.260648 -0.972752 -0.920300 -0.257127 -0.959611 -0.952865 -0.480308 -0.831919 -0.966354 -0.503534 -0.872146 -0.920300 -0.496731 -0.860364 -0.952865 -0.679259 -0.679259 -0.966354 -0.712104 -0.712104 -0.920300 -0.702484 -0.702484 -0.952865 -0.831919 -0.480308 -0.966354 -0.872229 -0.502682 -0.920302 -0.860388 -0.496482 -0.952865 -0.927885 -0.248626 -0.966354 -0.972833 -0.259802 -0.920302 -0.959634 -0.256879 -0.952865 -0.960617 0.000000 -0.966354 -1.007147 0.000127 -0.920301 -0.993486 0.000037 -0.952865 0.960617 0.000000 -0.966354 1.006939 0.000127 -0.920302 0.993425 0.000037 -0.952866 0.927885 -0.248625 -0.966354 0.972625 -0.259802 -0.920303 0.959574 -0.256879 -0.952866 0.831919 -0.480308 -0.966354 0.872021 -0.502681 -0.920303 0.860327 -0.496481 -0.952866 0.679259 -0.679258 -0.966354 0.712105 -0.712104 -0.920299 0.702484 -0.702484 -0.952865 0.480309 -0.831918 -0.966354 0.503534 -0.872146 -0.920300 0.496732 -0.860363 -0.952865 0.248627 -0.927884 -0.966354 0.260649 -0.972752 -0.920300 0.257128 -0.959611 -0.952865 "
							            />
							<TextureCoordinate point="0.0000 0.0000 0.0000 0.0000 0.0000 0.0000 0.0000 0.0000 0.0000 0.0000 0.0000 0.0000 0.0000 0.0000 0.0000 0.0000 0.0000 0.0000 0.0000 0.0000 0.0000 0.0000 0.0000 0.0000 0.0000 0.0000 0.0000 0.0000 0.0000 0.0000 0.0000 0.0000 0.0000 0.0000 0.0000 0.0000 0.0000 0.0000 0.0000 0.0000 0.0000 0.0000 0.0000 0.0000 0.0000 0.0000 0.0000 0.0000 0.0000 0.0000 0.0000 0.0000 0.0000 0.0000 0.0000 0.0000 0.0000 0.0000 0.0000 0.0000 0.0000 0.0000 0.0000 0.0000 0.0000 0.0000 0.0000 0.0000 0.0000 0.0000 0.0000 0.0000 0.0000 0.0000 0.0000 0.0000 0.0000 0.0000 0.0000 0.0000 0.0000 0.0000 0.0000 0.0000 0.0000 0.0000 0.0000 0.0000 0.0000 0.0000 0.0000 0.0000 0.0000 0.0000 0.0000 0.0000 0.0000 0.0000 0.0000 0.0000 0.0000 0.0000 0.0000 0.0000 0.0000 0.0000 0.0000 0.0000 0.0000 0.0000 0.0000 0.0000 0.0000 0.0000 0.0000 0.0000 0.0000 0.0000 0.0000 0.0000 0.0000 0.0000 0.0000 0.0000 0.0000 0.0000 0.0000 0.0000 0.0000 0.0000 0.0000 0.0000 0.0000 0.0000 0.0000 0.0000 0.0000 0.0000 0.0000 0.0000 0.0000 0.0000 0.0000 0.0000 0.0000 0.0000 0.0000 0.0000 0.0000 0.0000 0.0000 0.0000 0.0000 0.0000 0.0000 0.0000 0.0000 0.0000 0.0000 0.0000 0.0000 0.0000 0.0000 0.0000 0.0000 0.0000 0.0000 0.0000 0.0000 0.0000 0.0000 0.0000 0.0000 0.0000 0.0000 0.0000 0.0000 0.0000 0.0000 0.0000 0.0000 0.0000 0.0000 0.0000 0.0000 0.0000 0.0000 0.0000 0.0000 0.0000 0.0000 0.0000 0.0000 0.0000 0.0000 0.0000 0.0000 0.0000 0.0000 0.0000 0.0000 0.0000 0.0000 0.0000 0.0000 0.0000 0.0000 0.0000 0.0000 0.0000 0.0000 0.0000 0.0000 0.0000 0.0000 0.0000 0.0000 0.0000 0.0000 0.0000 0.0000 0.0000 0.0000 0.0000 0.0000 0.0000 0.0000 0.0000 0.0000 0.0000 0.0000 0.0000 0.0000 0.0000 0.0000 0.0000 0.0000 0.0000 0.0000 0.0000 0.0000 0.0000 0.0000 0.0000 0.0000 0.0000 0.0000 0.0000 0.0000 0.0000 0.0000 0.0000 0.0000 0.0000 0.0000 0.0000 0.0000 0.0000 0.0000 0.0000 0.0000 0.0000 0.0000 0.0000 0.0000 0.0000 0.0000 0.0000 0.0000 0.0000 0.0000 0.0000 0.0000 0.0000 0.0000 0.0000 0.0000 0.0000 0.0000 0.0000 0.0000 0.0000 0.0000 0.0000 0.0000 0.0000 0.0000 0.0000 0.0000 0.0000 0.0000 0.0000 0.0000 0.0000 0.0000 0.0000 0.0000 0.0000 0.0000 0.0000 0.0000 0.0000 0.0000 0.0000 0.0000 0.0000 0.0000 0.0000 0.0000 0.0000 0.0000 0.0000 0.0000 0.0000 0.0000 0.0000 0.0000 0.0000 0.0000 0.0000 0.0000 0.0000 0.0000 0.0000 0.0000 0.0000 0.0000 0.0000 0.0000 0.0000 0.0000 0.0000 0.0000 0.0000 0.0000 0.0000 0.0000 0.0000 0.0000 0.0000 0.0000 0.0000 0.0000 0.0000 0.0000 0.0000 0.0000 0.0000 0.0000 0.0000 0.0000 0.0000 0.0000 0.0000 0.0000 0.0000 0.0000 0.0000 0.0000 0.0000 0.0000 0.0000 0.0000 0.0000 0.0000 0.0000 0.0000 0.0000 0.0000 0.0000 0.0000 0.0000 0.0000 0.0000 0.0000 0.0000 0.0000 0.0000 0.0000 0.0000 0.0000 0.0000 0.0000 0.0000 0.0000 0.0000 0.0000 0.0000 0.0000 0.0000 0.0000 0.0000 0.0000 0.0000 0.0000 0.0000 0.0000 0.0000 0.0000 0.0000 0.0000 0.0000 0.0000 0.0000 0.0000 0.0000 0.0000 0.0000 0.0000 0.0000 0.0000 0.0000 0.0000 0.0000 0.0000 0.0000 0.0000 0.0000 0.0000 0.0000 0.0000 0.0000 0.0000 0.0000 0.0000 0.0000 0.0000 0.0000 0.0000 0.0000 0.0000 0.0000 0.0000 0.0000 0.0000 0.0000 0.0000 0.0000 0.0000 0.0000 0.0000 0.0000 0.0000 0.0000 0.0000 0.0000 0.0000 0.0000 0.0000 0.0000 0.0000 0.0000 0.0000 0.0000 0.0000 0.0000 0.0000 0.0000 0.0000 0.0000 0.0000 0.0000 0.0000 0.0000 0.0000 0.0000 0.0000 0.0000 0.0000 0.0000 0.0000 0.0000 0.0000 0.0000 0.0000 0.0000 0.0000 0.0000 0.0000 0.0000 0.0000 0.0000 0.0000 0.0000 0.0000 0.0000 0.0000 0.0000 0.0000 0.0000 0.0000 0.0000 0.0000 0.0000 0.0000 0.0000 0.0000 0.0000 0.0000 0.0000 0.0000 0.0000 0.0000 0.0000 0.0000 0.0000 0.0000 0.0000 0.0000 0.0000 0.0000 0.0000 0.0000 0.0000 0.0000 0.0000 0.0000 0.0000 0.0000 0.0000 0.0000 0.0000 0.0000 0.0000 0.0000 0.0000 0.0000 0.0000 0.0000 0.0000 0.0000 0.0000 0.0000 0.0000 0.0000 0.0000 0.0000 0.0000 0.0000 0.0000 0.0000 0.0000 0.0000 0.0000 0.0000 0.0000 0.0000 0.0000 0.0000 0.0000 0.0000 0.0000 0.0000 0.0000 0.0000 0.0000 0.0000 0.0000 0.0000 0.0000 0.0000 0.0000 0.0000 0.0000 0.0000 0.0000 0.0000 0.0000 0.0000 0.0000 0.0000 0.0000 0.0000 0.0000 0.0000 0.0000 0.0000 0.0000 0.0000 0.0000 0.0000 0.0000 0.0000 0.0000 0.0000 0.0000 0.0000 0.0000 0.0000 0.0000 0.0000 0.0000 0.0000 0.0000 0.0000 0.0000 0.0000 0.0000 0.0000 0.0000 0.0000 0.0000 0.0000 0.0000 0.0000 0.0000 0.0000 0.0000 0.0000 0.0000 0.0000 0.0000 0.0000 0.0000 0.0000 0.0000 0.0000 0.0000 0.0000 0.0000 0.0000 0.0000 0.0000 0.0000 0.0000 0.0000 0.0000 0.0000 0.0000 0.0000 0.0000 0.0000 0.0000 0.0000 0.0000 0.0000 0.0000 0.0000 0.0000 0.0000 0.0000 0.0000 0.0000 0.0000 0.0000 0.0000 0.0000 0.0000 0.0000 0.0000 0.0000 0.0000 0.0000 0.0000 0.0000 0.0000 0.0000 0.0000 0.0000 0.0000 0.0000 0.0000 0.0000 0.0000 0.0000 0.0000 0.0000 0.0000 0.0000 0.0000 0.0000 0.0000 0.0000 0.0000 0.0000 0.0000 0.0000 0.0000 0.0000 0.0000 0.0000 0.0000 0.0000 0.0000 0.0000 0.0000 0.0000 0.0000 0.0000 0.0000 0.0000 0.0000 0.0000 0.0000 0.0000 0.0000 0.0000 0.0000 0.0000 0.0000 0.0000 0.0000 0.0000 0.0000 0.0000 0.0000 0.0000 0.0000 0.0000 0.0000 0.0000 0.0000 0.0000 0.0000 0.0000 0.0000 0.0000 0.0000 0.0000 0.0000 0.0000 0.0000 0.0000 0.0000 0.0000 0.0000 0.0000 0.0000 0.0000 0.0000 0.0000 0.0000 0.0000 0.0000 0.0000 0.0000 0.0000 0.0000 0.0000 0.0000 0.0000 0.0000 0.0000 0.0000 0.0000 0.0000 0.0000 0.0000 0.0000 0.0000 0.0000 0.0000 0.0000 0.0000 0.0000 0.0000 0.0000 0.0000 0.0000 0.0000 0.0000 0.0000 0.0000 0.0000 0.0000 0.0000 0.0000 0.0000 0.0000 0.0000 0.0000 0.0000 0.0000 0.0000 0.0000 0.0000 0.0000 0.0000 0.0000 0.0000 0.0000 0.0000 0.0000 0.0000 0.0000 0.0000 0.0000 0.0000 0.0000 0.0000 0.0000 0.0000 0.0000 0.0000 0.0000 0.0000 0.0000 0.0000 0.0000 0.0000 0.0000 0.0000 0.0000 0.0000 0.0000 0.0000 0.0000 0.0000 0.0000 0.0000 0.0000 0.0000 0.0000 0.0000 0.0000 0.0000 0.0000 0.0000 0.0000 0.0000 0.0000 0.0000 0.0000 0.0000 0.0000 0.0000 0.0000 0.0000 0.0000 0.0000 0.0000 0.0000 0.0000 0.0000 0.0000 0.0000 0.0000 0.0000 0.0000 0.0000 0.0000 0.0000 0.0000 0.0000 0.0000 0.0000 0.0000 0.0000 0.0000 0.0000 0.0000 0.0000 0.0000 0.0000 0.0000 0.0000 0.0000 0.0000 0.0000 0.0000 0.0000 0.0000 0.0000 0.0000 0.0000 0.0000 0.0000 0.0000 0.0000 0.0000 0.0000 0.0000 0.0000 0.0000 0.0000 0.0000 0.0000 0.0000 0.0000 0.0000 0.0000 0.0000 0.0000 0.0000 0.0000 0.0000 0.0000 0.0000 0.0000 0.0000 0.0000 0.0000 0.0000 0.0000 0.0000 0.0000 0.0000 0.0000 0.0000 0.0000 0.0000 0.0000 0.0000 0.0000 0.0000 0.0000 0.0000 0.0000 0.0000 0.0000 0.0000 0.0000 0.0000 0.0000 0.0000 0.0000 0.0000 0.0000 0.0000 0.0000 0.0000 0.0000 0.0000 0.0000 0.0000 0.0000 0.0000 0.0000 0.0000 0.0000 0.0000 0.0000 0.0000 0.0000 0.0000 0.0000 0.0000 0.0000 0.0000 0.0000 0.0000 0.0000 0.0000 0.0000 0.0000 0.0000 0.0000 0.0000 0.0000 0.0000 0.0000 0.0000 0.0000 0.0000 0.0000 0.0000 0.0000 0.0000 0.0000 0.0000 0.0000 0.0000 0.0000 0.0000 0.0000 0.0000 0.0000 0.0000 0.0000 0.0000 0.0000 0.0000 0.0000 0.0000 0.0000 0.0000 0.0000 0.0000 0.0000 0.0000 0.0000 0.0000 0.0000 0.0000 0.0000 0.0000 0.0000 0.0000 0.0000 0.0000 0.0000 0.0000 0.0000 0.0000 0.0000 0.0000 0.0000 0.0000 0.0000 0.0000 0.0000 0.0000 0.0000 0.0000 0.0000 0.0000 0.0000 0.0000 0.0000 0.0000 0.0000 0.0000 0.0000 0.0000 0.0000 0.0000 0.0000 0.0000 0.0000 0.0000 0.0000 0.0000 0.0000 0.0000 0.0000 0.0000 0.0000 0.0000 0.0000 0.0000 0.0000 0.0000 0.0000 0.0000 0.0000 0.0000 0.0000 0.0000 0.0000 0.0000 0.0000 0.0000 0.0000 0.0000 0.0000 0.0000 0.0000 0.0000 0.0000 0.0000 0.0000 0.0000 0.0000 0.0000 0.0000 0.0000 0.0000 0.0000 0.0000 0.0000 0.0000 0.0000 0.0000 0.0000 0.0000 0.0000 0.0000 0.0000 0.0000 0.0000 0.0000 0.0000 0.0000 0.0000 0.0000 0.0000 0.0000 0.0000 0.0000 0.0000 0.0000 0.0000 0.0000 0.0000 0.0000 0.0000 0.0000 0.0000 0.0000 0.0000 0.0000 0.0000 0.0000 0.0000 0.0000 0.0000 0.0000 0.0000 0.0000 0.0000 0.0000 0.0000 0.0000 0.0000 0.0000 0.0000 0.0000 0.0000 0.0000 0.0000 0.0000 0.0000 0.0000 0.0000 0.0000 0.0000 0.0000 0.0000 0.0000 0.0000 0.0000 0.0000 0.0000 0.0000 0.0000 0.0000 0.0000 0.0000 0.0000 0.0000 0.0000 0.0000 0.0000 0.0000 0.0000 0.0000 0.0000 0.0000 0.0000 0.0000 0.0000 0.0000 0.0000 0.0000 0.0000 0.0000 0.0000 0.0000 0.0000 0.0000 0.0000 0.0000 0.0000 0.0000 0.0000 0.0000 0.0000 0.0000 0.0000 0.0000 0.0000 0.0000 0.0000 0.0000 0.0000 0.0000 0.0000 0.0000 0.0000 0.0000 0.0000 0.0000 0.0000 0.0000 0.0000 0.0000 0.0000 0.0000 0.0000 0.0000 0.0000 0.0000 0.0000 0.0000 0.0000 0.0000 0.0000 0.0000 0.0000 0.0000 0.0000 0.0000 0.0000 0.0000 0.0000 0.0000 0.0000 0.0000 0.0000 0.0000 0.0000 0.0000 0.0000 0.0000 0.0000 0.0000 0.0000 0.0000 0.0000 0.0000 0.0000 0.0000 0.0000 0.0000 0.0000 0.0000 0.0000 0.0000 0.0000 0.0000 0.0000 0.0000 0.0000 0.0000 0.0000 0.0000 0.0000 0.0000 0.0000 0.0000 0.0000 0.0000 0.0000 0.0000 0.0000 0.0000 0.0000 0.0000 0.0000 0.0000 0.0000 0.0000 0.0000 0.0000 0.0000 0.0000 0.0000 0.0000 0.0000 0.0000 0.0000 0.0000 0.0000 0.0000 0.0000 0.0000 0.0000 0.0000 0.0000 0.0000 0.0000 0.0000 0.0000 0.0000 0.0000 0.0000 0.0000 0.0000 0.0000 0.0000 0.0000 0.0000 0.0000 0.0000 0.0000 0.0000 0.0000 0.0000 0.0000 0.0000 0.0000 0.0000 0.0000 0.0000 0.0000 0.0000 0.0000 0.0000 0.0000 0.0000 0.0000 0.0000 0.0000 0.0000 0.0000 0.0000 0.0000 0.0000 0.0000 0.0000 0.0000 0.0000 0.0000 0.0000 0.0000 0.0000 0.0000 0.0000 0.0000 0.0000 0.0000 0.0000 0.0000 0.0000 0.0000 0.0000 0.0000 0.0000 0.0000 0.0000 0.0000 0.0000 0.0000 0.0000 0.0000 0.0000 0.0000 0.0000 0.0000 0.0000 0.0000 0.0000 0.0000 0.0000 0.0000 0.0000 0.0000 0.0000 0.0000 0.0000 0.0000 0.0000 0.0000 0.0000 0.0000 0.0000 0.0000 0.0000 0.0000 0.0000 0.0000 0.0000 0.0000 0.0000 0.0000 0.0000 0.0000 0.0000 0.0000 0.0000 0.0000 0.0000 0.0000 0.0000 0.0000 0.0000 0.0000 0.0000 0.0000 0.0000 0.0000 0.0000 0.0000 0.0000 0.0000 0.0000 0.0000 0.0000 0.0000 0.0000 0.0000 0.0000 0.0000 0.0000 0.0000 0.0000 0.0000 0.0000 0.0000 0.0000 0.0000 0.0000 0.0000 0.0000 0.0000 0.0000 0.0000 0.0000 0.0000 0.0000 0.0000 0.0000 0.0000 0.0000 0.0000 0.0000 0.0000 0.0000 0.0000 0.0000 0.0000 0.0000 0.0000 0.0000 0.0000 0.0000 0.0000 0.0000 0.0000 0.0000 0.0000 0.0000 0.0000 0.0000 0.0000 0.0000 0.0000 0.0000 0.0000 0.0000 0.0000 0.0000 0.0000 0.0000 0.0000 0.0000 0.0000 0.0000 0.0000 0.0000 0.0000 0.0000 0.0000 0.0000 0.0000 0.0000 0.0000 0.0000 0.0000 0.0000 0.0000 0.0000 0.0000 0.0000 0.0000 0.0000 0.0000 0.0000 0.0000 0.0000 0.0000 0.0000 0.0000 0.0000 0.0000 0.0000 0.0000 0.0000 0.0000 0.0000 0.0000 0.0000 0.0000 0.0000 0.0000 0.0000 0.0000 0.0000 0.0000 0.0000 0.0000 0.0000 0.0000 0.0000 0.0000 0.0000 0.0000 0.0000 0.0000 0.0000 0.0000 0.0000 0.0000 0.0000 0.0000 0.0000 0.0000 0.0000 0.0000 0.0000 0.0000 0.0000 0.0000 0.0000 0.0000 0.0000 0.0000 0.0000 0.0000 0.0000 0.0000 0.0000 0.0000 0.0000 0.0000 0.0000 0.0000 0.0000 0.0000 0.0000 0.0000 0.0000 0.0000 0.0000 0.0000 0.0000 0.0000 0.0000 0.0000 0.0000 0.0000 0.0000 0.0000 0.0000 0.0000 0.0000 0.0000 0.0000 0.0000 0.0000 0.0000 0.0000 0.0000 0.0000 0.0000 0.0000 0.0000 0.0000 0.0000 0.0000 0.0000 0.0000 0.0000 0.0000 0.0000 0.0000 0.0000 0.0000 0.0000 0.0000 0.0000 0.0000 0.0000 0.0000 0.0000 0.0000 0.0000 0.0000 0.0000 0.0000 0.0000 0.0000 0.0000 0.0000 0.0000 0.0000 0.0000 0.0000 0.0000 0.0000 0.0000 0.0000 0.0000 0.0000 0.0000 0.0000 0.0000 0.0000 0.0000 0.0000 0.0000 0.0000 0.0000 0.0000 0.0000 0.0000 0.0000 0.0000 0.0000 0.0000 0.0000 0.0000 0.0000 0.0000 0.0000 0.0000 0.0000 0.0000 0.0000 0.0000 0.0000 0.0000 0.0000 0.0000 0.0000 0.0000 0.0000 0.0000 0.0000 0.0000 0.0000 0.0000 0.0000 0.0000 0.0000 0.0000 0.0000 0.0000 0.0000 0.0000 0.0000 0.0000 0.0000 0.0000 0.0000 0.0000 0.0000 0.0000 0.0000 0.0000 0.0000 0.0000 0.0000 0.0000 0.0000 0.0000 0.0000 0.0000 0.0000 0.0000 0.0000 0.0000 0.0000 0.0000 0.0000 0.0000 0.0000 0.0000 0.0000 0.0000 0.0000 0.0000 0.0000 0.0000 0.0000 0.0000 0.0000 0.0000 0.0000 0.0000 0.0000 0.0000 0.0000 0.0000 0.0000 0.0000 0.0000 0.0000 0.0000 0.0000 0.0000 0.0000 0.0000 0.0000 0.0000 0.0000 0.0000 0.0000 0.0000 0.0000 0.0000 0.0000 0.0000 0.0000 0.0000 0.0000 0.0000 0.0000 0.0000 0.0000 0.0000 0.0000 0.0000 0.0000 0.0000 0.0000 0.0000 0.0000 0.0000 0.0000 0.0000 0.0000 0.0000 0.0000 0.0000 0.0000 0.0000 0.0000 0.0000 0.0000 0.0000 0.0000 0.0000 0.0000 0.0000 0.0000 0.0000 0.0000 0.0000 0.0000 0.0000 0.0000 0.0000 0.0000 0.0000 0.0000 0.0000 0.0000 0.0000 0.0000 0.0000 0.0000 0.0000 0.0000 0.0000 0.0000 0.0000 0.0000 0.0000 0.0000 0.0000 0.0000 0.0000 0.0000 0.0000 0.0000 0.0000 0.0000 0.0000 0.0000 0.0000 0.0000 0.0000 0.0000 0.0000 0.0000 0.0000 0.0000 0.0000 0.0000 0.0000 0.0000 0.0000 0.0000 0.0000 0.0000 0.0000 0.0000 0.0000 0.0000 0.0000 0.0000 0.0000 0.0000 0.0000 0.0000 0.0000 0.0000 0.0000 0.0000 0.0000 0.0000 0.0000 0.0000 0.0000 0.0000 0.0000 0.0000 0.0000 0.0000 0.0000 0.0000 0.0000 0.0000 0.0000 0.0000 0.0000 0.0000 0.0000 0.0000 0.0000 0.0000 0.0000 0.0000 0.0000 0.0000 0.0000 0.0000 0.0000 0.0000 0.0000 0.0000 0.0000 0.0000 0.0000 0.0000 0.0000 0.0000 0.0000 0.0000 0.0000 0.0000 0.0000 0.0000 0.0000 0.0000 0.0000 0.0000 0.0000 0.0000 0.0000 0.0000 0.0000 0.0000 0.0000 0.0000 0.0000 0.0000 0.0000 0.0000 0.0000 0.0000 0.0000 0.0000 0.0000 0.0000 " />
						</IndexedFaceSet>
					</Shape>
				</Group>
			</Transform>
		</Transform>
		<Transform DEF="RC-Foot_TRANSFORM"
		           translation="0.000405 0.243184 1.062213"
		           scale="0.082623 0.082623 0.082623"
		           rotation="0.000000 0.707107 0.707107 3.141593"
		           >
			<Transform DEF="RC-Foot_ifs_TRANSFORM"
			           translation="0.000000 0.000001 -0.000000"
			           scale="1.000000 1.000000 1.000000"
			           rotation="0.000000 1.000000 0.000000 0.000000"
			           >
				<Group DEF="group_ME_Cylinder_008">
					<Shape>
						<Appearance>
						</Appearance>
						<IndexedFaceSet solid="false"
						                creaseAngle="0.5236"
						                texCoordIndex="0 1 2 3 -1 4 5 6 7 -1 8 9 10 11 -1 12 13 14 15 -1 16 17 18 19 -1 20 21 22 23 -1 24 25 26 27 -1 28 29 30 31 -1 32 33 34 35 -1 36 37 38 39 -1 40 41 42 43 -1 44 45 46 47 -1 48 49 50 51 -1 52 53 54 55 -1 56 57 58 59 -1 60 61 62 63 -1 64 65 66 67 -1 68 69 70 71 -1 72 73 74 75 -1 76 77 78 79 -1 80 81 82 83 -1 84 85 86 87 -1 88 89 90 91 -1 92 93 94 95 -1 96 97 98 99 -1 100 101 102 103 -1 104 105 106 107 -1 108 109 110 111 -1 112 113 114 115 -1 116 117 118 119 -1 120 121 122 123 -1 124 125 126 127 -1 128 129 130 131 -1 132 133 134 135 -1 136 137 138 139 -1 140 141 142 143 -1 144 145 146 147 -1 148 149 150 151 -1 152 153 154 155 -1 156 157 158 159 -1 160 161 162 163 -1 164 165 166 167 -1 168 169 170 171 -1 172 173 174 175 -1 176 177 178 179 180 181 182 183 184 185 186 187 188 189 190 191 192 193 194 195 196 197 -1 198 199 200 201 -1 202 203 204 205 -1 206 207 208 209 -1 210 211 212 213 -1 214 215 216 217 -1 218 219 220 221 -1 222 223 224 225 -1 226 227 228 229 -1 230 231 232 233 -1 234 235 236 237 -1 238 239 240 241 -1 242 243 244 245 -1 246 247 248 249 -1 250 251 252 253 -1 254 255 256 257 -1 258 259 260 261 -1 262 263 264 265 -1 266 267 268 269 -1 270 271 272 273 -1 274 275 276 277 -1 278 279 280 281 -1 282 283 284 285 -1 286 287 288 289 -1 290 291 292 293 -1 294 295 296 297 -1 298 299 300 301 -1 302 303 304 305 -1 306 307 308 309 -1 310 311 312 313 -1 314 315 316 317 -1 318 319 320 321 -1 322 323 324 325 -1 326 327 328 329 -1 330 331 332 333 -1 334 335 336 337 -1 338 339 340 341 -1 342 343 344 345 -1 346 347 348 349 -1 350 351 352 353 -1 354 355 356 357 -1 358 359 360 361 -1 362 363 364 365 -1 366 367 368 369 -1 370 371 372 373 -1 374 375 376 377 -1 378 379 380 381 -1 382 383 384 385 -1 386 387 388 389 -1 390 391 392 393 -1 394 395 396 397 -1 398 399 400 401 -1 402 403 404 405 -1 406 407 408 409 -1 410 411 412 413 -1 414 415 416 417 -1 418 419 420 421 -1 422 423 424 425 -1 426 427 428 429 -1 430 431 432 433 -1 434 435 436 437 -1 438 439 440 441 -1 442 443 444 445 -1 446 447 448 449 -1 450 451 452 453 -1 454 455 456 457 -1 458 459 460 461 -1 462 463 464 465 -1 466 467 468 469 -1 470 471 472 473 -1 474 475 476 477 -1 478 479 480 481 -1 482 483 484 485 -1 486 487 488 489 -1 490 491 492 493 -1 494 495 496 497 -1 498 499 500 501 -1 502 503 504 505 -1 506 507 508 509 -1 510 511 512 513 -1 514 515 516 517 -1 518 519 520 521 -1 522 523 524 525 -1 526 527 528 529 -1 530 531 532 533 -1 534 535 536 537 -1 538 539 540 541 -1 542 543 544 545 -1 546 547 548 549 550 551 552 553 554 555 556 557 558 559 560 561 562 563 564 565 566 567 -1 568 569 570 571 -1 572 573 574 575 -1 576 577 578 579 -1 580 581 582 583 -1 584 585 586 587 -1 588 589 590 591 -1 592 593 594 595 -1 596 597 598 599 -1 600 601 602 603 -1 604 605 606 607 -1 608 609 610 611 -1 612 613 614 615 -1 616 617 618 619 -1 620 621 622 623 -1 624 625 626 627 -1 628 629 630 631 -1 632 633 634 635 -1 636 637 638 639 -1 640 641 642 643 -1 644 645 646 647 -1 648 649 650 651 -1 652 653 654 655 -1 656 657 658 659 -1 660 661 662 663 -1 664 665 666 667 -1 668 669 670 671 -1 672 673 674 675 -1 676 677 678 679 -1 680 681 682 683 -1 684 685 686 687 -1 688 689 690 691 -1 692 693 694 695 -1 696 697 698 699 -1 700 701 702 703 -1 704 705 706 707 -1 708 709 710 711 -1 712 713 714 715 -1 716 717 718 719 -1 720 721 722 723 -1 724 725 726 727 -1 728 729 730 731 -1 732 733 734 735 -1 736 737 738 739 -1 740 741 742 743 -1 744 745 746 747 -1 "
						                coordIndex="21 129 45 0 -1 2 53 57 3 -1 3 57 61 4 -1 4 61 65 5 -1 5 65 69 6 -1 6 69 73 7 -1 7 73 77 8 -1 8 77 81 9 -1 9 81 85 10 -1 10 85 89 11 -1 11 89 93 12 -1 12 93 97 13 -1 13 97 101 14 -1 14 101 105 15 -1 15 105 109 16 -1 16 109 113 17 -1 17 113 117 18 -1 18 117 121 19 -1 19 121 125 20 -1 20 125 129 21 -1 0 45 49 1 -1 1 49 53 2 -1 139 142 25 24 -1 148 151 28 27 -1 154 157 30 29 -1 169 172 35 34 -1 184 187 40 39 -1 0 1 135 133 -1 145 148 27 26 -1 163 166 33 32 -1 178 181 38 37 -1 193 196 43 42 -1 142 145 26 25 -1 157 160 31 30 -1 196 132 22 43 -1 172 175 36 35 -1 187 190 41 40 -1 151 154 29 28 -1 166 169 34 33 -1 181 184 39 38 -1 4 5 147 144 -1 160 163 32 31 -1 175 178 37 36 -1 190 193 42 41 -1 22 23 24 25 26 27 28 29 30 31 32 33 34 35 36 37 38 39 40 41 42 43 -1 19 20 192 189 -1 12 13 171 168 -1 5 6 150 147 -1 20 21 195 192 -1 13 14 174 171 -1 6 7 153 150 -1 136 139 24 23 -1 14 15 177 174 -1 7 8 156 153 -1 21 0 133 195 -1 15 16 180 177 -1 8 9 159 156 -1 1 2 138 135 -1 16 17 183 180 -1 9 10 162 159 -1 2 3 141 138 -1 17 18 186 183 -1 10 11 165 162 -1 3 4 144 141 -1 18 19 189 186 -1 11 12 168 165 -1 49 45 47 51 -1 51 47 46 50 -1 50 46 44 48 -1 53 49 51 55 -1 55 51 50 54 -1 54 50 48 52 -1 57 53 55 59 -1 59 55 54 58 -1 58 54 52 56 -1 61 57 59 63 -1 63 59 58 62 -1 62 58 56 60 -1 65 61 63 67 -1 67 63 62 66 -1 66 62 60 64 -1 69 65 67 71 -1 71 67 66 70 -1 70 66 64 68 -1 73 69 71 75 -1 75 71 70 74 -1 74 70 68 72 -1 77 73 75 79 -1 79 75 74 78 -1 78 74 72 76 -1 81 77 79 83 -1 83 79 78 82 -1 82 78 76 80 -1 85 81 83 87 -1 87 83 82 86 -1 86 82 80 84 -1 89 85 87 91 -1 91 87 86 90 -1 90 86 84 88 -1 93 89 91 95 -1 95 91 90 94 -1 94 90 88 92 -1 97 93 95 99 -1 99 95 94 98 -1 98 94 92 96 -1 101 97 99 103 -1 103 99 98 102 -1 102 98 96 100 -1 105 101 103 107 -1 107 103 102 106 -1 106 102 100 104 -1 109 105 107 111 -1 111 107 106 110 -1 110 106 104 108 -1 113 109 111 115 -1 115 111 110 114 -1 114 110 108 112 -1 117 113 115 119 -1 119 115 114 118 -1 118 114 112 116 -1 121 117 119 123 -1 123 119 118 122 -1 122 118 116 120 -1 125 121 123 127 -1 127 123 122 126 -1 126 122 120 124 -1 129 125 127 131 -1 131 127 126 130 -1 130 126 124 128 -1 45 129 131 47 -1 47 131 130 46 -1 46 130 128 44 -1 48 44 128 124 120 116 112 108 104 100 96 92 88 84 80 76 72 68 64 60 56 52 -1 133 135 137 134 -1 134 137 136 132 -1 135 138 140 137 -1 137 140 139 136 -1 138 141 143 140 -1 140 143 142 139 -1 141 144 146 143 -1 143 146 145 142 -1 144 147 149 146 -1 146 149 148 145 -1 147 150 152 149 -1 149 152 151 148 -1 150 153 155 152 -1 152 155 154 151 -1 153 156 158 155 -1 155 158 157 154 -1 156 159 161 158 -1 158 161 160 157 -1 159 162 164 161 -1 161 164 163 160 -1 162 165 167 164 -1 164 167 166 163 -1 165 168 170 167 -1 167 170 169 166 -1 168 171 173 170 -1 170 173 172 169 -1 171 174 176 173 -1 173 176 175 172 -1 174 177 179 176 -1 176 179 178 175 -1 177 180 182 179 -1 179 182 181 178 -1 180 183 185 182 -1 182 185 184 181 -1 183 186 188 185 -1 185 188 187 184 -1 186 189 191 188 -1 188 191 190 187 -1 189 192 194 191 -1 191 194 193 190 -1 192 195 197 194 -1 194 197 196 193 -1 195 133 134 197 -1 197 134 132 196 -1 132 136 23 22 -1 "
						                >
							<Coordinate DEF="coords_ME_Cylinder_008"
							            point="0.000000 1.401897 -1.350147 0.394960 1.345111 -1.350147 0.757923 1.179351 -1.350147 1.059483 0.918047 -1.350147 1.275211 0.582369 -1.350147 1.387628 0.199511 -1.350147 1.387628 -0.199511 -1.350147 1.275210 -0.582369 -1.350147 1.059483 -0.918047 -1.350147 0.757923 -1.179351 -1.350147 0.394960 -1.345111 -1.350147 0.000000 -1.401897 -1.350147 -0.394960 -1.345111 -1.350147 -0.757922 -1.179351 -1.350147 -1.059483 -0.918048 -1.350147 -1.275210 -0.582370 -1.350147 -1.387628 -0.199512 -1.350147 -1.387628 0.199510 -1.350147 -1.275211 0.582368 -1.350147 -1.059484 0.918047 -1.350147 -0.757924 1.179350 -1.350147 -0.394962 1.345110 -1.350147 0.000000 1.581037 -2.709384 0.445430 1.516994 -2.709384 0.854773 1.330053 -2.709384 1.194868 1.035359 -2.709384 1.438162 0.656786 -2.709384 1.564944 0.225005 -2.709384 1.564944 -0.225005 -2.709384 1.438161 -0.656786 -2.709384 1.194867 -1.035359 -2.709384 0.854773 -1.330052 -2.709384 0.445430 -1.516993 -2.709384 0.000000 -1.581036 -2.709384 -0.445429 -1.516993 -2.709384 -0.854772 -1.330053 -2.709384 -1.194867 -1.035359 -2.709384 -1.438161 -0.656787 -2.709384 -1.564944 -0.225006 -2.709384 -1.564944 0.225004 -2.709384 -1.438162 0.656785 -2.709384 -1.194869 1.035358 -2.709384 -0.854774 1.330052 -2.709384 -0.445431 1.516993 -2.709384 0.000000 0.851966 1.000000 0.000000 1.020568 0.854894 0.000000 0.928739 0.980560 0.000000 0.990451 0.927447 0.240027 0.817456 1.000000 0.287527 0.979228 0.854894 0.261656 0.891118 0.980560 0.279042 0.950331 0.927447 0.460608 0.716720 1.000000 0.551761 0.858557 0.854894 0.502114 0.781305 0.980560 0.535478 0.833221 0.927447 0.643873 0.557919 1.000000 0.771294 0.668330 0.854894 0.701894 0.608194 0.980560 0.748533 0.648607 0.927447 0.774976 0.353920 1.000000 0.928341 0.423959 0.854894 0.844811 0.385812 0.980560 0.900946 0.411448 0.927447 0.843295 0.121247 1.000000 1.010180 0.145242 0.854894 0.919286 0.132173 0.980560 0.980370 0.140956 0.927447 0.843295 -0.121248 1.000000 1.010180 -0.145242 0.854894 0.919286 -0.132173 0.980560 0.980370 -0.140956 0.927447 0.774976 -0.353920 1.000000 0.928341 -0.423959 0.854894 0.844810 -0.385812 0.980560 0.900946 -0.411448 0.927447 0.643873 -0.557919 1.000000 0.771294 -0.668330 0.854894 0.701894 -0.608195 0.980560 0.748533 -0.648608 0.927447 0.460608 -0.716720 1.000000 0.551761 -0.858557 0.854894 0.502114 -0.781305 0.980560 0.535478 -0.833221 0.927447 0.240027 -0.817456 1.000000 0.287527 -0.979228 0.854894 0.261656 -0.891118 0.980560 0.279042 -0.950331 0.927447 0.000000 -0.851966 1.000000 0.000000 -1.020568 0.854894 0.000000 -0.928739 0.980560 0.000000 -0.990451 0.927447 -0.240026 -0.817456 1.000000 -0.287527 -0.979228 0.854894 -0.261656 -0.891118 0.980560 -0.279042 -0.950331 0.927447 -0.460608 -0.716720 1.000000 -0.551760 -0.858557 0.854894 -0.502114 -0.781305 0.980560 -0.535478 -0.833221 0.927447 -0.643873 -0.557920 1.000000 -0.771294 -0.668330 0.854894 -0.701894 -0.608195 0.980560 -0.748533 -0.648608 0.927447 -0.774976 -0.353920 1.000000 -0.928341 -0.423960 0.854894 -0.844810 -0.385812 0.980560 -0.900946 -0.411449 0.927447 -0.843294 -0.121248 1.000000 -1.010180 -0.145243 0.854894 -0.919285 -0.132174 0.980560 -0.980370 -0.140957 0.927447 -0.843295 0.121247 1.000000 -1.010180 0.145241 0.854894 -0.919286 0.132173 0.980560 -0.980370 0.140955 0.927447 -0.774976 0.353919 1.000000 -0.928342 0.423959 0.854894 -0.844811 0.385811 0.980560 -0.900946 0.411448 0.927447 -0.643874 0.557919 1.000000 -0.771295 0.668329 0.854894 -0.701895 0.608194 0.980560 -0.748534 0.648607 0.927447 -0.460609 0.716719 1.000000 -0.551762 0.858556 0.854894 -0.502115 0.781304 0.980560 -0.535479 0.833220 0.927447 -0.240028 0.817455 1.000000 -0.287528 0.979228 0.854894 -0.261657 0.891118 0.980560 -0.279043 0.950331 0.927447 0.000000 1.581037 -1.418423 0.000000 1.512058 -1.350147 0.000000 1.560834 -1.370145 0.425996 1.450809 -1.350147 0.445430 1.516994 -1.418423 0.439738 1.497609 -1.370145 0.817480 1.272024 -1.350147 0.854773 1.330053 -1.418423 0.843850 1.313057 -1.370145 1.142737 0.990188 -1.350147 1.194868 1.035359 -1.418423 1.179599 1.022129 -1.370145 1.375417 0.628132 -1.350147 1.438162 0.656786 -1.418423 1.419784 0.648394 -1.370145 1.496667 0.215188 -1.350147 1.564944 0.225005 -1.418423 1.544946 0.222130 -1.370145 1.496667 -0.215188 -1.350147 1.564944 -0.225005 -1.418423 1.544946 -0.222130 -1.370145 1.375416 -0.628132 -1.350147 1.438161 -0.656786 -1.418423 1.419784 -0.648394 -1.370145 1.142737 -0.990188 -1.350147 1.194867 -1.035359 -1.418423 1.179599 -1.022129 -1.370145 0.817480 -1.272024 -1.350147 0.854773 -1.330052 -1.418423 0.843850 -1.313056 -1.370145 0.425996 -1.450809 -1.350147 0.445430 -1.516993 -1.418423 0.439738 -1.497608 -1.370145 0.000000 -1.512058 -1.350147 0.000000 -1.581036 -1.418423 0.000000 -1.560833 -1.370145 -0.425996 -1.450809 -1.350147 -0.445429 -1.516993 -1.418423 -0.439737 -1.497608 -1.370145 -0.817480 -1.272024 -1.350147 -0.854772 -1.330053 -1.418423 -0.843850 -1.313057 -1.370145 -1.142737 -0.990188 -1.350147 -1.194867 -1.035359 -1.418423 -1.179599 -1.022129 -1.370145 -1.375416 -0.628132 -1.350147 -1.438161 -0.656787 -1.418423 -1.419783 -0.648394 -1.370145 -1.496668 -0.215189 -1.350147 -1.564944 -0.225006 -1.418423 -1.544946 -0.222131 -1.370145 -1.496668 0.215187 -1.350147 -1.564944 0.225004 -1.418423 -1.544946 0.222129 -1.370145 -1.375417 0.628131 -1.350147 -1.438162 0.656785 -1.418423 -1.419785 0.648393 -1.370145 -1.142738 0.990187 -1.350147 -1.194869 1.035358 -1.418423 -1.179600 1.022127 -1.370145 -0.817482 1.272023 -1.350147 -0.854774 1.330052 -1.418423 -0.843852 1.313056 -1.370145 -0.425998 1.450809 -1.350147 -0.445431 1.516993 -1.418423 -0.439739 1.497608 -1.370145 "
							            />
							<TextureCoordinate point="0.0455 0.5000 0.0455 0.9693 -0.0000 0.9693 -0.0000 0.5000 0.9091 0.5000 0.9091 0.9693 0.8636 0.9693 0.8636 0.5000 0.8636 0.5000 0.8636 0.9693 0.8182 0.9693 0.8182 0.5000 0.8182 0.5000 0.8182 0.9693 0.7727 0.9693 0.7727 0.5000 0.7727 0.5000 0.7727 0.9693 0.7273 0.9693 0.7273 0.5000 0.7273 0.5000 0.7273 0.9693 0.6818 0.9693 0.6818 0.5000 0.6818 0.5000 0.6818 0.9693 0.6364 0.9693 0.6364 0.5000 0.6364 0.5000 0.6364 0.9693 0.5909 0.9693 0.5909 0.5000 0.5909 0.5000 0.5909 0.9693 0.5455 0.9693 0.5455 0.5000 0.5455 0.5000 0.5455 0.9693 0.5000 0.9693 0.5000 0.5000 0.5000 0.5000 0.5000 0.9693 0.4545 0.9693 0.4545 0.5000 0.4545 0.5000 0.4545 0.9693 0.4091 0.9693 0.4091 0.5000 0.4091 0.5000 0.4091 0.9693 0.3636 0.9693 0.3636 0.5000 0.3636 0.5000 0.3636 0.9693 0.3182 0.9693 0.3182 0.5000 0.3182 0.5000 0.3182 0.9693 0.2727 0.9693 0.2727 0.5000 0.2727 0.5000 0.2727 0.9693 0.2273 0.9693 0.2273 0.5000 0.2273 0.5000 0.2273 0.9693 0.1818 0.9693 0.1818 0.5000 0.1818 0.5000 0.1818 0.9693 0.1364 0.9693 0.1364 0.5000 0.1364 0.5000 0.1364 0.9693 0.0909 0.9693 0.0909 0.5000 0.0909 0.5000 0.0909 0.9693 0.0455 0.9693 0.0455 0.5000 1.0000 0.5000 1.0000 0.9693 0.9545 0.9693 0.9545 0.5000 0.9545 0.5000 0.9545 0.9693 0.9091 0.9693 0.9091 0.5000 0.9091 0.5000 0.8636 0.5000 0.8636 0.5000 0.9091 0.5000 0.7727 0.5000 0.7273 0.5000 0.7273 0.5000 0.7727 0.5000 0.6818 0.5000 0.6364 0.5000 0.6364 0.5000 0.6818 0.5000 0.4545 0.5000 0.4091 0.5000 0.4091 0.5000 0.4545 0.5000 0.2273 0.5000 0.1818 0.5000 0.1818 0.5000 0.2273 0.5000 1.0000 0.5000 0.9545 0.5000 0.9545 0.5000 1.0000 0.5000 0.8182 0.5000 0.7727 0.5000 0.7727 0.5000 0.8182 0.5000 0.5455 0.5000 0.5000 0.5000 0.5000 0.5000 0.5455 0.5000 0.3182 0.5000 0.2727 0.5000 0.2727 0.5000 0.3182 0.5000 0.0909 0.5000 0.0455 0.5000 0.0455 0.5000 0.0909 0.5000 0.8636 0.5000 0.8182 0.5000 0.8182 0.5000 0.8636 0.5000 0.6364 0.5000 0.5909 0.5000 0.5909 0.5000 0.6364 0.5000 0.0455 0.5000 -0.0000 0.5000 -0.0000 0.5000 0.0455 0.5000 0.4091 0.5000 0.3636 0.5000 0.3636 0.5000 0.4091 0.5000 0.1818 0.5000 0.1364 0.5000 0.1364 0.5000 0.1818 0.5000 0.7273 0.5000 0.6818 0.5000 0.6818 0.5000 0.7273 0.5000 0.5000 0.5000 0.4545 0.5000 0.4545 0.5000 0.5000 0.5000 0.2727 0.5000 0.2273 0.5000 0.2273 0.5000 0.2727 0.5000 0.8182 0.5000 0.7727 0.5000 0.7727 0.5000 0.8182 0.5000 0.5909 0.5000 0.5455 0.5000 0.5455 0.5000 0.5909 0.5000 0.3636 0.5000 0.3182 0.5000 0.3182 0.5000 0.3636 0.5000 0.1364 0.5000 0.0909 0.5000 0.0909 0.5000 0.1364 0.5000 0.7500 0.4900 0.8176 0.4803 0.8798 0.4519 0.9314 0.4072 0.9683 0.3497 0.9876 0.2842 0.9876 0.2158 0.9683 0.1503 0.9314 0.0928 0.8798 0.0481 0.8176 0.0197 0.7500 0.0100 0.6824 0.0197 0.6202 0.0481 0.5686 0.0928 0.5317 0.1503 0.5124 0.2158 0.5124 0.2842 0.5317 0.3497 0.5686 0.4072 0.6202 0.4519 0.6824 0.4803 0.1364 0.5000 0.0909 0.5000 0.0909 0.5000 0.1364 0.5000 0.4545 0.5000 0.4091 0.5000 0.4091 0.5000 0.4545 0.5000 0.7727 0.5000 0.7273 0.5000 0.7273 0.5000 0.7727 0.5000 0.0909 0.5000 0.0455 0.5000 0.0455 0.5000 0.0909 0.5000 0.4091 0.5000 0.3636 0.5000 0.3636 0.5000 0.4091 0.5000 0.7273 0.5000 0.6818 0.5000 0.6818 0.5000 0.7273 0.5000 0.9545 0.5000 0.9091 0.5000 0.9091 0.5000 0.9545 0.5000 0.3636 0.5000 0.3182 0.5000 0.3182 0.5000 0.3636 0.5000 0.6818 0.5000 0.6364 0.5000 0.6364 0.5000 0.6818 0.5000 0.0455 0.5000 -0.0000 0.5000 -0.0000 0.5000 0.0455 0.5000 0.3182 0.5000 0.2727 0.5000 0.2727 0.5000 0.3182 0.5000 0.6364 0.5000 0.5909 0.5000 0.5909 0.5000 0.6364 0.5000 0.9545 0.5000 0.9091 0.5000 0.9091 0.5000 0.9545 0.5000 0.2727 0.5000 0.2273 0.5000 0.2273 0.5000 0.2727 0.5000 0.5909 0.5000 0.5455 0.5000 0.5455 0.5000 0.5909 0.5000 0.9091 0.5000 0.8636 0.5000 0.8636 0.5000 0.9091 0.5000 0.2273 0.5000 0.1818 0.5000 0.1818 0.5000 0.2273 0.5000 0.5455 0.5000 0.5000 0.5000 0.5000 0.5000 0.5455 0.5000 0.8636 0.5000 0.8182 0.5000 0.8182 0.5000 0.8636 0.5000 0.1818 0.5000 0.1364 0.5000 0.1364 0.5000 0.1818 0.5000 0.5000 0.5000 0.4545 0.5000 0.4545 0.5000 0.5000 0.5000 0.9545 0.9693 1.0000 0.9693 0.9996 0.9852 0.9550 0.9852 0.9550 0.9852 0.9996 0.9852 0.9984 1.0000 0.9562 1.0000 0.3128 0.4639 0.2500 0.4729 0.2500 0.4545 0.3076 0.4462 0.9091 0.9693 0.9545 0.9693 0.9541 0.9852 0.9095 0.9852 0.9095 0.9852 0.9541 0.9852 0.9529 1.0000 0.9107 1.0000 0.3705 0.4375 0.3128 0.4639 0.3076 0.4462 0.3605 0.4220 0.8636 0.9693 0.9091 0.9693 0.9087 0.9852 0.8641 0.9852 0.8641 0.9852 0.9087 0.9852 0.9075 1.0000 0.8653 1.0000 0.4185 0.3960 0.3705 0.4375 0.3605 0.4220 0.4045 0.3839 0.8182 0.9693 0.8636 0.9693 0.8632 0.9852 0.8186 0.9852 0.8186 0.9852 0.8632 0.9852 0.8620 1.0000 0.8198 1.0000 0.4528 0.3426 0.4185 0.3960 0.4045 0.3839 0.4360 0.3349 0.7727 0.9693 0.8182 0.9693 0.8178 0.9852 0.7732 0.9852 0.7732 0.9852 0.8178 0.9852 0.8166 1.0000 0.7743 1.0000 0.4706 0.2817 0.4528 0.3426 0.4360 0.3349 0.4524 0.2791 0.7273 0.9693 0.7727 0.9693 0.7723 0.9852 0.7277 0.9852 0.7277 0.9852 0.7723 0.9852 0.7711 1.0000 0.7289 1.0000 0.4706 0.2183 0.4706 0.2817 0.4524 0.2791 0.4524 0.2209 0.6818 0.9693 0.7273 0.9693 0.7268 0.9852 0.6822 0.9852 0.6822 0.9852 0.7268 0.9852 0.7257 1.0000 0.6834 1.0000 0.4528 0.1574 0.4706 0.2183 0.4524 0.2209 0.4360 0.1651 0.6364 0.9693 0.6818 0.9693 0.6814 0.9852 0.6368 0.9852 0.6368 0.9852 0.6814 0.9852 0.6802 1.0000 0.6380 1.0000 0.4185 0.1040 0.4528 0.1574 0.4360 0.1651 0.4045 0.1161 0.5909 0.9693 0.6364 0.9693 0.6359 0.9852 0.5913 0.9852 0.5913 0.9852 0.6359 0.9852 0.6347 1.0000 0.5925 1.0000 0.3705 0.0625 0.4185 0.1040 0.4045 0.1161 0.3605 0.0780 0.5455 0.9693 0.5909 0.9693 0.5905 0.9852 0.5459 0.9852 0.5459 0.9852 0.5905 0.9852 0.5893 1.0000 0.5471 1.0000 0.3128 0.0361 0.3705 0.0625 0.3605 0.0780 0.3076 0.0538 0.5000 0.9693 0.5455 0.9693 0.5450 0.9852 0.5004 0.9852 0.5004 0.9852 0.5450 0.9852 0.5438 1.0000 0.5016 1.0000 0.2500 0.0271 0.3128 0.0361 0.3076 0.0538 0.2500 0.0455 0.4545 0.9693 0.5000 0.9693 0.4996 0.9852 0.4550 0.9852 0.4550 0.9852 0.4996 0.9852 0.4984 1.0000 0.4562 1.0000 0.1872 0.0361 0.2500 0.0271 0.2500 0.0455 0.1924 0.0538 0.4091 0.9693 0.4545 0.9693 0.4541 0.9852 0.4095 0.9852 0.4095 0.9852 0.4541 0.9852 0.4529 1.0000 0.4107 1.0000 0.1295 0.0625 0.1872 0.0361 0.1924 0.0538 0.1395 0.0780 0.3636 0.9693 0.4091 0.9693 0.4087 0.9852 0.3641 0.9852 0.3641 0.9852 0.4087 0.9852 0.4075 1.0000 0.3653 1.0000 0.0815 0.1040 0.1295 0.0625 0.1395 0.0780 0.0955 0.1161 0.3182 0.9693 0.3636 0.9693 0.3632 0.9852 0.3186 0.9852 0.3186 0.9852 0.3632 0.9852 0.3620 1.0000 0.3198 1.0000 0.0472 0.1574 0.0815 0.1040 0.0955 0.1161 0.0640 0.1651 0.2727 0.9693 0.3182 0.9693 0.3177 0.9852 0.2732 0.9852 0.2732 0.9852 0.3177 0.9852 0.3166 1.0000 0.2743 1.0000 0.0294 0.2183 0.0472 0.1574 0.0640 0.1651 0.0476 0.2209 0.2273 0.9693 0.2727 0.9693 0.2723 0.9852 0.2277 0.9852 0.2277 0.9852 0.2723 0.9852 0.2711 1.0000 0.2289 1.0000 0.0294 0.2817 0.0294 0.2183 0.0476 0.2209 0.0476 0.2791 0.1818 0.9693 0.2273 0.9693 0.2268 0.9852 0.1822 0.9852 0.1822 0.9852 0.2268 0.9852 0.2257 1.0000 0.1834 1.0000 0.0472 0.3426 0.0294 0.2817 0.0476 0.2791 0.0640 0.3349 0.1364 0.9693 0.1818 0.9693 0.1814 0.9852 0.1368 0.9852 0.1368 0.9852 0.1814 0.9852 0.1802 1.0000 0.1380 1.0000 0.0815 0.3960 0.0472 0.3426 0.0640 0.3349 0.0955 0.3839 0.0909 0.9693 0.1364 0.9693 0.1359 0.9852 0.0913 0.9852 0.0913 0.9852 0.1359 0.9852 0.1347 1.0000 0.0925 1.0000 0.1295 0.4375 0.0815 0.3960 0.0955 0.3839 0.1395 0.4220 0.0455 0.9693 0.0909 0.9693 0.0905 0.9852 0.0459 0.9852 0.0459 0.9852 0.0905 0.9852 0.0893 1.0000 0.0471 1.0000 0.1872 0.4639 0.1295 0.4375 0.1395 0.4220 0.1924 0.4462 -0.0000 0.9693 0.0455 0.9693 0.0450 0.9852 0.0004 0.9852 0.0004 0.9852 0.0450 0.9852 0.0438 1.0000 0.0016 1.0000 0.2500 0.4729 0.1872 0.4639 0.1924 0.4462 0.2500 0.4545 0.3076 0.4462 0.2500 0.4545 0.1924 0.4462 0.1395 0.4220 0.0955 0.3839 0.0640 0.3349 0.0476 0.2791 0.0476 0.2209 0.0640 0.1651 0.0955 0.1161 0.1395 0.0780 0.1924 0.0538 0.2500 0.0455 0.3076 0.0538 0.3605 0.0780 0.4045 0.1161 0.4360 0.1651 0.4524 0.2209 0.4524 0.2791 0.4360 0.3349 0.4045 0.3839 0.3605 0.4220 1.0000 0.5000 0.9545 0.5000 0.9545 0.5000 0.9997 0.5000 0.9997 0.5000 0.9545 0.5000 0.9545 0.5000 1.0000 0.5000 0.9545 0.5000 0.9091 0.5000 0.9091 0.5000 0.9545 0.5000 0.9545 0.5000 0.9091 0.5000 0.9091 0.5000 0.9545 0.5000 0.9091 0.5000 0.8636 0.5000 0.8636 0.5000 0.9091 0.5000 0.9091 0.5000 0.8636 0.5000 0.8636 0.5000 0.9091 0.5000 0.8636 0.5000 0.8182 0.5000 0.8182 0.5000 0.8636 0.5000 0.8636 0.5000 0.8182 0.5000 0.8182 0.5000 0.8636 0.5000 0.8182 0.5000 0.7727 0.5000 0.7727 0.5000 0.8182 0.5000 0.8182 0.5000 0.7727 0.5000 0.7727 0.5000 0.8182 0.5000 0.7727 0.5000 0.7273 0.5000 0.7273 0.5000 0.7727 0.5000 0.7727 0.5000 0.7273 0.5000 0.7273 0.5000 0.7727 0.5000 0.7273 0.5000 0.6818 0.5000 0.6818 0.5000 0.7273 0.5000 0.7273 0.5000 0.6818 0.5000 0.6818 0.5000 0.7273 0.5000 0.6818 0.5000 0.6364 0.5000 0.6364 0.5000 0.6818 0.5000 0.6818 0.5000 0.6364 0.5000 0.6364 0.5000 0.6818 0.5000 0.6364 0.5000 0.5909 0.5000 0.5909 0.5000 0.6364 0.5000 0.6364 0.5000 0.5909 0.5000 0.5909 0.5000 0.6364 0.5000 0.5909 0.5000 0.5455 0.5000 0.5455 0.5000 0.5909 0.5000 0.5909 0.5000 0.5455 0.5000 0.5455 0.5000 0.5909 0.5000 0.5455 0.5000 0.5000 0.5000 0.5000 0.5000 0.5455 0.5000 0.5455 0.5000 0.5000 0.5000 0.5000 0.5000 0.5455 0.5000 0.5000 0.5000 0.4545 0.5000 0.4545 0.5000 0.5000 0.5000 0.5000 0.5000 0.4545 0.5000 0.4545 0.5000 0.5000 0.5000 0.4545 0.5000 0.4091 0.5000 0.4091 0.5000 0.4545 0.5000 0.4545 0.5000 0.4091 0.5000 0.4091 0.5000 0.4545 0.5000 0.4091 0.5000 0.3636 0.5000 0.3636 0.5000 0.4091 0.5000 0.4091 0.5000 0.3636 0.5000 0.3636 0.5000 0.4091 0.5000 0.3636 0.5000 0.3182 0.5000 0.3182 0.5000 0.3636 0.5000 0.3636 0.5000 0.3182 0.5000 0.3182 0.5000 0.3636 0.5000 0.3182 0.5000 0.2727 0.5000 0.2727 0.5000 0.3182 0.5000 0.3182 0.5000 0.2727 0.5000 0.2727 0.5000 0.3182 0.5000 0.2727 0.5000 0.2273 0.5000 0.2273 0.5000 0.2727 0.5000 0.2727 0.5000 0.2273 0.5000 0.2273 0.5000 0.2727 0.5000 0.2273 0.5000 0.1818 0.5000 0.1818 0.5000 0.2273 0.5000 0.2273 0.5000 0.1818 0.5000 0.1818 0.5000 0.2273 0.5000 0.1818 0.5000 0.1364 0.5000 0.1364 0.5000 0.1818 0.5000 0.1818 0.5000 0.1364 0.5000 0.1364 0.5000 0.1818 0.5000 0.1364 0.5000 0.0909 0.5000 0.0909 0.5000 0.1364 0.5000 0.1364 0.5000 0.0909 0.5000 0.0909 0.5000 0.1364 0.5000 0.0909 0.5000 0.0455 0.5000 0.0455 0.5000 0.0909 0.5000 0.0909 0.5000 0.0455 0.5000 0.0455 0.5000 0.0909 0.5000 0.0455 0.5000 -0.0000 0.5000 0.0003 0.5000 0.0455 0.5000 0.0455 0.5000 0.0003 0.5000 -0.0000 0.5000 0.0455 0.5000 1.0000 0.5000 0.9545 0.5000 0.9545 0.5000 1.0000 0.5000 " />
						</IndexedFaceSet>
					</Shape>
				</Group>
			</Transform>
		</Transform>
		<Transform DEF="RC-HandSupport_TRANSFORM"
		           translation="0.002604 4.217631 1.059218"
		           scale="0.044925 0.090891 0.044925"
		           rotation="0.000000 1.000000 -0.000000 3.141593"
		           >
			<Transform DEF="RC-HandSupport_ifs_TRANSFORM"
			           translation="-0.000000 0.000003 -0.000000"
			           scale="1.000000 1.000000 1.000000"
			           rotation="0.000000 0.000000 0.000000 0.000000"
			           >
				<Group DEF="group_ME_Cylinder_007">
					<Shape>
						<Appearance>
						</Appearance>
						<IndexedFaceSet solid="false"
						                creaseAngle="0.5236"
						                texCoordIndex="0 1 2 3 4 5 6 7 8 9 10 11 12 13 14 15 16 17 18 19 20 21 22 23 -1 24 25 26 27 28 29 30 31 32 33 34 35 36 37 38 39 40 41 42 43 44 45 46 47 -1 48 49 50 51 -1 52 53 54 55 -1 56 57 58 59 -1 60 61 62 63 -1 64 65 66 67 -1 68 69 70 71 -1 72 73 74 75 -1 76 77 78 79 -1 80 81 82 83 -1 84 85 86 87 -1 88 89 90 91 -1 92 93 94 95 -1 96 97 98 99 -1 100 101 102 103 -1 104 105 106 107 -1 108 109 110 111 -1 112 113 114 115 -1 116 117 118 119 -1 120 121 122 123 -1 124 125 126 127 -1 128 129 130 131 -1 132 133 134 135 -1 136 137 138 139 -1 140 141 142 143 -1 144 145 146 147 -1 148 149 150 151 -1 152 153 154 155 -1 156 157 158 159 -1 160 161 162 163 -1 164 165 166 167 -1 168 169 170 171 -1 172 173 174 175 -1 176 177 178 179 -1 180 181 182 183 -1 184 185 186 187 -1 188 189 190 191 -1 192 193 194 195 -1 196 197 198 199 -1 200 201 202 203 -1 204 205 206 207 -1 208 209 210 211 -1 212 213 214 215 -1 216 217 218 219 -1 220 221 222 223 -1 224 225 226 227 -1 228 229 230 231 -1 232 233 234 235 -1 236 237 238 239 -1 240 241 242 243 -1 244 245 246 247 -1 248 249 250 251 -1 252 253 254 255 -1 256 257 258 259 -1 260 261 262 263 -1 264 265 266 267 -1 268 269 270 271 -1 272 273 274 275 -1 276 277 278 279 -1 280 281 282 283 -1 284 285 286 287 -1 288 289 290 291 -1 292 293 294 295 -1 296 297 298 299 -1 300 301 302 303 -1 304 305 306 307 -1 308 309 310 311 -1 312 313 314 315 -1 316 317 318 319 -1 320 321 322 323 -1 324 325 326 327 -1 328 329 330 331 -1 332 333 334 335 -1 336 337 338 339 -1 340 341 342 343 -1 344 345 346 347 -1 348 349 350 351 -1 352 353 354 355 -1 356 357 358 359 -1 360 361 362 363 -1 364 365 366 367 -1 368 369 370 371 -1 372 373 374 375 -1 376 377 378 379 -1 380 381 382 383 -1 384 385 386 387 -1 388 389 390 391 -1 392 393 394 395 -1 396 397 398 399 -1 400 401 402 403 -1 404 405 406 407 -1 408 409 410 411 -1 412 413 414 415 -1 416 417 418 419 -1 420 421 422 423 -1 424 425 426 427 -1 428 429 430 431 -1 432 433 434 435 -1 436 437 438 439 -1 440 441 442 443 -1 444 445 446 447 -1 448 449 450 451 -1 452 453 454 455 -1 456 457 458 459 -1 460 461 462 463 -1 464 465 466 467 -1 468 469 470 471 -1 472 473 474 475 -1 476 477 478 479 -1 480 481 482 483 -1 484 485 486 487 -1 488 489 490 491 -1 492 493 494 495 -1 496 497 498 499 -1 500 501 502 503 -1 504 505 506 507 -1 508 509 510 511 -1 512 513 514 515 -1 516 517 518 519 -1 520 521 522 523 -1 524 525 526 527 -1 528 529 530 531 -1 532 533 534 535 -1 536 537 538 539 -1 540 541 542 543 -1 544 545 546 547 -1 548 549 550 551 -1 552 553 554 555 -1 556 557 558 559 -1 560 561 562 563 -1 564 565 566 567 -1 568 569 570 571 -1 572 573 574 575 -1 576 577 578 579 -1 580 581 582 583 -1 584 585 586 587 -1 588 589 590 591 -1 592 593 594 595 -1 596 597 598 599 -1 600 601 602 603 -1 604 605 606 607 -1 608 609 610 611 -1 612 613 614 615 -1 616 617 618 619 -1 620 621 622 623 -1 624 625 626 627 -1 628 629 630 631 -1 632 633 634 635 -1 636 637 638 639 -1 640 641 642 643 -1 644 645 646 647 -1 648 649 650 651 -1 652 653 654 655 -1 656 657 658 659 -1 660 661 662 663 -1 664 665 666 667 -1 668 669 670 671 -1 672 673 674 675 -1 676 677 678 679 -1 680 681 682 683 -1 684 685 686 687 -1 688 689 690 691 -1 692 693 694 695 -1 696 697 698 699 -1 700 701 702 703 -1 704 705 706 707 -1 708 709 710 711 -1 712 713 714 715 -1 716 717 718 719 -1 720 721 722 723 -1 724 725 726 727 -1 728 729 730 731 -1 732 733 734 735 -1 736 737 738 739 -1 740 741 742 743 -1 744 745 746 747 -1 748 749 750 751 -1 752 753 754 755 -1 756 757 758 759 -1 760 761 762 763 -1 764 765 766 767 -1 768 769 770 771 -1 772 773 774 775 -1 776 777 778 779 -1 780 781 782 783 -1 784 785 786 787 -1 788 789 790 791 -1 792 793 794 795 -1 796 797 798 799 -1 800 801 802 803 -1 804 805 806 807 -1 808 809 810 811 -1 812 813 814 815 -1 816 817 818 819 -1 820 821 822 823 -1 824 825 826 827 -1 828 829 830 831 -1 832 833 834 835 -1 836 837 838 839 -1 840 841 842 843 -1 844 845 846 847 -1 848 849 850 851 -1 852 853 854 855 -1 856 857 858 859 -1 860 861 862 863 -1 864 865 866 867 -1 868 869 870 871 -1 872 873 874 875 -1 876 877 878 879 -1 880 881 882 883 -1 884 885 886 887 -1 888 889 890 891 -1 892 893 894 895 -1 896 897 898 899 -1 900 901 902 903 -1 904 905 906 907 -1 908 909 910 911 -1 912 913 914 915 -1 916 917 918 919 -1 920 921 922 923 -1 924 925 926 927 -1 928 929 930 931 -1 932 933 934 935 -1 936 937 938 939 -1 940 941 942 943 -1 944 945 946 947 -1 948 949 950 951 -1 952 953 954 955 -1 956 957 958 959 -1 960 961 962 963 -1 964 965 966 967 -1 968 969 970 971 -1 972 973 974 975 -1 976 977 978 979 -1 980 981 982 983 -1 984 985 986 987 -1 988 989 990 991 -1 992 993 994 995 -1 996 997 998 999 -1 1000 1001 1002 1003 -1 1004 1005 1006 1007 -1 "
						                coordIndex="47 0 3 5 7 9 11 13 15 17 19 21 23 25 27 29 31 33 35 37 39 41 43 45 -1 46 44 42 40 38 36 34 32 30 28 26 24 22 20 18 16 14 12 10 8 6 4 2 1 -1 58 56 172 173 -1 0 47 143 144 -1 84 82 185 186 -1 23 21 117 119 -1 57 59 106 104 -1 83 85 132 130 -1 22 24 156 157 -1 56 54 171 172 -1 82 80 184 185 -1 25 23 119 121 -1 55 57 104 102 -1 81 83 130 128 -1 24 26 155 156 -1 54 52 170 171 -1 80 78 183 184 -1 27 25 121 123 -1 53 55 102 100 -1 79 81 128 126 -1 26 28 154 155 -1 1 2 167 97 -1 52 50 169 170 -1 78 76 182 183 -1 29 27 123 125 -1 3 0 144 99 -1 51 53 100 98 -1 95 261 193 48 -1 77 79 126 124 -1 53 198 201 55 -1 28 30 153 154 -1 55 201 204 57 -1 2 4 166 167 -1 57 204 207 59 -1 50 49 96 169 -1 59 207 210 61 -1 76 74 181 182 -1 61 210 213 63 -1 31 29 125 127 -1 63 213 216 65 -1 5 3 99 101 -1 65 216 219 67 -1 48 51 98 168 -1 67 219 222 69 -1 75 77 124 122 -1 69 222 225 71 -1 30 32 152 153 -1 71 225 228 73 -1 4 6 165 166 -1 73 228 231 75 -1 74 72 180 181 -1 75 231 234 77 -1 33 31 127 129 -1 77 234 237 79 -1 7 5 101 103 -1 79 237 240 81 -1 73 75 122 120 -1 81 240 243 83 -1 32 34 151 152 -1 83 243 246 85 -1 6 8 164 165 -1 85 246 249 87 -1 72 70 179 180 -1 87 249 252 89 -1 35 33 129 131 -1 89 252 255 91 -1 9 7 103 105 -1 91 255 258 93 -1 71 73 120 118 -1 93 258 261 95 -1 34 36 150 151 -1 8 10 163 164 -1 48 193 195 51 -1 51 195 198 53 -1 259 92 94 262 -1 256 90 92 259 -1 253 88 90 256 -1 250 86 88 253 -1 247 84 86 250 -1 244 82 84 247 -1 241 80 82 244 -1 238 78 80 241 -1 235 76 78 238 -1 232 74 76 235 -1 229 72 74 232 -1 226 70 72 229 -1 223 68 70 226 -1 220 66 68 223 -1 217 64 66 220 -1 214 62 64 217 -1 211 60 62 214 -1 208 58 60 211 -1 205 56 58 208 -1 202 54 56 205 -1 199 52 54 202 -1 196 50 52 199 -1 192 49 50 196 -1 191 145 97 96 -1 190 146 145 191 -1 189 147 146 190 -1 188 148 147 189 -1 187 149 148 188 -1 186 150 149 187 -1 185 151 150 186 -1 184 152 151 185 -1 183 153 152 184 -1 182 154 153 183 -1 181 155 154 182 -1 180 156 155 181 -1 179 157 156 180 -1 178 158 157 179 -1 177 159 158 178 -1 176 160 159 177 -1 175 161 160 176 -1 174 162 161 175 -1 173 163 162 174 -1 172 164 163 173 -1 171 165 164 172 -1 170 166 165 171 -1 169 167 166 170 -1 96 97 167 169 -1 144 168 98 99 -1 99 98 100 101 -1 101 100 102 103 -1 103 102 104 105 -1 105 104 106 107 -1 107 106 108 109 -1 109 108 110 111 -1 111 110 112 113 -1 113 112 114 115 -1 115 114 116 117 -1 117 116 118 119 -1 119 118 120 121 -1 121 120 122 123 -1 123 122 124 125 -1 125 124 126 127 -1 127 126 128 129 -1 129 128 130 131 -1 131 130 132 133 -1 133 132 134 135 -1 135 134 136 137 -1 137 136 138 139 -1 139 138 140 141 -1 141 140 142 143 -1 143 142 168 144 -1 20 22 157 158 -1 85 87 134 132 -1 46 1 97 145 -1 59 61 108 106 -1 21 19 115 117 -1 86 84 186 187 -1 47 45 141 143 -1 60 58 173 174 -1 18 20 158 159 -1 87 89 136 134 -1 44 46 145 146 -1 61 63 110 108 -1 19 17 113 115 -1 88 86 187 188 -1 45 43 139 141 -1 62 60 174 175 -1 16 18 159 160 -1 89 91 138 136 -1 42 44 146 147 -1 63 65 112 110 -1 17 15 111 113 -1 90 88 188 189 -1 43 41 137 139 -1 64 62 175 176 -1 14 16 160 161 -1 91 93 140 138 -1 40 42 147 148 -1 65 67 114 112 -1 15 13 109 111 -1 92 90 189 190 -1 41 39 135 137 -1 66 64 176 177 -1 12 14 161 162 -1 93 95 142 140 -1 38 40 148 149 -1 67 69 116 114 -1 13 11 107 109 -1 94 92 190 191 -1 39 37 133 135 -1 68 66 177 178 -1 10 12 162 163 -1 95 48 168 142 -1 36 38 149 150 -1 69 71 118 116 -1 11 9 105 107 -1 49 94 191 96 -1 37 35 131 133 -1 70 68 178 179 -1 262 192 194 263 -1 263 194 193 261 -1 259 262 263 260 -1 260 263 261 258 -1 256 259 260 257 -1 257 260 258 255 -1 253 256 257 254 -1 254 257 255 252 -1 250 253 254 251 -1 251 254 252 249 -1 247 250 251 248 -1 248 251 249 246 -1 244 247 248 245 -1 245 248 246 243 -1 241 244 245 242 -1 242 245 243 240 -1 238 241 242 239 -1 239 242 240 237 -1 235 238 239 236 -1 236 239 237 234 -1 232 235 236 233 -1 233 236 234 231 -1 229 232 233 230 -1 230 233 231 228 -1 226 229 230 227 -1 227 230 228 225 -1 223 226 227 224 -1 224 227 225 222 -1 220 223 224 221 -1 221 224 222 219 -1 217 220 221 218 -1 218 221 219 216 -1 214 217 218 215 -1 215 218 216 213 -1 211 214 215 212 -1 212 215 213 210 -1 208 211 212 209 -1 209 212 210 207 -1 205 208 209 206 -1 206 209 207 204 -1 202 205 206 203 -1 203 206 204 201 -1 199 202 203 200 -1 200 203 201 198 -1 196 199 200 197 -1 197 200 198 195 -1 192 196 197 194 -1 194 197 195 193 -1 262 94 49 192 -1 "
						                >
							<Coordinate DEF="coords_ME_Cylinder_007"
							            point="-0.000000 1.000000 -6.745190 -0.000000 1.000001 6.745174 0.258819 0.965926 6.745174 0.258819 0.965926 -6.745191 0.500000 0.866026 6.745174 0.500000 0.866026 -6.745191 0.707107 0.707107 6.745174 0.707107 0.707107 -6.745191 0.866025 0.500001 6.745174 0.866025 0.500000 -6.745191 0.965926 0.258820 6.745174 0.965926 0.258819 -6.745191 1.000000 0.000001 6.745174 1.000000 0.000000 -6.745191 0.965926 -0.258818 6.745174 0.965926 -0.258819 -6.745191 0.866026 -0.499999 6.745174 0.866026 -0.499999 -6.745191 0.707107 -0.707106 6.745174 0.707107 -0.707106 -6.745191 0.500000 -0.866025 6.745174 0.500000 -0.866025 -6.745191 0.258819 -0.965925 6.745174 0.258819 -0.965925 -6.745191 0.000000 -0.999999 6.745174 0.000000 -1.000000 -6.745191 -0.258819 -0.965925 6.745174 -0.258819 -0.965926 -6.745191 -0.500000 -0.866025 6.745174 -0.500000 -0.866025 -6.745191 -0.707106 -0.707107 6.745174 -0.707106 -0.707107 -6.745191 -0.866025 -0.500000 6.745174 -0.866025 -0.500000 -6.745191 -0.965926 -0.258819 6.745174 -0.965926 -0.258819 -6.745191 -1.000000 0.000000 6.745174 -1.000000 -0.000000 -6.745191 -0.965926 0.258819 6.745174 -0.965926 0.258819 -6.745191 -0.866026 0.500000 6.745174 -0.866026 0.500000 -6.745191 -0.707107 0.707107 6.745174 -0.707107 0.707107 -6.745191 -0.500001 0.866026 6.745174 -0.500001 0.866026 -6.745191 -0.258820 0.965926 6.745174 -0.258820 0.965926 -6.745191 -0.000000 1.000000 -5.265858 -0.000000 1.000001 5.265843 0.258819 0.965926 5.265843 0.258819 0.965926 -5.265859 0.500000 0.866026 5.265843 0.500000 0.866026 -5.265859 0.707107 0.707107 5.265843 0.707107 0.707107 -5.265859 0.866025 0.500001 5.265843 0.866025 0.500000 -5.265859 0.965926 0.258820 5.265843 0.965926 0.258819 -5.265859 1.000000 0.000001 5.265843 1.000000 0.000000 -5.265859 0.965926 -0.258818 5.265843 0.965926 -0.258819 -5.265859 0.866026 -0.499999 5.265843 0.866026 -0.499999 -5.265859 0.707107 -0.707106 5.265843 0.707107 -0.707106 -5.265859 0.500000 -0.866025 5.265843 0.500000 -0.866025 -5.265859 0.258819 -0.965925 5.265843 0.258819 -0.965925 -5.265859 0.000000 -0.999999 5.265843 0.000000 -1.000000 -5.265859 -0.258819 -0.965925 5.265843 -0.258819 -0.965926 -5.265859 -0.500000 -0.866025 5.265843 -0.500000 -0.866025 -5.265859 -0.707106 -0.707107 5.265843 -0.707106 -0.707107 -5.265859 -0.866025 -0.500000 5.265843 -0.866025 -0.500000 -5.265859 -0.965926 -0.258819 5.265843 -0.965926 -0.258819 -5.265859 -1.000000 0.000000 5.265843 -1.000000 -0.000000 -5.265859 -0.965926 0.258819 5.265843 -0.965926 0.258819 -5.265859 -0.866026 0.500000 5.265843 -0.866026 0.500000 -5.265859 -0.707107 0.707107 5.265843 -0.707107 0.707107 -5.265859 -0.500001 0.866026 5.265843 -0.500001 0.866026 -5.265859 -0.258820 0.965926 5.265843 -0.258820 0.965926 -5.265859 -0.000000 1.146265 5.707853 -0.000000 1.146265 6.442445 0.296675 1.107206 -5.707869 0.296675 1.107206 -6.442461 0.573133 0.992694 -5.707869 0.573133 0.992694 -6.442461 0.810532 0.810531 -5.707869 0.810532 0.810531 -6.442461 0.992695 0.573132 -5.707869 0.992695 0.573132 -6.442461 1.107208 0.296674 -5.707869 1.107208 0.296674 -6.442461 1.146266 -0.000001 -5.707869 1.146266 -0.000001 -6.442461 1.107208 -0.296677 -5.707869 1.107208 -0.296677 -6.442461 0.992695 -0.573134 -5.707869 0.992695 -0.573134 -6.442461 0.810532 -0.810533 -5.707869 0.810532 -0.810533 -6.442461 0.573133 -0.992696 -5.707869 0.573133 -0.992696 -6.442461 0.296676 -1.107209 -5.707869 0.296676 -1.107209 -6.442461 0.000000 -1.146267 -5.707869 0.000000 -1.146267 -6.442461 -0.296675 -1.107209 -5.707869 -0.296675 -1.107209 -6.442461 -0.573132 -0.992697 -5.707869 -0.573132 -0.992697 -6.442461 -0.810532 -0.810534 -5.707869 -0.810532 -0.810534 -6.442461 -0.992695 -0.573135 -5.707869 -0.992695 -0.573135 -6.442461 -1.107208 -0.296677 -5.707869 -1.107208 -0.296677 -6.442461 -1.146266 -0.000002 -5.707869 -1.146266 -0.000002 -6.442461 -1.107208 0.296674 -5.707869 -1.107208 0.296674 -6.442461 -0.992696 0.573131 -5.707869 -0.992696 0.573131 -6.442461 -0.810533 0.810531 -5.707869 -0.810533 0.810531 -6.442461 -0.573134 0.992694 -5.707869 -0.573134 0.992694 -6.442461 -0.296676 1.107206 -5.707869 -0.296676 1.107206 -6.442461 -0.000000 1.146264 -6.442461 -0.296676 1.107206 6.442445 -0.573134 0.992694 6.442445 -0.810533 0.810531 6.442445 -0.992696 0.573131 6.442445 -1.107208 0.296674 6.442445 -1.146266 -0.000002 6.442445 -1.107208 -0.296677 6.442445 -0.992695 -0.573134 6.442445 -0.810532 -0.810534 6.442445 -0.573132 -0.992697 6.442445 -0.296675 -1.107209 6.442445 0.000000 -1.146267 6.442445 0.296676 -1.107209 6.442445 0.573133 -0.992696 6.442445 0.810532 -0.810533 6.442445 0.992695 -0.573134 6.442445 1.107208 -0.296676 6.442445 1.146266 -0.000001 6.442445 1.107208 0.296674 6.442445 0.992695 0.573132 6.442445 0.810532 0.810531 6.442445 0.573133 0.992694 6.442445 0.296675 1.107207 6.442445 -0.000000 1.146264 -5.707868 0.296675 1.107207 5.707853 0.573133 0.992694 5.707853 0.810532 0.810531 5.707853 0.992695 0.573132 5.707853 1.107208 0.296674 5.707853 1.146266 -0.000001 5.707853 1.107208 -0.296676 5.707853 0.992695 -0.573134 5.707853 0.810532 -0.810533 5.707853 0.573133 -0.992696 5.707853 0.296676 -1.107209 5.707853 0.000000 -1.146267 5.707853 -0.296675 -1.107209 5.707853 -0.573132 -0.992697 5.707853 -0.810532 -0.810534 5.707853 -0.992695 -0.573134 5.707853 -1.107208 -0.296677 5.707853 -1.146266 -0.000002 5.707853 -1.107208 0.296674 5.707853 -0.992696 0.573131 5.707853 -0.810533 0.810531 5.707853 -0.573134 0.992694 5.707853 -0.296676 1.107206 5.707853 -0.000000 1.230577 1.281537 -0.000000 1.230577 -1.281550 -0.000000 1.261296 -0.000007 0.318496 1.188646 -1.281551 0.318496 1.188646 1.281536 0.326447 1.218319 -0.000008 0.615288 1.065711 -1.281551 0.615288 1.065711 1.281536 0.630647 1.092315 -0.000008 0.870148 0.870149 -1.281551 0.870148 0.870149 1.281536 0.891870 0.891872 -0.000008 1.065709 0.615289 -1.281551 1.065709 0.615289 1.281536 1.092314 0.630649 -0.000008 1.188644 0.318498 -1.281551 1.188644 0.318498 1.281536 1.218317 0.326449 -0.000008 1.230575 0.000001 -1.281551 1.230575 0.000002 1.281536 1.261295 0.000002 -0.000008 1.188645 -0.318495 -1.281551 1.188645 -0.318495 1.281536 1.218318 -0.326445 -0.000007 1.065709 -0.615286 -1.281551 1.065709 -0.615286 1.281536 1.092314 -0.630646 -0.000007 0.870148 -0.870147 -1.281551 0.870148 -0.870146 1.281536 0.891870 -0.891869 -0.000007 0.615288 -1.065708 -1.281551 0.615288 -1.065708 1.281536 0.630648 -1.092312 -0.000007 0.318497 -1.188643 -1.281551 0.318497 -1.188643 1.281536 0.326448 -1.218316 -0.000007 0.000000 -1.230574 -1.281551 0.000000 -1.230574 1.281536 0.000000 -1.261293 -0.000007 -0.318496 -1.188643 -1.281551 -0.318496 -1.188643 1.281536 -0.326447 -1.218316 -0.000007 -0.615287 -1.065708 -1.281551 -0.615287 -1.065708 1.281536 -0.630647 -1.092312 -0.000007 -0.870148 -0.870147 -1.281551 -0.870148 -0.870147 1.281536 -0.891870 -0.891869 -0.000007 -1.065709 -0.615287 -1.281551 -1.065709 -0.615287 1.281536 -1.092313 -0.630646 -0.000007 -1.188644 -0.318495 -1.281551 -1.188644 -0.318495 1.281536 -1.218317 -0.326446 -0.000007 -1.230575 0.000001 -1.281551 -1.230575 0.000001 1.281536 -1.261295 0.000001 -0.000008 -1.188645 0.318497 -1.281551 -1.188645 0.318497 1.281536 -1.218318 0.326448 -0.000008 -1.065710 0.615288 -1.281551 -1.065710 0.615288 1.281536 -1.092314 0.630648 -0.000008 -0.870149 0.870149 -1.281551 -0.870149 0.870149 1.281536 -0.891871 0.891871 -0.000008 -0.615288 1.065710 -1.281551 -0.615288 1.065710 1.281536 -0.630648 1.092315 -0.000008 -0.318497 1.188645 -1.281551 -0.318497 1.188646 1.281536 -0.326448 1.218319 -0.000008 "
							            />
							<TextureCoordinate point="0.0417 0.6667 1.0000 0.6667 0.9583 0.6667 0.9167 0.6667 0.8750 0.6667 0.8333 0.6667 0.7917 0.6667 0.7500 0.6667 0.7083 0.6667 0.6667 0.6667 0.6250 0.6667 0.5833 0.6667 0.5417 0.6667 0.5000 0.6667 0.4583 0.6667 0.4167 0.6667 0.3750 0.6667 0.3333 0.6667 0.2917 0.6667 0.2500 0.6667 0.2083 0.6667 0.1667 0.6667 0.1250 0.6667 0.0833 0.6667 0.0417 0.8333 0.0833 0.8333 0.1250 0.8333 0.1667 0.8333 0.2083 0.8333 0.2500 0.8333 0.2917 0.8333 0.3333 0.8333 0.3750 0.8333 0.4167 0.8333 0.4583 0.8333 0.5000 0.8333 0.5417 0.8333 0.5833 0.8333 0.6250 0.8333 0.6667 0.8333 0.7083 0.8333 0.7500 0.8333 0.7917 0.8333 0.8333 0.8333 0.8750 0.8333 0.9167 0.8333 0.9583 0.8333 1.0000 0.8333 0.7917 0.7778 0.8333 0.7778 0.8333 0.7778 0.7917 0.7778 -0.0000 0.6667 0.0417 0.6667 0.0417 0.6667 -0.0000 0.6667 0.2500 0.7778 0.2917 0.7778 0.2917 0.7778 0.2500 0.7778 0.5417 0.6667 0.5833 0.6667 0.5833 0.6667 0.5417 0.6667 0.8333 0.7222 0.7917 0.7222 0.7917 0.7222 0.8333 0.7222 0.2917 0.7222 0.2500 0.7222 0.2500 0.7222 0.2917 0.7222 0.5417 0.8333 0.5000 0.8333 0.5000 0.8333 0.5417 0.8333 0.8333 0.7778 0.8750 0.7778 0.8750 0.7778 0.8333 0.7778 0.2917 0.7778 0.3333 0.7778 0.3333 0.7778 0.2917 0.7778 0.5000 0.6667 0.5417 0.6667 0.5417 0.6667 0.5000 0.6667 0.8750 0.7222 0.8333 0.7222 0.8333 0.7222 0.8750 0.7222 0.3333 0.7222 0.2917 0.7222 0.2917 0.7222 0.3333 0.7222 0.5000 0.8333 0.4583 0.8333 0.4583 0.8333 0.5000 0.8333 0.8750 0.7778 0.9167 0.7778 0.9167 0.7778 0.8750 0.7778 0.3333 0.7778 0.3750 0.7778 0.3750 0.7778 0.3333 0.7778 0.4583 0.6667 0.5000 0.6667 0.5000 0.6667 0.4583 0.6667 0.9167 0.7222 0.8750 0.7222 0.8750 0.7222 0.9167 0.7222 0.3750 0.7222 0.3333 0.7222 0.3333 0.7222 0.3750 0.7222 0.4583 0.8333 0.4167 0.8333 0.4167 0.8333 0.4583 0.8333 1.0000 0.8333 0.9583 0.8333 0.9583 0.8333 1.0000 0.8333 0.9167 0.7778 0.9583 0.7778 0.9583 0.7778 0.9167 0.7778 0.3750 0.7778 0.4167 0.7778 0.4167 0.7778 0.3750 0.7778 0.4167 0.6667 0.4583 0.6667 0.4583 0.6667 0.4167 0.6667 0.9583 0.6667 1.0000 0.6667 1.0000 0.6667 0.9583 0.6667 0.9583 0.7222 0.9167 0.7222 0.9167 0.7222 0.9583 0.7222 0.0417 0.7222 0.0417 0.7432 -0.0000 0.7432 -0.0000 0.7222 0.4167 0.7222 0.3750 0.7222 0.3750 0.7222 0.4167 0.7222 0.9167 0.7222 0.9167 0.7432 0.8750 0.7432 0.8750 0.7222 0.4167 0.8333 0.3750 0.8333 0.3750 0.8333 0.4167 0.8333 0.8750 0.7222 0.8750 0.7432 0.8333 0.7432 0.8333 0.7222 0.9583 0.8333 0.9167 0.8333 0.9167 0.8333 0.9583 0.8333 0.8333 0.7222 0.8333 0.7432 0.7917 0.7432 0.7917 0.7222 0.9583 0.7778 1.0000 0.7778 1.0000 0.7778 0.9583 0.7778 0.7917 0.7222 0.7917 0.7432 0.7500 0.7432 0.7500 0.7222 0.4167 0.7778 0.4583 0.7778 0.4583 0.7778 0.4167 0.7778 0.7500 0.7222 0.7500 0.7432 0.7083 0.7432 0.7083 0.7222 0.3750 0.6667 0.4167 0.6667 0.4167 0.6667 0.3750 0.6667 0.7083 0.7222 0.7083 0.7432 0.6667 0.7432 0.6667 0.7222 0.9167 0.6667 0.9583 0.6667 0.9583 0.6667 0.9167 0.6667 0.6667 0.7222 0.6667 0.7432 0.6250 0.7432 0.6250 0.7222 1.0000 0.7222 0.9583 0.7222 0.9583 0.7222 1.0000 0.7222 0.6250 0.7222 0.6250 0.7432 0.5833 0.7432 0.5833 0.7222 0.4583 0.7222 0.4167 0.7222 0.4167 0.7222 0.4583 0.7222 0.5833 0.7222 0.5833 0.7432 0.5417 0.7432 0.5417 0.7222 0.3750 0.8333 0.3333 0.8333 0.3333 0.8333 0.3750 0.8333 0.5417 0.7222 0.5417 0.7432 0.5000 0.7432 0.5000 0.7222 0.9167 0.8333 0.8750 0.8333 0.8750 0.8333 0.9167 0.8333 0.5000 0.7222 0.5000 0.7432 0.4583 0.7432 0.4583 0.7222 0.4583 0.7778 0.5000 0.7778 0.5000 0.7778 0.4583 0.7778 0.4583 0.7222 0.4583 0.7432 0.4167 0.7432 0.4167 0.7222 0.3333 0.6667 0.3750 0.6667 0.3750 0.6667 0.3333 0.6667 0.4167 0.7222 0.4167 0.7432 0.3750 0.7432 0.3750 0.7222 0.8750 0.6667 0.9167 0.6667 0.9167 0.6667 0.8750 0.6667 0.3750 0.7222 0.3750 0.7432 0.3333 0.7432 0.3333 0.7222 0.5000 0.7222 0.4583 0.7222 0.4583 0.7222 0.5000 0.7222 0.3333 0.7222 0.3333 0.7432 0.2917 0.7432 0.2917 0.7222 0.3333 0.8333 0.2917 0.8333 0.2917 0.8333 0.3333 0.8333 0.2917 0.7222 0.2917 0.7432 0.2500 0.7432 0.2500 0.7222 0.8750 0.8333 0.8333 0.8333 0.8333 0.8333 0.8750 0.8333 0.2500 0.7222 0.2500 0.7432 0.2083 0.7432 0.2083 0.7222 0.5000 0.7778 0.5417 0.7778 0.5417 0.7778 0.5000 0.7778 0.2083 0.7222 0.2083 0.7432 0.1667 0.7432 0.1667 0.7222 0.2917 0.6667 0.3333 0.6667 0.3333 0.6667 0.2917 0.6667 0.1667 0.7222 0.1667 0.7432 0.1250 0.7432 0.1250 0.7222 0.8333 0.6667 0.8750 0.6667 0.8750 0.6667 0.8333 0.6667 0.1250 0.7222 0.1250 0.7432 0.0833 0.7432 0.0833 0.7222 0.5417 0.7222 0.5000 0.7222 0.5000 0.7222 0.5417 0.7222 0.0833 0.7222 0.0833 0.7432 0.0417 0.7432 0.0417 0.7222 0.2917 0.8333 0.2500 0.8333 0.2500 0.8333 0.2917 0.8333 0.8333 0.8333 0.7917 0.8333 0.7917 0.8333 0.8333 0.8333 1.0000 0.7222 1.0000 0.7432 0.9583 0.7432 0.9583 0.7222 0.9583 0.7222 0.9583 0.7432 0.9167 0.7432 0.9167 0.7222 0.0833 0.7568 0.0833 0.7778 0.0417 0.7778 0.0417 0.7568 0.1250 0.7568 0.1250 0.7778 0.0833 0.7778 0.0833 0.7568 0.1667 0.7568 0.1667 0.7778 0.1250 0.7778 0.1250 0.7568 0.2083 0.7568 0.2083 0.7778 0.1667 0.7778 0.1667 0.7568 0.2500 0.7568 0.2500 0.7778 0.2083 0.7778 0.2083 0.7568 0.2917 0.7568 0.2917 0.7778 0.2500 0.7778 0.2500 0.7568 0.3333 0.7568 0.3333 0.7778 0.2917 0.7778 0.2917 0.7568 0.3750 0.7568 0.3750 0.7778 0.3333 0.7778 0.3333 0.7568 0.4167 0.7568 0.4167 0.7778 0.3750 0.7778 0.3750 0.7568 0.4583 0.7568 0.4583 0.7778 0.4167 0.7778 0.4167 0.7568 0.5000 0.7568 0.5000 0.7778 0.4583 0.7778 0.4583 0.7568 0.5417 0.7568 0.5417 0.7778 0.5000 0.7778 0.5000 0.7568 0.5833 0.7568 0.5833 0.7778 0.5417 0.7778 0.5417 0.7568 0.6250 0.7568 0.6250 0.7778 0.5833 0.7778 0.5833 0.7568 0.6667 0.7568 0.6667 0.7778 0.6250 0.7778 0.6250 0.7568 0.7083 0.7568 0.7083 0.7778 0.6667 0.7778 0.6667 0.7568 0.7500 0.7568 0.7500 0.7778 0.7083 0.7778 0.7083 0.7568 0.7917 0.7568 0.7917 0.7778 0.7500 0.7778 0.7500 0.7568 0.8333 0.7568 0.8333 0.7778 0.7917 0.7778 0.7917 0.7568 0.8750 0.7568 0.8750 0.7778 0.8333 0.7778 0.8333 0.7568 0.9167 0.7568 0.9167 0.7778 0.8750 0.7778 0.8750 0.7568 0.9583 0.7568 0.9583 0.7778 0.9167 0.7778 0.9167 0.7568 1.0000 0.7568 1.0000 0.7778 0.9583 0.7778 0.9583 0.7568 0.0417 0.7778 0.0417 0.8333 -0.0000 0.8333 -0.0000 0.7778 0.0833 0.7778 0.0833 0.8333 0.0417 0.8333 0.0417 0.7778 0.1250 0.7778 0.1250 0.8333 0.0833 0.8333 0.0833 0.7778 0.1667 0.7778 0.1667 0.8333 0.1250 0.8333 0.1250 0.7778 0.2083 0.7778 0.2083 0.8333 0.1667 0.8333 0.1667 0.7778 0.2500 0.7778 0.2500 0.8333 0.2083 0.8333 0.2083 0.7778 0.2917 0.7778 0.2917 0.8333 0.2500 0.8333 0.2500 0.7778 0.3333 0.7778 0.3333 0.8333 0.2917 0.8333 0.2917 0.7778 0.3750 0.7778 0.3750 0.8333 0.3333 0.8333 0.3333 0.7778 0.4167 0.7778 0.4167 0.8333 0.3750 0.8333 0.3750 0.7778 0.4583 0.7778 0.4583 0.8333 0.4167 0.8333 0.4167 0.7778 0.5000 0.7778 0.5000 0.8333 0.4583 0.8333 0.4583 0.7778 0.5417 0.7778 0.5417 0.8333 0.5000 0.8333 0.5000 0.7778 0.5833 0.7778 0.5833 0.8333 0.5417 0.8333 0.5417 0.7778 0.6250 0.7778 0.6250 0.8333 0.5833 0.8333 0.5833 0.7778 0.6667 0.7778 0.6667 0.8333 0.6250 0.8333 0.6250 0.7778 0.7083 0.7778 0.7083 0.8333 0.6667 0.8333 0.6667 0.7778 0.7500 0.7778 0.7500 0.8333 0.7083 0.8333 0.7083 0.7778 0.7917 0.7778 0.7917 0.8333 0.7500 0.8333 0.7500 0.7778 0.8333 0.7778 0.8333 0.8333 0.7917 0.8333 0.7917 0.7778 0.8750 0.7778 0.8750 0.8333 0.8333 0.8333 0.8333 0.7778 0.9167 0.7778 0.9167 0.8333 0.8750 0.8333 0.8750 0.7778 0.9583 0.7778 0.9583 0.8333 0.9167 0.8333 0.9167 0.7778 1.0000 0.7778 1.0000 0.8333 0.9583 0.8333 0.9583 0.7778 1.0000 0.6667 1.0000 0.7222 0.9583 0.7222 0.9583 0.6667 0.9583 0.6667 0.9583 0.7222 0.9167 0.7222 0.9167 0.6667 0.9167 0.6667 0.9167 0.7222 0.8750 0.7222 0.8750 0.6667 0.8750 0.6667 0.8750 0.7222 0.8333 0.7222 0.8333 0.6667 0.8333 0.6667 0.8333 0.7222 0.7917 0.7222 0.7917 0.6667 0.7917 0.6667 0.7917 0.7222 0.7500 0.7222 0.7500 0.6667 0.7500 0.6667 0.7500 0.7222 0.7083 0.7222 0.7083 0.6667 0.7083 0.6667 0.7083 0.7222 0.6667 0.7222 0.6667 0.6667 0.6667 0.6667 0.6667 0.7222 0.6250 0.7222 0.6250 0.6667 0.6250 0.6667 0.6250 0.7222 0.5833 0.7222 0.5833 0.6667 0.5833 0.6667 0.5833 0.7222 0.5417 0.7222 0.5417 0.6667 0.5417 0.6667 0.5417 0.7222 0.5000 0.7222 0.5000 0.6667 0.5000 0.6667 0.5000 0.7222 0.4583 0.7222 0.4583 0.6667 0.4583 0.6667 0.4583 0.7222 0.4167 0.7222 0.4167 0.6667 0.4167 0.6667 0.4167 0.7222 0.3750 0.7222 0.3750 0.6667 0.3750 0.6667 0.3750 0.7222 0.3333 0.7222 0.3333 0.6667 0.3333 0.6667 0.3333 0.7222 0.2917 0.7222 0.2917 0.6667 0.2917 0.6667 0.2917 0.7222 0.2500 0.7222 0.2500 0.6667 0.2500 0.6667 0.2500 0.7222 0.2083 0.7222 0.2083 0.6667 0.2083 0.6667 0.2083 0.7222 0.1667 0.7222 0.1667 0.6667 0.1667 0.6667 0.1667 0.7222 0.1250 0.7222 0.1250 0.6667 0.1250 0.6667 0.1250 0.7222 0.0833 0.7222 0.0833 0.6667 0.0833 0.6667 0.0833 0.7222 0.0417 0.7222 0.0417 0.6667 0.0417 0.6667 0.0417 0.7222 -0.0000 0.7222 -0.0000 0.6667 0.5833 0.8333 0.5417 0.8333 0.5417 0.8333 0.5833 0.8333 0.2500 0.7222 0.2083 0.7222 0.2083 0.7222 0.2500 0.7222 0.0417 0.8333 -0.0000 0.8333 -0.0000 0.8333 0.0417 0.8333 0.7917 0.7222 0.7500 0.7222 0.7500 0.7222 0.7917 0.7222 0.5833 0.6667 0.6250 0.6667 0.6250 0.6667 0.5833 0.6667 0.2083 0.7778 0.2500 0.7778 0.2500 0.7778 0.2083 0.7778 0.0417 0.6667 0.0833 0.6667 0.0833 0.6667 0.0417 0.6667 0.7500 0.7778 0.7917 0.7778 0.7917 0.7778 0.7500 0.7778 0.6250 0.8333 0.5833 0.8333 0.5833 0.8333 0.6250 0.8333 0.2083 0.7222 0.1667 0.7222 0.1667 0.7222 0.2083 0.7222 0.0833 0.8333 0.0417 0.8333 0.0417 0.8333 0.0833 0.8333 0.7500 0.7222 0.7083 0.7222 0.7083 0.7222 0.7500 0.7222 0.6250 0.6667 0.6667 0.6667 0.6667 0.6667 0.6250 0.6667 0.1667 0.7778 0.2083 0.7778 0.2083 0.7778 0.1667 0.7778 0.0833 0.6667 0.1250 0.6667 0.1250 0.6667 0.0833 0.6667 0.7083 0.7778 0.7500 0.7778 0.7500 0.7778 0.7083 0.7778 0.6667 0.8333 0.6250 0.8333 0.6250 0.8333 0.6667 0.8333 0.1667 0.7222 0.1250 0.7222 0.1250 0.7222 0.1667 0.7222 0.1250 0.8333 0.0833 0.8333 0.0833 0.8333 0.1250 0.8333 0.7083 0.7222 0.6667 0.7222 0.6667 0.7222 0.7083 0.7222 0.6667 0.6667 0.7083 0.6667 0.7083 0.6667 0.6667 0.6667 0.1250 0.7778 0.1667 0.7778 0.1667 0.7778 0.1250 0.7778 0.1250 0.6667 0.1667 0.6667 0.1667 0.6667 0.1250 0.6667 0.6667 0.7778 0.7083 0.7778 0.7083 0.7778 0.6667 0.7778 0.7083 0.8333 0.6667 0.8333 0.6667 0.8333 0.7083 0.8333 0.1250 0.7222 0.0833 0.7222 0.0833 0.7222 0.1250 0.7222 0.1667 0.8333 0.1250 0.8333 0.1250 0.8333 0.1667 0.8333 0.6667 0.7222 0.6250 0.7222 0.6250 0.7222 0.6667 0.7222 0.7083 0.6667 0.7500 0.6667 0.7500 0.6667 0.7083 0.6667 0.0833 0.7778 0.1250 0.7778 0.1250 0.7778 0.0833 0.7778 0.1667 0.6667 0.2083 0.6667 0.2083 0.6667 0.1667 0.6667 0.6250 0.7778 0.6667 0.7778 0.6667 0.7778 0.6250 0.7778 0.7500 0.8333 0.7083 0.8333 0.7083 0.8333 0.7500 0.8333 0.0833 0.7222 0.0417 0.7222 0.0417 0.7222 0.0833 0.7222 0.2083 0.8333 0.1667 0.8333 0.1667 0.8333 0.2083 0.8333 0.6250 0.7222 0.5833 0.7222 0.5833 0.7222 0.6250 0.7222 0.7500 0.6667 0.7917 0.6667 0.7917 0.6667 0.7500 0.6667 0.0417 0.7778 0.0833 0.7778 0.0833 0.7778 0.0417 0.7778 0.2083 0.6667 0.2500 0.6667 0.2500 0.6667 0.2083 0.6667 0.5833 0.7778 0.6250 0.7778 0.6250 0.7778 0.5833 0.7778 0.7917 0.8333 0.7500 0.8333 0.7500 0.8333 0.7917 0.8333 0.0417 0.7222 -0.0000 0.7222 -0.0000 0.7222 0.0417 0.7222 0.2500 0.8333 0.2083 0.8333 0.2083 0.8333 0.2500 0.8333 0.5833 0.7222 0.5417 0.7222 0.5417 0.7222 0.5833 0.7222 0.7917 0.6667 0.8333 0.6667 0.8333 0.6667 0.7917 0.6667 -0.0000 0.7778 0.0417 0.7778 0.0417 0.7778 -0.0000 0.7778 0.2500 0.6667 0.2917 0.6667 0.2917 0.6667 0.2500 0.6667 0.5417 0.7778 0.5833 0.7778 0.5833 0.7778 0.5417 0.7778 0.0417 0.7568 -0.0000 0.7568 0.0007 0.7500 0.0417 0.7500 0.0417 0.7500 0.0007 0.7500 -0.0000 0.7432 0.0417 0.7432 0.0833 0.7568 0.0417 0.7568 0.0417 0.7500 0.0833 0.7500 0.0833 0.7500 0.0417 0.7500 0.0417 0.7432 0.0833 0.7432 0.1250 0.7568 0.0833 0.7568 0.0833 0.7500 0.1250 0.7500 0.1250 0.7500 0.0833 0.7500 0.0833 0.7432 0.1250 0.7432 0.1667 0.7568 0.1250 0.7568 0.1250 0.7500 0.1667 0.7500 0.1667 0.7500 0.1250 0.7500 0.1250 0.7432 0.1667 0.7432 0.2083 0.7568 0.1667 0.7568 0.1667 0.7500 0.2083 0.7500 0.2083 0.7500 0.1667 0.7500 0.1667 0.7432 0.2083 0.7432 0.2500 0.7568 0.2083 0.7568 0.2083 0.7500 0.2500 0.7500 0.2500 0.7500 0.2083 0.7500 0.2083 0.7432 0.2500 0.7432 0.2917 0.7568 0.2500 0.7568 0.2500 0.7500 0.2917 0.7500 0.2917 0.7500 0.2500 0.7500 0.2500 0.7432 0.2917 0.7432 0.3333 0.7568 0.2917 0.7568 0.2917 0.7500 0.3333 0.7500 0.3333 0.7500 0.2917 0.7500 0.2917 0.7432 0.3333 0.7432 0.3750 0.7568 0.3333 0.7568 0.3333 0.7500 0.3750 0.7500 0.3750 0.7500 0.3333 0.7500 0.3333 0.7432 0.3750 0.7432 0.4167 0.7568 0.3750 0.7568 0.3750 0.7500 0.4167 0.7500 0.4167 0.7500 0.3750 0.7500 0.3750 0.7432 0.4167 0.7432 0.4583 0.7568 0.4167 0.7568 0.4167 0.7500 0.4583 0.7500 0.4583 0.7500 0.4167 0.7500 0.4167 0.7432 0.4583 0.7432 0.5000 0.7568 0.4583 0.7568 0.4583 0.7500 0.5000 0.7500 0.5000 0.7500 0.4583 0.7500 0.4583 0.7432 0.5000 0.7432 0.5417 0.7568 0.5000 0.7568 0.5000 0.7500 0.5417 0.7500 0.5417 0.7500 0.5000 0.7500 0.5000 0.7432 0.5417 0.7432 0.5833 0.7568 0.5417 0.7568 0.5417 0.7500 0.5833 0.7500 0.5833 0.7500 0.5417 0.7500 0.5417 0.7432 0.5833 0.7432 0.6250 0.7568 0.5833 0.7568 0.5833 0.7500 0.6250 0.7500 0.6250 0.7500 0.5833 0.7500 0.5833 0.7432 0.6250 0.7432 0.6667 0.7568 0.6250 0.7568 0.6250 0.7500 0.6667 0.7500 0.6667 0.7500 0.6250 0.7500 0.6250 0.7432 0.6667 0.7432 0.7083 0.7568 0.6667 0.7568 0.6667 0.7500 0.7083 0.7500 0.7083 0.7500 0.6667 0.7500 0.6667 0.7432 0.7083 0.7432 0.7500 0.7568 0.7083 0.7568 0.7083 0.7500 0.7500 0.7500 0.7500 0.7500 0.7083 0.7500 0.7083 0.7432 0.7500 0.7432 0.7917 0.7568 0.7500 0.7568 0.7500 0.7500 0.7917 0.7500 0.7917 0.7500 0.7500 0.7500 0.7500 0.7432 0.7917 0.7432 0.8333 0.7568 0.7917 0.7568 0.7917 0.7500 0.8333 0.7500 0.8333 0.7500 0.7917 0.7500 0.7917 0.7432 0.8333 0.7432 0.8750 0.7568 0.8333 0.7568 0.8333 0.7500 0.8750 0.7500 0.8750 0.7500 0.8333 0.7500 0.8333 0.7432 0.8750 0.7432 0.9167 0.7568 0.8750 0.7568 0.8750 0.7500 0.9167 0.7500 0.9167 0.7500 0.8750 0.7500 0.8750 0.7432 0.9167 0.7432 0.9583 0.7568 0.9167 0.7568 0.9167 0.7500 0.9583 0.7500 0.9583 0.7500 0.9167 0.7500 0.9167 0.7432 0.9583 0.7432 1.0000 0.7568 0.9583 0.7568 0.9583 0.7500 0.9993 0.7500 0.9993 0.7500 0.9583 0.7500 0.9583 0.7432 1.0000 0.7432 0.0417 0.7568 0.0417 0.7778 -0.0000 0.7778 -0.0000 0.7568 " />
						</IndexedFaceSet>
					</Shape>
				</Group>
			</Transform>
		</Transform>
		<Transform DEF="RC-PoleL_TRANSFORM"
		           translation="0.004251 2.990447 0.833033"
		           scale="0.719931 0.719931 0.719931"
		           rotation="-0.577350 0.577350 -0.577350 2.094395"
		           >
			<Transform DEF="RC-PoleL_ifs_TRANSFORM"
			           translation="-0.000000 -0.000000 -0.000000"
			           scale="1.000000 1.000000 1.000000"
			           rotation="-0.000000 0.000000 0.000000 0.000000"
			           >
				<Group DEF="group_ME_BezierCurve_006">
					<Shape>
						<Appearance>
						</Appearance>
						<IndexedFaceSet solid="false"
						                creaseAngle="4.0000"
						                texCoordIndex="0 1 2 3 -1 4 5 6 7 -1 8 9 10 11 -1 12 13 14 15 -1 16 17 18 19 -1 20 21 22 23 -1 24 25 26 27 -1 28 29 30 31 -1 32 33 34 35 -1 36 37 38 39 -1 40 41 42 43 -1 44 45 46 47 -1 48 49 50 51 -1 52 53 54 55 -1 56 57 58 59 -1 60 61 62 63 -1 64 65 66 67 -1 68 69 70 71 -1 72 73 74 75 -1 76 77 78 79 -1 80 81 82 83 -1 84 85 86 87 -1 88 89 90 91 -1 92 93 94 95 -1 96 97 98 99 -1 100 101 102 103 -1 104 105 106 107 -1 108 109 110 111 -1 112 113 114 115 -1 116 117 118 119 -1 120 121 122 123 -1 124 125 126 127 -1 128 129 130 131 -1 132 133 134 135 -1 136 137 138 139 -1 140 141 142 143 -1 144 145 146 147 -1 148 149 150 151 -1 152 153 154 155 -1 156 157 158 159 -1 160 161 162 163 -1 164 165 166 167 -1 168 169 170 171 -1 172 173 174 175 -1 176 177 178 179 -1 180 181 182 183 -1 184 185 186 187 -1 188 189 190 191 -1 192 193 194 195 -1 196 197 198 199 -1 200 201 202 203 -1 204 205 206 207 -1 208 209 210 211 -1 212 213 214 215 -1 216 217 218 219 -1 220 221 222 223 -1 224 225 226 227 -1 228 229 230 231 -1 232 233 234 235 -1 236 237 238 239 -1 240 241 242 243 -1 244 245 246 247 -1 248 249 250 251 -1 252 253 254 255 -1 256 257 258 259 -1 260 261 262 263 -1 264 265 266 267 -1 268 269 270 271 -1 272 273 274 275 -1 276 277 278 279 -1 280 281 282 283 -1 284 285 286 287 -1 288 289 290 291 -1 292 293 294 295 -1 296 297 298 299 -1 300 301 302 303 -1 304 305 306 307 -1 308 309 310 311 -1 312 313 314 315 -1 316 317 318 319 -1 320 321 322 323 -1 324 325 326 327 -1 328 329 330 331 -1 332 333 334 335 -1 336 337 338 339 -1 340 341 342 343 -1 344 345 346 347 -1 348 349 350 351 -1 352 353 354 355 -1 356 357 358 359 -1 360 361 362 363 -1 364 365 366 367 -1 368 369 370 371 -1 372 373 374 375 -1 376 377 378 379 -1 380 381 382 383 -1 384 385 386 387 -1 388 389 390 391 -1 392 393 394 395 -1 396 397 398 399 -1 400 401 402 403 -1 404 405 406 407 -1 408 409 410 411 -1 412 413 414 415 -1 416 417 418 419 -1 420 421 422 423 -1 424 425 426 427 -1 428 429 430 431 -1 432 433 434 435 -1 436 437 438 439 -1 440 441 442 443 -1 444 445 446 447 -1 448 449 450 451 -1 452 453 454 455 -1 456 457 458 459 -1 460 461 462 463 -1 464 465 466 467 -1 468 469 470 471 -1 472 473 474 475 -1 476 477 478 479 -1 480 481 482 483 -1 484 485 486 487 -1 488 489 490 491 -1 492 493 494 495 -1 496 497 498 499 -1 500 501 502 503 -1 504 505 506 507 -1 508 509 510 511 -1 512 513 514 515 -1 516 517 518 519 -1 520 521 522 523 -1 524 525 526 527 -1 528 529 530 531 -1 532 533 534 535 -1 536 537 538 539 -1 540 541 542 543 -1 544 545 546 547 -1 548 549 550 551 -1 552 553 554 555 -1 556 557 558 559 -1 560 561 562 563 -1 564 565 566 567 -1 568 569 570 571 -1 572 573 574 575 -1 576 577 578 579 -1 580 581 582 583 -1 584 585 586 587 -1 588 589 590 591 -1 592 593 594 595 -1 596 597 598 599 -1 600 601 602 603 -1 604 605 606 607 -1 608 609 610 611 -1 612 613 614 615 -1 616 617 618 619 -1 620 621 622 623 -1 624 625 626 627 -1 628 629 630 631 -1 632 633 634 635 -1 636 637 638 639 -1 640 641 642 643 -1 644 645 646 647 -1 648 649 650 651 -1 652 653 654 655 -1 656 657 658 659 -1 660 661 662 663 -1 664 665 666 667 -1 668 669 670 671 -1 672 673 674 675 -1 676 677 678 679 -1 680 681 682 683 -1 684 685 686 687 -1 688 689 690 691 -1 692 693 694 695 -1 696 697 698 699 -1 700 701 702 703 -1 704 705 706 707 -1 708 709 710 711 -1 712 713 714 715 -1 716 717 718 719 -1 720 721 722 723 -1 724 725 726 727 -1 728 729 730 731 -1 732 733 734 735 -1 736 737 738 739 -1 740 741 742 743 -1 744 745 746 747 -1 748 749 750 751 -1 752 753 754 755 -1 756 757 758 759 -1 760 761 762 763 -1 764 765 766 767 -1 768 769 770 771 -1 772 773 774 775 -1 776 777 778 779 -1 780 781 782 783 -1 784 785 786 787 -1 788 789 790 791 -1 792 793 794 795 -1 796 797 798 799 -1 800 801 802 803 -1 804 805 806 807 -1 808 809 810 811 -1 812 813 814 815 -1 "
						                coordIndex="0 12 23 11 -1 1 13 12 0 -1 2 14 13 1 -1 3 15 14 2 -1 4 16 15 3 -1 5 17 16 4 -1 6 18 17 5 -1 7 19 18 6 -1 8 20 19 7 -1 9 21 20 8 -1 10 22 21 9 -1 11 23 22 10 -1 12 24 35 23 -1 13 25 24 12 -1 14 26 25 13 -1 15 27 26 14 -1 16 28 27 15 -1 17 29 28 16 -1 18 30 29 17 -1 19 31 30 18 -1 20 32 31 19 -1 21 33 32 20 -1 22 34 33 21 -1 23 35 34 22 -1 24 36 47 35 -1 25 37 36 24 -1 26 38 37 25 -1 27 39 38 26 -1 28 40 39 27 -1 29 41 40 28 -1 30 42 41 29 -1 31 43 42 30 -1 32 44 43 31 -1 33 45 44 32 -1 34 46 45 33 -1 35 47 46 34 -1 36 48 59 47 -1 37 49 48 36 -1 38 50 49 37 -1 39 51 50 38 -1 40 52 51 39 -1 41 53 52 40 -1 42 54 53 41 -1 43 55 54 42 -1 44 56 55 43 -1 45 57 56 44 -1 46 58 57 45 -1 47 59 58 46 -1 48 60 71 59 -1 49 61 60 48 -1 50 62 61 49 -1 51 63 62 50 -1 52 64 63 51 -1 53 65 64 52 -1 54 66 65 53 -1 55 67 66 54 -1 56 68 67 55 -1 57 69 68 56 -1 58 70 69 57 -1 59 71 70 58 -1 60 72 83 71 -1 61 73 72 60 -1 62 74 73 61 -1 63 75 74 62 -1 64 76 75 63 -1 65 77 76 64 -1 66 78 77 65 -1 67 79 78 66 -1 68 80 79 67 -1 69 81 80 68 -1 70 82 81 69 -1 71 83 82 70 -1 72 84 95 83 -1 73 85 84 72 -1 74 86 85 73 -1 75 87 86 74 -1 76 88 87 75 -1 77 89 88 76 -1 78 90 89 77 -1 79 91 90 78 -1 80 92 91 79 -1 81 93 92 80 -1 82 94 93 81 -1 83 95 94 82 -1 84 96 107 95 -1 85 97 96 84 -1 86 98 97 85 -1 87 99 98 86 -1 88 100 99 87 -1 89 101 100 88 -1 90 102 101 89 -1 91 103 102 90 -1 92 104 103 91 -1 93 105 104 92 -1 94 106 105 93 -1 95 107 106 94 -1 96 108 119 107 -1 97 109 108 96 -1 98 110 109 97 -1 99 111 110 98 -1 100 112 111 99 -1 101 113 112 100 -1 102 114 113 101 -1 103 115 114 102 -1 104 116 115 103 -1 105 117 116 104 -1 106 118 117 105 -1 107 119 118 106 -1 108 120 131 119 -1 109 121 120 108 -1 110 122 121 109 -1 111 123 122 110 -1 112 124 123 111 -1 113 125 124 112 -1 114 126 125 113 -1 115 127 126 114 -1 116 128 127 115 -1 117 129 128 116 -1 118 130 129 117 -1 119 131 130 118 -1 120 132 143 131 -1 121 133 132 120 -1 122 134 133 121 -1 123 135 134 122 -1 124 136 135 123 -1 125 137 136 124 -1 126 138 137 125 -1 127 139 138 126 -1 128 140 139 127 -1 129 141 140 128 -1 130 142 141 129 -1 131 143 142 130 -1 132 144 155 143 -1 133 145 144 132 -1 134 146 145 133 -1 135 147 146 134 -1 136 148 147 135 -1 137 149 148 136 -1 138 150 149 137 -1 139 151 150 138 -1 140 152 151 139 -1 141 153 152 140 -1 142 154 153 141 -1 143 155 154 142 -1 144 156 167 155 -1 145 157 156 144 -1 146 158 157 145 -1 147 159 158 146 -1 148 160 159 147 -1 149 161 160 148 -1 150 162 161 149 -1 151 163 162 150 -1 152 164 163 151 -1 153 165 164 152 -1 154 166 165 153 -1 155 167 166 154 -1 156 168 179 167 -1 157 169 168 156 -1 158 170 169 157 -1 159 171 170 158 -1 160 172 171 159 -1 161 173 172 160 -1 162 174 173 161 -1 163 175 174 162 -1 164 176 175 163 -1 165 177 176 164 -1 166 178 177 165 -1 167 179 178 166 -1 168 180 191 179 -1 169 181 180 168 -1 170 182 181 169 -1 171 183 182 170 -1 172 184 183 171 -1 173 185 184 172 -1 174 186 185 173 -1 175 187 186 174 -1 176 188 187 175 -1 177 189 188 176 -1 178 190 189 177 -1 179 191 190 178 -1 180 192 203 191 -1 181 193 192 180 -1 182 194 193 181 -1 183 195 194 182 -1 184 196 195 183 -1 185 197 196 184 -1 186 198 197 185 -1 187 199 198 186 -1 188 200 199 187 -1 189 201 200 188 -1 190 202 201 189 -1 191 203 202 190 -1 192 204 215 203 -1 193 205 204 192 -1 194 206 205 193 -1 195 207 206 194 -1 196 208 207 195 -1 197 209 208 196 -1 198 210 209 197 -1 199 211 210 198 -1 200 212 211 199 -1 201 213 212 200 -1 202 214 213 201 -1 203 215 214 202 -1 "
						                >
							<Coordinate DEF="coords_ME_BezierCurve_006"
							            point="-4.963095 0.220609 0.040000 -4.964597 0.191366 0.069282 -4.966649 0.151419 0.080000 -4.968701 0.111471 0.069282 -4.970203 0.082228 0.040000 -4.970754 0.071524 0.000000 -4.970203 0.082228 -0.040000 -4.968701 0.111471 -0.069282 -4.966649 0.151418 -0.080000 -4.964597 0.191366 -0.069282 -4.963095 0.220609 -0.040000 -4.962544 0.231313 0.000000 -0.516439 0.208211 0.040000 -0.517467 0.178947 0.069282 -0.518870 0.138971 0.080000 -0.520274 0.098996 0.069282 -0.521301 0.069732 0.040000 -0.521677 0.059020 0.000000 -0.521301 0.069732 -0.040000 -0.520274 0.098996 -0.069282 -0.518870 0.138971 -0.080000 -0.517467 0.178947 -0.069282 -0.516439 0.208211 -0.040000 -0.516063 0.218922 -0.000000 -0.439044 0.204795 0.040000 -0.440825 0.175567 0.069282 -0.443257 0.135641 0.080000 -0.445689 0.095715 0.069282 -0.447470 0.066487 0.040000 -0.448121 0.055789 0.000000 -0.447470 0.066487 -0.040000 -0.445689 0.095715 -0.069282 -0.443257 0.135641 -0.080000 -0.440825 0.175567 -0.069282 -0.439044 0.204795 -0.040000 -0.438393 0.215493 -0.000000 -0.364274 0.198966 0.040000 -0.367239 0.169834 0.069282 -0.371288 0.130040 0.080000 -0.375338 0.090245 0.069282 -0.378303 0.061114 0.040000 -0.379388 0.050451 0.000000 -0.378303 0.061114 -0.040000 -0.375338 0.090245 -0.069282 -0.371288 0.130040 -0.080000 -0.367239 0.169834 -0.069282 -0.364274 0.198966 -0.040000 -0.363189 0.209629 -0.000000 -0.289492 0.189550 0.040000 -0.293953 0.160609 0.069282 -0.300047 0.121076 0.080000 -0.306141 0.081543 0.069282 -0.310602 0.052603 0.040000 -0.312235 0.042010 0.000000 -0.310602 0.052603 -0.040000 -0.306141 0.081543 -0.069282 -0.300047 0.121076 -0.080000 -0.293953 0.160609 -0.069282 -0.289492 0.189549 -0.040000 -0.287859 0.200142 -0.000000 -0.212254 0.175436 0.040000 -0.218324 0.146790 0.069282 -0.226616 0.107659 0.080000 -0.234909 0.068528 0.069282 -0.240979 0.039882 0.040000 -0.243201 0.029397 0.000000 -0.240979 0.039882 -0.040000 -0.234909 0.068528 -0.069282 -0.226616 0.107659 -0.080000 -0.218324 0.146790 -0.069282 -0.212254 0.175436 -0.040000 -0.210032 0.185921 -0.000000 -0.130118 0.155609 0.040000 -0.137709 0.127328 0.069282 -0.148079 0.088696 0.080000 -0.158448 0.050063 0.069282 -0.166040 0.021782 0.040000 -0.168818 0.011431 0.000000 -0.166040 0.021782 -0.040000 -0.158448 0.050063 -0.069282 -0.148079 0.088696 -0.080000 -0.137709 0.127328 -0.069282 -0.130118 0.155609 -0.040000 -0.127340 0.165961 -0.000000 -0.040484 0.129107 0.040000 -0.049374 0.101208 0.069282 -0.061517 0.063095 0.080000 -0.073661 0.024983 0.069282 -0.082551 -0.002917 0.040000 -0.085805 -0.013129 0.000000 -0.082551 -0.002917 -0.040000 -0.073661 0.024983 -0.069282 -0.061517 0.063095 -0.080000 -0.049374 0.101207 -0.069282 -0.040484 0.129107 -0.040000 -0.037230 0.139320 -0.000000 0.059455 0.094952 0.040000 0.049536 0.067401 0.069282 0.035985 0.029766 0.080000 0.022434 -0.007869 0.069282 0.012515 -0.035419 0.040000 0.008884 -0.045503 0.000000 0.012515 -0.035419 -0.040000 0.022434 -0.007869 -0.069282 0.035985 0.029766 -0.080000 0.049536 0.067401 -0.069282 0.059455 0.094952 -0.040000 0.063086 0.105036 -0.000000 0.171534 0.052539 0.040000 0.161311 0.025100 0.069282 0.147346 -0.012383 0.080000 0.133380 -0.049866 0.069282 0.123157 -0.077306 0.040000 0.119415 -0.087349 0.000000 0.123157 -0.077306 -0.040000 0.133380 -0.049866 -0.069282 0.147346 -0.012383 -0.080000 0.161311 0.025099 -0.069282 0.171534 0.052539 -0.040000 0.175276 0.062582 -0.000000 0.283707 0.011380 0.040000 0.274389 -0.016380 0.069282 0.261659 -0.054300 0.080000 0.248930 -0.092221 0.069282 0.239612 -0.119980 0.040000 0.236201 -0.130141 0.000000 0.239612 -0.119980 -0.040000 0.248930 -0.092221 -0.069282 0.261659 -0.054300 -0.080000 0.274388 -0.016380 -0.069282 0.283707 0.011380 -0.040000 0.287118 0.021541 -0.000000 0.386625 -0.020045 0.040000 0.378974 -0.048310 0.069282 0.368522 -0.086920 0.080000 0.358071 -0.125531 0.069282 0.350420 -0.153796 0.040000 0.347619 -0.164141 0.000000 0.350420 -0.153796 -0.040000 0.358071 -0.125531 -0.069282 0.368522 -0.086921 -0.080000 0.378974 -0.048310 -0.069282 0.386625 -0.020045 -0.040000 0.389425 -0.009700 -0.000000 0.485318 -0.043411 0.040000 0.479522 -0.072113 0.069282 0.471604 -0.111322 0.080000 0.463686 -0.150530 0.069282 0.457890 -0.179233 0.040000 0.455769 -0.189739 0.000000 0.457890 -0.179233 -0.040000 0.463686 -0.150531 -0.069282 0.471604 -0.111322 -0.080000 0.479522 -0.072113 -0.069282 0.485318 -0.043411 -0.040000 0.487439 -0.032905 -0.000000 0.583925 -0.059934 0.040000 0.579972 -0.088948 0.069282 0.574573 -0.128582 0.080000 0.569174 -0.168215 0.069282 0.565222 -0.197230 0.040000 0.563775 -0.207849 0.000000 0.565222 -0.197230 -0.040000 0.569174 -0.168216 -0.069282 0.574573 -0.128582 -0.080000 0.579972 -0.088948 -0.069282 0.583925 -0.059934 -0.040000 0.585371 -0.049314 -0.000000 0.686609 -0.070714 0.040000 0.684280 -0.099903 0.069282 0.681099 -0.139776 0.080000 0.677918 -0.179650 0.069282 0.675589 -0.208839 0.040000 0.674737 -0.219523 0.000000 0.675589 -0.208839 -0.040000 0.677918 -0.179650 -0.069282 0.681099 -0.139776 -0.080000 0.684280 -0.099903 -0.069282 0.686609 -0.070714 -0.040000 0.687461 -0.060030 -0.000000 0.797377 -0.076748 0.040000 0.796309 -0.106010 0.069282 0.794851 -0.145984 0.080000 0.793392 -0.185957 0.069282 0.792324 -0.215220 0.040000 0.791934 -0.225931 0.000000 0.792324 -0.215220 -0.040000 0.793392 -0.185957 -0.069282 0.794851 -0.145984 -0.080000 0.796309 -0.106010 -0.069282 0.797377 -0.076748 -0.040000 0.797768 -0.066037 -0.000000 0.920002 -0.079001 0.040000 0.919789 -0.108282 0.069282 0.919497 -0.148281 0.080000 0.919206 -0.188280 0.069282 0.918992 -0.217561 0.040000 0.918914 -0.228279 0.000000 0.918992 -0.217561 -0.040000 0.919206 -0.188280 -0.069282 0.919497 -0.148281 -0.080000 0.919789 -0.108282 -0.069282 0.920002 -0.079001 -0.040000 0.920080 -0.068283 -0.000000 2.781178 -0.069531 0.040000 2.781178 -0.098813 0.069282 2.781178 -0.138813 0.080000 2.781178 -0.178813 0.069282 2.781178 -0.208095 0.040000 2.781178 -0.218813 -0.000000 2.781178 -0.208095 -0.040000 2.781178 -0.178813 -0.069282 2.781178 -0.138813 -0.080000 2.781178 -0.098813 -0.069282 2.781178 -0.069531 -0.040000 2.781178 -0.058813 -0.000000 "
							            />
							<TextureCoordinate point="0.0000 1.0000 0.1667 1.0000 0.1667 0.9167 0.0000 0.9167 0.0000 0.0833 0.1667 0.0833 0.1667 0.0000 0.0000 0.0000 0.0000 0.1667 0.1667 0.1667 0.1667 0.0833 0.0000 0.0833 0.0000 0.2500 0.1667 0.2500 0.1667 0.1667 0.0000 0.1667 0.0000 0.3333 0.1667 0.3333 0.1667 0.2500 0.0000 0.2500 0.0000 0.4167 0.1667 0.4167 0.1667 0.3333 0.0000 0.3333 0.0000 0.5000 0.1667 0.5000 0.1667 0.4167 0.0000 0.4167 0.0000 0.5833 0.1667 0.5833 0.1667 0.5000 0.0000 0.5000 0.0000 0.6667 0.1667 0.6667 0.1667 0.5833 0.0000 0.5833 0.0000 0.7500 0.1667 0.7500 0.1667 0.6667 0.0000 0.6667 0.0000 0.8333 0.1667 0.8333 0.1667 0.7500 0.0000 0.7500 0.0000 0.9167 0.1667 0.9167 0.1667 0.8333 0.0000 0.8333 0.1667 1.0000 0.2083 1.0000 0.2083 0.9167 0.1667 0.9167 0.1667 0.0833 0.2083 0.0833 0.2083 0.0000 0.1667 0.0000 0.1667 0.1667 0.2083 0.1667 0.2083 0.0833 0.1667 0.0833 0.1667 0.2500 0.2083 0.2500 0.2083 0.1667 0.1667 0.1667 0.1667 0.3333 0.2083 0.3333 0.2083 0.2500 0.1667 0.2500 0.1667 0.4167 0.2083 0.4167 0.2083 0.3333 0.1667 0.3333 0.1667 0.5000 0.2083 0.5000 0.2083 0.4167 0.1667 0.4167 0.1667 0.5833 0.2083 0.5833 0.2083 0.5000 0.1667 0.5000 0.1667 0.6667 0.2083 0.6667 0.2083 0.5833 0.1667 0.5833 0.1667 0.7500 0.2083 0.7500 0.2083 0.6667 0.1667 0.6667 0.1667 0.8333 0.2083 0.8333 0.2083 0.7500 0.1667 0.7500 0.1667 0.9167 0.2083 0.9167 0.2083 0.8333 0.1667 0.8333 0.2083 1.0000 0.2500 1.0000 0.2500 0.9167 0.2083 0.9167 0.2083 0.0833 0.2500 0.0833 0.2500 0.0000 0.2083 0.0000 0.2083 0.1667 0.2500 0.1667 0.2500 0.0833 0.2083 0.0833 0.2083 0.2500 0.2500 0.2500 0.2500 0.1667 0.2083 0.1667 0.2083 0.3333 0.2500 0.3333 0.2500 0.2500 0.2083 0.2500 0.2083 0.4167 0.2500 0.4167 0.2500 0.3333 0.2083 0.3333 0.2083 0.5000 0.2500 0.5000 0.2500 0.4167 0.2083 0.4167 0.2083 0.5833 0.2500 0.5833 0.2500 0.5000 0.2083 0.5000 0.2083 0.6667 0.2500 0.6667 0.2500 0.5833 0.2083 0.5833 0.2083 0.7500 0.2500 0.7500 0.2500 0.6667 0.2083 0.6667 0.2083 0.8333 0.2500 0.8333 0.2500 0.7500 0.2083 0.7500 0.2083 0.9167 0.2500 0.9167 0.2500 0.8333 0.2083 0.8333 0.2500 1.0000 0.2917 1.0000 0.2917 0.9167 0.2500 0.9167 0.2500 0.0833 0.2917 0.0833 0.2917 0.0000 0.2500 0.0000 0.2500 0.1667 0.2917 0.1667 0.2917 0.0833 0.2500 0.0833 0.2500 0.2500 0.2917 0.2500 0.2917 0.1667 0.2500 0.1667 0.2500 0.3333 0.2917 0.3333 0.2917 0.2500 0.2500 0.2500 0.2500 0.4167 0.2917 0.4167 0.2917 0.3333 0.2500 0.3333 0.2500 0.5000 0.2917 0.5000 0.2917 0.4167 0.2500 0.4167 0.2500 0.5833 0.2917 0.5833 0.2917 0.5000 0.2500 0.5000 0.2500 0.6667 0.2917 0.6667 0.2917 0.5833 0.2500 0.5833 0.2500 0.7500 0.2917 0.7500 0.2917 0.6667 0.2500 0.6667 0.2500 0.8333 0.2917 0.8333 0.2917 0.7500 0.2500 0.7500 0.2500 0.9167 0.2917 0.9167 0.2917 0.8333 0.2500 0.8333 0.2917 1.0000 0.3333 1.0000 0.3333 0.9167 0.2917 0.9167 0.2917 0.0833 0.3333 0.0833 0.3333 0.0000 0.2917 0.0000 0.2917 0.1667 0.3333 0.1667 0.3333 0.0833 0.2917 0.0833 0.2917 0.2500 0.3333 0.2500 0.3333 0.1667 0.2917 0.1667 0.2917 0.3333 0.3333 0.3333 0.3333 0.2500 0.2917 0.2500 0.2917 0.4167 0.3333 0.4167 0.3333 0.3333 0.2917 0.3333 0.2917 0.5000 0.3333 0.5000 0.3333 0.4167 0.2917 0.4167 0.2917 0.5833 0.3333 0.5833 0.3333 0.5000 0.2917 0.5000 0.2917 0.6667 0.3333 0.6667 0.3333 0.5833 0.2917 0.5833 0.2917 0.7500 0.3333 0.7500 0.3333 0.6667 0.2917 0.6667 0.2917 0.8333 0.3333 0.8333 0.3333 0.7500 0.2917 0.7500 0.2917 0.9167 0.3333 0.9167 0.3333 0.8333 0.2917 0.8333 0.3333 1.0000 0.3750 1.0000 0.3750 0.9167 0.3333 0.9167 0.3333 0.0833 0.3750 0.0833 0.3750 0.0000 0.3333 0.0000 0.3333 0.1667 0.3750 0.1667 0.3750 0.0833 0.3333 0.0833 0.3333 0.2500 0.3750 0.2500 0.3750 0.1667 0.3333 0.1667 0.3333 0.3333 0.3750 0.3333 0.3750 0.2500 0.3333 0.2500 0.3333 0.4167 0.3750 0.4167 0.3750 0.3333 0.3333 0.3333 0.3333 0.5000 0.3750 0.5000 0.3750 0.4167 0.3333 0.4167 0.3333 0.5833 0.3750 0.5833 0.3750 0.5000 0.3333 0.5000 0.3333 0.6667 0.3750 0.6667 0.3750 0.5833 0.3333 0.5833 0.3333 0.7500 0.3750 0.7500 0.3750 0.6667 0.3333 0.6667 0.3333 0.8333 0.3750 0.8333 0.3750 0.7500 0.3333 0.7500 0.3333 0.9167 0.3750 0.9167 0.3750 0.8333 0.3333 0.8333 0.3750 1.0000 0.4167 1.0000 0.4167 0.9167 0.3750 0.9167 0.3750 0.0833 0.4167 0.0833 0.4167 0.0000 0.3750 0.0000 0.3750 0.1667 0.4167 0.1667 0.4167 0.0833 0.3750 0.0833 0.3750 0.2500 0.4167 0.2500 0.4167 0.1667 0.3750 0.1667 0.3750 0.3333 0.4167 0.3333 0.4167 0.2500 0.3750 0.2500 0.3750 0.4167 0.4167 0.4167 0.4167 0.3333 0.3750 0.3333 0.3750 0.5000 0.4167 0.5000 0.4167 0.4167 0.3750 0.4167 0.3750 0.5833 0.4167 0.5833 0.4167 0.5000 0.3750 0.5000 0.3750 0.6667 0.4167 0.6667 0.4167 0.5833 0.3750 0.5833 0.3750 0.7500 0.4167 0.7500 0.4167 0.6667 0.3750 0.6667 0.3750 0.8333 0.4167 0.8333 0.4167 0.7500 0.3750 0.7500 0.3750 0.9167 0.4167 0.9167 0.4167 0.8333 0.3750 0.8333 0.4167 1.0000 0.4583 1.0000 0.4583 0.9167 0.4167 0.9167 0.4167 0.0833 0.4583 0.0833 0.4583 0.0000 0.4167 0.0000 0.4167 0.1667 0.4583 0.1667 0.4583 0.0833 0.4167 0.0833 0.4167 0.2500 0.4583 0.2500 0.4583 0.1667 0.4167 0.1667 0.4167 0.3333 0.4583 0.3333 0.4583 0.2500 0.4167 0.2500 0.4167 0.4167 0.4583 0.4167 0.4583 0.3333 0.4167 0.3333 0.4167 0.5000 0.4583 0.5000 0.4583 0.4167 0.4167 0.4167 0.4167 0.5833 0.4583 0.5833 0.4583 0.5000 0.4167 0.5000 0.4167 0.6667 0.4583 0.6667 0.4583 0.5833 0.4167 0.5833 0.4167 0.7500 0.4583 0.7500 0.4583 0.6667 0.4167 0.6667 0.4167 0.8333 0.4583 0.8333 0.4583 0.7500 0.4167 0.7500 0.4167 0.9167 0.4583 0.9167 0.4583 0.8333 0.4167 0.8333 0.4583 1.0000 0.5000 1.0000 0.5000 0.9167 0.4583 0.9167 0.4583 0.0833 0.5000 0.0833 0.5000 0.0000 0.4583 0.0000 0.4583 0.1667 0.5000 0.1667 0.5000 0.0833 0.4583 0.0833 0.4583 0.2500 0.5000 0.2500 0.5000 0.1667 0.4583 0.1667 0.4583 0.3333 0.5000 0.3333 0.5000 0.2500 0.4583 0.2500 0.4583 0.4167 0.5000 0.4167 0.5000 0.3333 0.4583 0.3333 0.4583 0.5000 0.5000 0.5000 0.5000 0.4167 0.4583 0.4167 0.4583 0.5833 0.5000 0.5833 0.5000 0.5000 0.4583 0.5000 0.4583 0.6667 0.5000 0.6667 0.5000 0.5833 0.4583 0.5833 0.4583 0.7500 0.5000 0.7500 0.5000 0.6667 0.4583 0.6667 0.4583 0.8333 0.5000 0.8333 0.5000 0.7500 0.4583 0.7500 0.4583 0.9167 0.5000 0.9167 0.5000 0.8333 0.4583 0.8333 0.5000 1.0000 0.5417 1.0000 0.5417 0.9167 0.5000 0.9167 0.5000 0.0833 0.5417 0.0833 0.5417 0.0000 0.5000 0.0000 0.5000 0.1667 0.5417 0.1667 0.5417 0.0833 0.5000 0.0833 0.5000 0.2500 0.5417 0.2500 0.5417 0.1667 0.5000 0.1667 0.5000 0.3333 0.5417 0.3333 0.5417 0.2500 0.5000 0.2500 0.5000 0.4167 0.5417 0.4167 0.5417 0.3333 0.5000 0.3333 0.5000 0.5000 0.5417 0.5000 0.5417 0.4167 0.5000 0.4167 0.5000 0.5833 0.5417 0.5833 0.5417 0.5000 0.5000 0.5000 0.5000 0.6667 0.5417 0.6667 0.5417 0.5833 0.5000 0.5833 0.5000 0.7500 0.5417 0.7500 0.5417 0.6667 0.5000 0.6667 0.5000 0.8333 0.5417 0.8333 0.5417 0.7500 0.5000 0.7500 0.5000 0.9167 0.5417 0.9167 0.5417 0.8333 0.5000 0.8333 0.5417 1.0000 0.5833 1.0000 0.5833 0.9167 0.5417 0.9167 0.5417 0.0833 0.5833 0.0833 0.5833 0.0000 0.5417 0.0000 0.5417 0.1667 0.5833 0.1667 0.5833 0.0833 0.5417 0.0833 0.5417 0.2500 0.5833 0.2500 0.5833 0.1667 0.5417 0.1667 0.5417 0.3333 0.5833 0.3333 0.5833 0.2500 0.5417 0.2500 0.5417 0.4167 0.5833 0.4167 0.5833 0.3333 0.5417 0.3333 0.5417 0.5000 0.5833 0.5000 0.5833 0.4167 0.5417 0.4167 0.5417 0.5833 0.5833 0.5833 0.5833 0.5000 0.5417 0.5000 0.5417 0.6667 0.5833 0.6667 0.5833 0.5833 0.5417 0.5833 0.5417 0.7500 0.5833 0.7500 0.5833 0.6667 0.5417 0.6667 0.5417 0.8333 0.5833 0.8333 0.5833 0.7500 0.5417 0.7500 0.5417 0.9167 0.5833 0.9167 0.5833 0.8333 0.5417 0.8333 0.5833 1.0000 0.6250 1.0000 0.6250 0.9167 0.5833 0.9167 0.5833 0.0833 0.6250 0.0833 0.6250 0.0000 0.5833 0.0000 0.5833 0.1667 0.6250 0.1667 0.6250 0.0833 0.5833 0.0833 0.5833 0.2500 0.6250 0.2500 0.6250 0.1667 0.5833 0.1667 0.5833 0.3333 0.6250 0.3333 0.6250 0.2500 0.5833 0.2500 0.5833 0.4167 0.6250 0.4167 0.6250 0.3333 0.5833 0.3333 0.5833 0.5000 0.6250 0.5000 0.6250 0.4167 0.5833 0.4167 0.5833 0.5833 0.6250 0.5833 0.6250 0.5000 0.5833 0.5000 0.5833 0.6667 0.6250 0.6667 0.6250 0.5833 0.5833 0.5833 0.5833 0.7500 0.6250 0.7500 0.6250 0.6667 0.5833 0.6667 0.5833 0.8333 0.6250 0.8333 0.6250 0.7500 0.5833 0.7500 0.5833 0.9167 0.6250 0.9167 0.6250 0.8333 0.5833 0.8333 0.6250 1.0000 0.6667 1.0000 0.6667 0.9167 0.6250 0.9167 0.6250 0.0833 0.6667 0.0833 0.6667 0.0000 0.6250 0.0000 0.6250 0.1667 0.6667 0.1667 0.6667 0.0833 0.6250 0.0833 0.6250 0.2500 0.6667 0.2500 0.6667 0.1667 0.6250 0.1667 0.6250 0.3333 0.6667 0.3333 0.6667 0.2500 0.6250 0.2500 0.6250 0.4167 0.6667 0.4167 0.6667 0.3333 0.6250 0.3333 0.6250 0.5000 0.6667 0.5000 0.6667 0.4167 0.6250 0.4167 0.6250 0.5833 0.6667 0.5833 0.6667 0.5000 0.6250 0.5000 0.6250 0.6667 0.6667 0.6667 0.6667 0.5833 0.6250 0.5833 0.6250 0.7500 0.6667 0.7500 0.6667 0.6667 0.6250 0.6667 0.6250 0.8333 0.6667 0.8333 0.6667 0.7500 0.6250 0.7500 0.6250 0.9167 0.6667 0.9167 0.6667 0.8333 0.6250 0.8333 0.6667 1.0000 0.7083 1.0000 0.7083 0.9167 0.6667 0.9167 0.6667 0.0833 0.7083 0.0833 0.7083 0.0000 0.6667 0.0000 0.6667 0.1667 0.7083 0.1667 0.7083 0.0833 0.6667 0.0833 0.6667 0.2500 0.7083 0.2500 0.7083 0.1667 0.6667 0.1667 0.6667 0.3333 0.7083 0.3333 0.7083 0.2500 0.6667 0.2500 0.6667 0.4167 0.7083 0.4167 0.7083 0.3333 0.6667 0.3333 0.6667 0.5000 0.7083 0.5000 0.7083 0.4167 0.6667 0.4167 0.6667 0.5833 0.7083 0.5833 0.7083 0.5000 0.6667 0.5000 0.6667 0.6667 0.7083 0.6667 0.7083 0.5833 0.6667 0.5833 0.6667 0.7500 0.7083 0.7500 0.7083 0.6667 0.6667 0.6667 0.6667 0.8333 0.7083 0.8333 0.7083 0.7500 0.6667 0.7500 0.6667 0.9167 0.7083 0.9167 0.7083 0.8333 0.6667 0.8333 0.7083 1.0000 0.7500 1.0000 0.7500 0.9167 0.7083 0.9167 0.7083 0.0833 0.7500 0.0833 0.7500 0.0000 0.7083 0.0000 0.7083 0.1667 0.7500 0.1667 0.7500 0.0833 0.7083 0.0833 0.7083 0.2500 0.7500 0.2500 0.7500 0.1667 0.7083 0.1667 0.7083 0.3333 0.7500 0.3333 0.7500 0.2500 0.7083 0.2500 0.7083 0.4167 0.7500 0.4167 0.7500 0.3333 0.7083 0.3333 0.7083 0.5000 0.7500 0.5000 0.7500 0.4167 0.7083 0.4167 0.7083 0.5833 0.7500 0.5833 0.7500 0.5000 0.7083 0.5000 0.7083 0.6667 0.7500 0.6667 0.7500 0.5833 0.7083 0.5833 0.7083 0.7500 0.7500 0.7500 0.7500 0.6667 0.7083 0.6667 0.7083 0.8333 0.7500 0.8333 0.7500 0.7500 0.7083 0.7500 0.7083 0.9167 0.7500 0.9167 0.7500 0.8333 0.7083 0.8333 0.7500 1.0000 0.7917 1.0000 0.7917 0.9167 0.7500 0.9167 0.7500 0.0833 0.7917 0.0833 0.7917 0.0000 0.7500 0.0000 0.7500 0.1667 0.7917 0.1667 0.7917 0.0833 0.7500 0.0833 0.7500 0.2500 0.7917 0.2500 0.7917 0.1667 0.7500 0.1667 0.7500 0.3333 0.7917 0.3333 0.7917 0.2500 0.7500 0.2500 0.7500 0.4167 0.7917 0.4167 0.7917 0.3333 0.7500 0.3333 0.7500 0.5000 0.7917 0.5000 0.7917 0.4167 0.7500 0.4167 0.7500 0.5833 0.7917 0.5833 0.7917 0.5000 0.7500 0.5000 0.7500 0.6667 0.7917 0.6667 0.7917 0.5833 0.7500 0.5833 0.7500 0.7500 0.7917 0.7500 0.7917 0.6667 0.7500 0.6667 0.7500 0.8333 0.7917 0.8333 0.7917 0.7500 0.7500 0.7500 0.7500 0.9167 0.7917 0.9167 0.7917 0.8333 0.7500 0.8333 0.7917 1.0000 1.0000 1.0000 1.0000 0.9167 0.7917 0.9167 0.7917 0.0833 1.0000 0.0833 1.0000 0.0000 0.7917 0.0000 0.7917 0.1667 1.0000 0.1667 1.0000 0.0833 0.7917 0.0833 0.7917 0.2500 1.0000 0.2500 1.0000 0.1667 0.7917 0.1667 0.7917 0.3333 1.0000 0.3333 1.0000 0.2500 0.7917 0.2500 0.7917 0.4167 1.0000 0.4167 1.0000 0.3333 0.7917 0.3333 0.7917 0.5000 1.0000 0.5000 1.0000 0.4167 0.7917 0.4167 0.7917 0.5833 1.0000 0.5833 1.0000 0.5000 0.7917 0.5000 0.7917 0.6667 1.0000 0.6667 1.0000 0.5833 0.7917 0.5833 0.7917 0.7500 1.0000 0.7500 1.0000 0.6667 0.7917 0.6667 0.7917 0.8333 1.0000 0.8333 1.0000 0.7500 0.7917 0.7500 0.7917 0.9167 1.0000 0.9167 1.0000 0.8333 0.7917 0.8333 " />
						</IndexedFaceSet>
					</Shape>
				</Group>
			</Transform>
		</Transform>
		<Transform DEF="RC-PoleM_TRANSFORM"
		           translation="0.003720 2.021569 1.060177"
		           scale="0.719931 0.719931 0.719931"
		           rotation="0.000000 0.707107 0.707107 3.141593"
		           >
			<Transform DEF="RC-PoleM_ifs_TRANSFORM"
			           translation="0.000000 0.000000 0.000000"
			           scale="1.000000 1.000000 1.000000"
			           rotation="0.000000 1.000000 0.000000 0.000000"
			           >
				<Group DEF="group_ME_Cylinder_006">
					<Shape>
						<Appearance>
						</Appearance>
						<IndexedFaceSet solid="false"
						                creaseAngle="0.5236"
						                texCoordIndex="0 1 2 3 -1 4 5 6 7 -1 8 9 10 11 -1 12 13 14 15 -1 16 17 18 19 -1 20 21 22 23 -1 24 25 26 27 -1 28 29 30 31 -1 32 33 34 35 -1 36 37 38 39 -1 40 41 42 43 -1 44 45 46 47 -1 48 49 50 51 -1 52 53 54 55 -1 56 57 58 59 -1 60 61 62 63 -1 64 65 66 67 -1 68 69 70 71 -1 72 73 74 75 -1 76 77 78 79 -1 80 81 82 -1 83 84 85 86 -1 87 88 89 90 -1 91 92 93 94 95 96 97 98 99 100 101 102 103 104 105 106 107 108 109 110 111 112 -1 113 114 115 -1 116 117 118 -1 119 120 121 -1 122 123 124 -1 125 126 127 -1 128 129 130 -1 131 132 133 -1 134 135 136 -1 137 138 139 -1 140 141 142 -1 143 144 145 -1 146 147 148 -1 149 150 151 -1 152 153 154 -1 155 156 157 -1 158 159 160 -1 161 162 163 -1 164 165 166 -1 167 168 169 -1 170 171 172 -1 173 174 175 -1 176 177 178 179 -1 180 181 182 183 -1 184 185 186 187 -1 188 189 190 191 -1 192 193 194 195 -1 196 197 198 199 -1 200 201 202 203 -1 204 205 206 207 -1 208 209 210 211 -1 212 213 214 215 -1 216 217 218 219 -1 220 221 222 223 -1 224 225 226 227 -1 228 229 230 231 -1 232 233 234 235 -1 236 237 238 239 -1 240 241 242 243 -1 244 245 246 247 -1 248 249 250 251 -1 252 253 254 255 -1 256 257 258 259 -1 260 261 262 263 -1 264 265 266 267 -1 268 269 270 271 -1 272 273 274 275 -1 276 277 278 279 -1 280 281 282 283 -1 284 285 286 287 -1 288 289 290 291 -1 292 293 294 295 -1 296 297 298 299 -1 300 301 302 303 -1 304 305 306 307 -1 308 309 310 311 -1 312 313 314 315 -1 316 317 318 319 -1 320 321 322 323 -1 324 325 326 327 -1 328 329 330 331 -1 332 333 334 335 -1 336 337 338 339 -1 340 341 342 343 -1 344 345 346 347 -1 348 349 350 351 -1 352 353 354 355 -1 356 357 358 359 -1 360 361 362 363 -1 364 365 366 367 -1 368 369 370 371 -1 372 373 374 375 -1 376 377 378 379 -1 380 381 382 383 -1 384 385 386 387 -1 388 389 390 391 -1 392 393 394 395 -1 396 397 398 399 -1 400 401 402 403 -1 404 405 406 407 -1 408 409 410 411 -1 412 413 414 415 -1 416 417 418 419 -1 420 421 422 423 -1 424 425 426 427 -1 428 429 430 431 -1 432 433 434 435 -1 436 437 438 439 -1 "
						                coordIndex="21 109 45 0 -1 51 48 28 23 -1 54 51 23 24 -1 57 54 24 41 -1 60 57 41 33 -1 63 60 33 34 -1 66 63 34 25 -1 69 66 25 26 -1 72 69 26 42 -1 75 72 42 35 -1 78 75 35 36 -1 81 78 36 29 -1 84 81 29 30 -1 87 84 30 43 -1 90 87 43 37 -1 93 90 37 38 -1 96 93 38 31 -1 99 96 31 32 -1 102 99 32 44 -1 105 102 44 39 -1 24 23 22 -1 108 105 39 40 -1 46 108 40 27 -1 0 1 2 3 4 5 6 7 8 9 10 11 12 13 14 15 16 17 18 19 20 21 -1 26 25 22 -1 28 27 22 -1 30 29 22 -1 32 31 22 -1 34 33 22 -1 36 35 22 -1 38 37 22 -1 40 39 22 -1 41 24 22 -1 42 26 22 -1 43 30 22 -1 44 32 22 -1 23 28 22 -1 25 34 22 -1 29 36 22 -1 31 38 22 -1 27 40 22 -1 33 41 22 -1 35 42 22 -1 37 43 22 -1 39 44 22 -1 20 106 109 21 -1 15 91 94 16 -1 10 76 79 11 -1 5 61 64 6 -1 1 49 52 2 -1 17 97 100 18 -1 12 82 85 13 -1 7 67 70 8 -1 2 52 55 3 -1 19 103 106 20 -1 14 88 91 15 -1 9 73 76 10 -1 4 58 61 5 -1 16 94 97 17 -1 11 79 82 12 -1 6 64 67 7 -1 18 100 103 19 -1 13 85 88 14 -1 0 45 49 1 -1 8 70 73 9 -1 3 55 58 4 -1 49 45 47 50 -1 50 47 46 48 -1 52 49 50 53 -1 53 50 48 51 -1 55 52 53 56 -1 56 53 51 54 -1 58 55 56 59 -1 59 56 54 57 -1 61 58 59 62 -1 62 59 57 60 -1 64 61 62 65 -1 65 62 60 63 -1 67 64 65 68 -1 68 65 63 66 -1 70 67 68 71 -1 71 68 66 69 -1 73 70 71 74 -1 74 71 69 72 -1 76 73 74 77 -1 77 74 72 75 -1 79 76 77 80 -1 80 77 75 78 -1 82 79 80 83 -1 83 80 78 81 -1 85 82 83 86 -1 86 83 81 84 -1 88 85 86 89 -1 89 86 84 87 -1 91 88 89 92 -1 92 89 87 90 -1 94 91 92 95 -1 95 92 90 93 -1 97 94 95 98 -1 98 95 93 96 -1 100 97 98 101 -1 101 98 96 99 -1 103 100 101 104 -1 104 101 99 102 -1 106 103 104 107 -1 107 104 102 105 -1 109 106 107 110 -1 110 107 105 108 -1 45 109 110 47 -1 47 110 108 46 -1 48 46 27 28 -1 "
						                >
							<Coordinate DEF="coords_ME_Cylinder_006"
							            point="0.000000 0.104138 -2.401713 0.029339 0.099919 -2.401713 0.056301 0.087606 -2.401713 0.078702 0.068196 -2.401713 0.094727 0.043261 -2.401713 0.103078 0.014821 -2.401713 0.103078 -0.014820 -2.401713 0.094727 -0.043260 -2.401713 0.078702 -0.068195 -2.401713 0.056301 -0.087606 -2.401713 0.029339 -0.099919 -2.401713 0.000000 -0.104137 -2.401713 -0.029339 -0.099919 -2.401713 -0.056301 -0.087606 -2.401713 -0.078702 -0.068195 -2.401713 -0.094727 -0.043260 -2.401713 -0.103078 -0.014820 -2.401713 -0.103078 0.014820 -2.401713 -0.094727 0.043260 -2.401713 -0.078702 0.068196 -2.401713 -0.056301 0.087606 -2.401713 -0.029339 0.099919 -2.401713 0.000000 0.000000 0.620692 0.039237 0.061054 0.605982 0.054849 0.047527 0.605982 0.066017 -0.030149 0.605982 0.054849 -0.047526 0.605982 0.000000 0.072575 0.605982 0.020447 0.069636 0.605982 -0.020447 -0.069635 0.605982 -0.039237 -0.061054 0.605982 -0.071836 0.010329 0.605982 -0.066017 0.030149 0.605982 0.071836 0.010329 0.605982 0.071836 -0.010328 0.605982 0.020447 -0.069635 0.605982 0.000000 -0.072575 0.605982 -0.066016 -0.030149 0.605982 -0.071836 -0.010328 0.605982 -0.039237 0.061054 0.605982 -0.020447 0.069635 0.605982 0.066017 0.030149 0.605982 0.039237 -0.061054 0.605982 -0.054848 -0.047526 0.605982 -0.054849 0.047527 0.605982 0.000000 0.104138 0.583239 0.000000 0.096963 0.594486 0.000000 0.102036 0.589791 0.027318 0.093035 0.594486 0.029339 0.099919 0.583239 0.028747 0.097903 0.589791 0.052422 0.081571 0.594486 0.056301 0.087606 0.583239 0.055165 0.085839 0.589791 0.073280 0.063497 0.594486 0.078702 0.068196 0.583239 0.077114 0.066820 0.589791 0.088201 0.040280 0.594486 0.094727 0.043261 0.583239 0.092815 0.042388 0.589791 0.095976 0.013800 0.594486 0.103078 0.014821 0.583239 0.100998 0.014521 0.589791 0.095976 -0.013799 0.594486 0.103078 -0.014820 0.583239 0.100998 -0.014521 0.589791 0.088201 -0.040280 0.594486 0.094727 -0.043260 0.583239 0.092815 -0.042387 0.589791 0.073280 -0.063497 0.594486 0.078702 -0.068195 0.583239 0.077114 -0.066819 0.589791 0.052422 -0.081570 0.594486 0.056301 -0.087606 0.583239 0.055165 -0.085838 0.589791 0.027318 -0.093035 0.594486 0.029339 -0.099919 0.583239 0.028747 -0.097903 0.589791 0.000000 -0.096963 0.594486 0.000000 -0.104137 0.583239 0.000000 -0.102036 0.589791 -0.027318 -0.093035 0.594486 -0.029339 -0.099919 0.583239 -0.028747 -0.097903 0.589791 -0.052422 -0.081570 0.594486 -0.056301 -0.087606 0.583239 -0.055165 -0.085838 0.589791 -0.073280 -0.063497 0.594486 -0.078702 -0.068195 0.583239 -0.077114 -0.066819 0.589791 -0.088201 -0.040280 0.594486 -0.094727 -0.043260 0.583239 -0.092815 -0.042387 0.589791 -0.095976 -0.013799 0.594486 -0.103078 -0.014820 0.583239 -0.100998 -0.014521 0.589791 -0.095976 0.013799 0.594486 -0.103078 0.014820 0.583239 -0.100998 0.014521 0.589791 -0.088201 0.040280 0.594486 -0.094727 0.043260 0.583239 -0.092815 0.042387 0.589791 -0.073280 0.063497 0.594486 -0.078702 0.068196 0.583239 -0.077114 0.066820 0.589791 -0.052422 0.081571 0.594486 -0.056301 0.087606 0.583239 -0.055165 0.085838 0.589791 -0.027318 0.093035 0.594486 -0.029339 0.099919 0.583239 -0.028747 0.097903 0.589791 "
							            />
							<TextureCoordinate point="0.0455 0.5000 0.0455 0.9987 -0.0000 0.9987 -0.0000 0.5000 0.9091 1.0000 0.9545 1.0000 0.9545 1.0000 0.9091 1.0000 0.8636 1.0000 0.9091 1.0000 0.9091 1.0000 0.8636 1.0000 0.8182 1.0000 0.8636 1.0000 0.8636 1.0000 0.8182 1.0000 0.7727 1.0000 0.8182 1.0000 0.8182 1.0000 0.7727 1.0000 0.7273 1.0000 0.7727 1.0000 0.7727 1.0000 0.7273 1.0000 0.6818 1.0000 0.7273 1.0000 0.7273 1.0000 0.6818 1.0000 0.6364 1.0000 0.6818 1.0000 0.6818 1.0000 0.6364 1.0000 0.5909 1.0000 0.6364 1.0000 0.6364 1.0000 0.5909 1.0000 0.5455 1.0000 0.5909 1.0000 0.5909 1.0000 0.5455 1.0000 0.5000 1.0000 0.5455 1.0000 0.5455 1.0000 0.5000 1.0000 0.4545 1.0000 0.5000 1.0000 0.5000 1.0000 0.4545 1.0000 0.4091 1.0000 0.4545 1.0000 0.4545 1.0000 0.4091 1.0000 0.3636 1.0000 0.4091 1.0000 0.4091 1.0000 0.3636 1.0000 0.3182 1.0000 0.3636 1.0000 0.3636 1.0000 0.3182 1.0000 0.2727 1.0000 0.3182 1.0000 0.3182 1.0000 0.2727 1.0000 0.2273 1.0000 0.2727 1.0000 0.2727 1.0000 0.2273 1.0000 0.1818 1.0000 0.2273 1.0000 0.2273 1.0000 0.1818 1.0000 0.1364 1.0000 0.1818 1.0000 0.1818 1.0000 0.1364 1.0000 0.0909 1.0000 0.1364 1.0000 0.1364 1.0000 0.0909 1.0000 0.8636 1.0000 0.9091 1.0000 0.8636 1.0000 0.0455 1.0000 0.0909 1.0000 0.0909 1.0000 0.0455 1.0000 -0.0000 1.0000 0.0455 1.0000 0.0455 1.0000 -0.0000 1.0000 0.7500 0.4900 0.8176 0.4803 0.8798 0.4519 0.9314 0.4072 0.9683 0.3497 0.9876 0.2842 0.9876 0.2158 0.9683 0.1503 0.9314 0.0928 0.8798 0.0481 0.8176 0.0197 0.7500 0.0100 0.6824 0.0197 0.6202 0.0481 0.5686 0.0928 0.5317 0.1503 0.5124 0.2158 0.5124 0.2842 0.5317 0.3497 0.5686 0.4072 0.6202 0.4519 0.6824 0.4803 0.6364 1.0000 0.6818 1.0000 0.6364 1.0000 0.9545 1.0000 1.0000 1.0000 0.9545 1.0000 0.4091 1.0000 0.4545 1.0000 0.4091 1.0000 0.1818 1.0000 0.2273 1.0000 0.1818 1.0000 0.7273 1.0000 0.7727 1.0000 0.7273 1.0000 0.5000 1.0000 0.5455 1.0000 0.5000 1.0000 0.2727 1.0000 0.3182 1.0000 0.2727 1.0000 0.0455 1.0000 0.0909 1.0000 0.0455 1.0000 0.8182 1.0000 0.8636 1.0000 0.8182 1.0000 0.5909 1.0000 0.6364 1.0000 0.5909 1.0000 0.3636 1.0000 0.4091 1.0000 0.3636 1.0000 0.1364 1.0000 0.1818 1.0000 0.1364 1.0000 0.9091 1.0000 0.9545 1.0000 0.9091 1.0000 0.6818 1.0000 0.7273 1.0000 0.6818 1.0000 0.4545 1.0000 0.5000 1.0000 0.4545 1.0000 0.2273 1.0000 0.2727 1.0000 0.2273 1.0000 -0.0000 1.0000 0.0455 1.0000 -0.0000 1.0000 0.7727 1.0000 0.8182 1.0000 0.7727 1.0000 0.5455 1.0000 0.5909 1.0000 0.5455 1.0000 0.3182 1.0000 0.3636 1.0000 0.3182 1.0000 0.0909 1.0000 0.1364 1.0000 0.0909 1.0000 0.0909 0.5000 0.0909 0.9987 0.0455 0.9987 0.0455 0.5000 0.3182 0.5000 0.3182 0.9987 0.2727 0.9987 0.2727 0.5000 0.5455 0.5000 0.5455 0.9987 0.5000 0.9987 0.5000 0.5000 0.7727 0.5000 0.7727 0.9987 0.7273 0.9987 0.7273 0.5000 0.9545 0.5000 0.9545 0.9987 0.9091 0.9987 0.9091 0.5000 0.2273 0.5000 0.2273 0.9987 0.1818 0.9987 0.1818 0.5000 0.4545 0.5000 0.4545 0.9987 0.4091 0.9987 0.4091 0.5000 0.6818 0.5000 0.6818 0.9987 0.6364 0.9987 0.6364 0.5000 0.9091 0.5000 0.9091 0.9987 0.8636 0.9987 0.8636 0.5000 0.1364 0.5000 0.1364 0.9987 0.0909 0.9987 0.0909 0.5000 0.3636 0.5000 0.3636 0.9987 0.3182 0.9987 0.3182 0.5000 0.5909 0.5000 0.5909 0.9987 0.5455 0.9987 0.5455 0.5000 0.8182 0.5000 0.8182 0.9987 0.7727 0.9987 0.7727 0.5000 0.2727 0.5000 0.2727 0.9987 0.2273 0.9987 0.2273 0.5000 0.5000 0.5000 0.5000 0.9987 0.4545 0.9987 0.4545 0.5000 0.7273 0.5000 0.7273 0.9987 0.6818 0.9987 0.6818 0.5000 0.1818 0.5000 0.1818 0.9987 0.1364 0.9987 0.1364 0.5000 0.4091 0.5000 0.4091 0.9987 0.3636 0.9987 0.3636 0.5000 1.0000 0.5000 1.0000 0.9987 0.9545 0.9987 0.9545 0.5000 0.6364 0.5000 0.6364 0.9987 0.5909 0.9987 0.5909 0.5000 0.8636 0.5000 0.8636 0.9987 0.8182 0.9987 0.8182 0.5000 0.9545 0.9987 1.0000 0.9987 0.9995 1.0000 0.9545 1.0000 0.9545 1.0000 0.9995 1.0000 1.0000 1.0000 0.9545 1.0000 0.9091 0.9987 0.9545 0.9987 0.9545 1.0000 0.9091 1.0000 0.9091 1.0000 0.9545 1.0000 0.9545 1.0000 0.9091 1.0000 0.8636 0.9987 0.9091 0.9987 0.9091 1.0000 0.8636 1.0000 0.8636 1.0000 0.9091 1.0000 0.9091 1.0000 0.8636 1.0000 0.8182 0.9987 0.8636 0.9987 0.8636 1.0000 0.8182 1.0000 0.8182 1.0000 0.8636 1.0000 0.8636 1.0000 0.8182 1.0000 0.7727 0.9987 0.8182 0.9987 0.8182 1.0000 0.7727 1.0000 0.7727 1.0000 0.8182 1.0000 0.8182 1.0000 0.7727 1.0000 0.7273 0.9987 0.7727 0.9987 0.7727 1.0000 0.7273 1.0000 0.7273 1.0000 0.7727 1.0000 0.7727 1.0000 0.7273 1.0000 0.6818 0.9987 0.7273 0.9987 0.7273 1.0000 0.6818 1.0000 0.6818 1.0000 0.7273 1.0000 0.7273 1.0000 0.6818 1.0000 0.6364 0.9987 0.6818 0.9987 0.6818 1.0000 0.6364 1.0000 0.6364 1.0000 0.6818 1.0000 0.6818 1.0000 0.6364 1.0000 0.5909 0.9987 0.6364 0.9987 0.6364 1.0000 0.5909 1.0000 0.5909 1.0000 0.6364 1.0000 0.6364 1.0000 0.5909 1.0000 0.5455 0.9987 0.5909 0.9987 0.5909 1.0000 0.5455 1.0000 0.5455 1.0000 0.5909 1.0000 0.5909 1.0000 0.5455 1.0000 0.5000 0.9987 0.5455 0.9987 0.5455 1.0000 0.5000 1.0000 0.5000 1.0000 0.5455 1.0000 0.5455 1.0000 0.5000 1.0000 0.4545 0.9987 0.5000 0.9987 0.5000 1.0000 0.4545 1.0000 0.4545 1.0000 0.5000 1.0000 0.5000 1.0000 0.4545 1.0000 0.4091 0.9987 0.4545 0.9987 0.4545 1.0000 0.4091 1.0000 0.4091 1.0000 0.4545 1.0000 0.4545 1.0000 0.4091 1.0000 0.3636 0.9987 0.4091 0.9987 0.4091 1.0000 0.3636 1.0000 0.3636 1.0000 0.4091 1.0000 0.4091 1.0000 0.3636 1.0000 0.3182 0.9987 0.3636 0.9987 0.3636 1.0000 0.3182 1.0000 0.3182 1.0000 0.3636 1.0000 0.3636 1.0000 0.3182 1.0000 0.2727 0.9987 0.3182 0.9987 0.3182 1.0000 0.2727 1.0000 0.2727 1.0000 0.3182 1.0000 0.3182 1.0000 0.2727 1.0000 0.2273 0.9987 0.2727 0.9987 0.2727 1.0000 0.2273 1.0000 0.2273 1.0000 0.2727 1.0000 0.2727 1.0000 0.2273 1.0000 0.1818 0.9987 0.2273 0.9987 0.2273 1.0000 0.1818 1.0000 0.1818 1.0000 0.2273 1.0000 0.2273 1.0000 0.1818 1.0000 0.1364 0.9987 0.1818 0.9987 0.1818 1.0000 0.1364 1.0000 0.1364 1.0000 0.1818 1.0000 0.1818 1.0000 0.1364 1.0000 0.0909 0.9987 0.1364 0.9987 0.1364 1.0000 0.0909 1.0000 0.0909 1.0000 0.1364 1.0000 0.1364 1.0000 0.0909 1.0000 0.0455 0.9987 0.0909 0.9987 0.0909 1.0000 0.0455 1.0000 0.0455 1.0000 0.0909 1.0000 0.0909 1.0000 0.0455 1.0000 -0.0000 0.9987 0.0455 0.9987 0.0455 1.0000 0.0005 1.0000 0.0005 1.0000 0.0455 1.0000 0.0455 1.0000 -0.0000 1.0000 0.9545 1.0000 1.0000 1.0000 1.0000 1.0000 0.9545 1.0000 " />
						</IndexedFaceSet>
					</Shape>
				</Group>
			</Transform>
		</Transform>
		<Transform DEF="RC-PoleR_TRANSFORM"
		           translation="0.004251 2.990447 1.286684"
		           scale="0.719931 0.719931 0.719931"
		           rotation="0.577350 -0.577350 -0.577350 2.094395"
		           >
			<Transform DEF="RC-PoleR_ifs_TRANSFORM"
			           translation="-0.000000 0.000000 -0.000000"
			           scale="1.000000 1.000000 1.000000"
			           rotation="0.000000 -0.000000 0.000000 0.000000"
			           >
				<Group DEF="group_ME_BezierCurve_005">
					<Shape>
						<Appearance>
						</Appearance>
						<IndexedFaceSet solid="false"
						                creaseAngle="4.0000"
						                texCoordIndex="0 1 2 3 -1 4 5 6 7 -1 8 9 10 11 -1 12 13 14 15 -1 16 17 18 19 -1 20 21 22 23 -1 24 25 26 27 -1 28 29 30 31 -1 32 33 34 35 -1 36 37 38 39 -1 40 41 42 43 -1 44 45 46 47 -1 48 49 50 51 -1 52 53 54 55 -1 56 57 58 59 -1 60 61 62 63 -1 64 65 66 67 -1 68 69 70 71 -1 72 73 74 75 -1 76 77 78 79 -1 80 81 82 83 -1 84 85 86 87 -1 88 89 90 91 -1 92 93 94 95 -1 96 97 98 99 -1 100 101 102 103 -1 104 105 106 107 -1 108 109 110 111 -1 112 113 114 115 -1 116 117 118 119 -1 120 121 122 123 -1 124 125 126 127 -1 128 129 130 131 -1 132 133 134 135 -1 136 137 138 139 -1 140 141 142 143 -1 144 145 146 147 -1 148 149 150 151 -1 152 153 154 155 -1 156 157 158 159 -1 160 161 162 163 -1 164 165 166 167 -1 168 169 170 171 -1 172 173 174 175 -1 176 177 178 179 -1 180 181 182 183 -1 184 185 186 187 -1 188 189 190 191 -1 192 193 194 195 -1 196 197 198 199 -1 200 201 202 203 -1 204 205 206 207 -1 208 209 210 211 -1 212 213 214 215 -1 216 217 218 219 -1 220 221 222 223 -1 224 225 226 227 -1 228 229 230 231 -1 232 233 234 235 -1 236 237 238 239 -1 240 241 242 243 -1 244 245 246 247 -1 248 249 250 251 -1 252 253 254 255 -1 256 257 258 259 -1 260 261 262 263 -1 264 265 266 267 -1 268 269 270 271 -1 272 273 274 275 -1 276 277 278 279 -1 280 281 282 283 -1 284 285 286 287 -1 288 289 290 291 -1 292 293 294 295 -1 296 297 298 299 -1 300 301 302 303 -1 304 305 306 307 -1 308 309 310 311 -1 312 313 314 315 -1 316 317 318 319 -1 320 321 322 323 -1 324 325 326 327 -1 328 329 330 331 -1 332 333 334 335 -1 336 337 338 339 -1 340 341 342 343 -1 344 345 346 347 -1 348 349 350 351 -1 352 353 354 355 -1 356 357 358 359 -1 360 361 362 363 -1 364 365 366 367 -1 368 369 370 371 -1 372 373 374 375 -1 376 377 378 379 -1 380 381 382 383 -1 384 385 386 387 -1 388 389 390 391 -1 392 393 394 395 -1 396 397 398 399 -1 400 401 402 403 -1 404 405 406 407 -1 408 409 410 411 -1 412 413 414 415 -1 416 417 418 419 -1 420 421 422 423 -1 424 425 426 427 -1 428 429 430 431 -1 432 433 434 435 -1 436 437 438 439 -1 440 441 442 443 -1 444 445 446 447 -1 448 449 450 451 -1 452 453 454 455 -1 456 457 458 459 -1 460 461 462 463 -1 464 465 466 467 -1 468 469 470 471 -1 472 473 474 475 -1 476 477 478 479 -1 480 481 482 483 -1 484 485 486 487 -1 488 489 490 491 -1 492 493 494 495 -1 496 497 498 499 -1 500 501 502 503 -1 504 505 506 507 -1 508 509 510 511 -1 512 513 514 515 -1 516 517 518 519 -1 520 521 522 523 -1 524 525 526 527 -1 528 529 530 531 -1 532 533 534 535 -1 536 537 538 539 -1 540 541 542 543 -1 544 545 546 547 -1 548 549 550 551 -1 552 553 554 555 -1 556 557 558 559 -1 560 561 562 563 -1 564 565 566 567 -1 568 569 570 571 -1 572 573 574 575 -1 576 577 578 579 -1 580 581 582 583 -1 584 585 586 587 -1 588 589 590 591 -1 592 593 594 595 -1 596 597 598 599 -1 600 601 602 603 -1 604 605 606 607 -1 608 609 610 611 -1 612 613 614 615 -1 616 617 618 619 -1 620 621 622 623 -1 624 625 626 627 -1 628 629 630 631 -1 632 633 634 635 -1 636 637 638 639 -1 640 641 642 643 -1 644 645 646 647 -1 648 649 650 651 -1 652 653 654 655 -1 656 657 658 659 -1 660 661 662 663 -1 664 665 666 667 -1 668 669 670 671 -1 672 673 674 675 -1 676 677 678 679 -1 680 681 682 683 -1 684 685 686 687 -1 688 689 690 691 -1 692 693 694 695 -1 696 697 698 699 -1 700 701 702 703 -1 704 705 706 707 -1 708 709 710 711 -1 712 713 714 715 -1 716 717 718 719 -1 720 721 722 723 -1 724 725 726 727 -1 728 729 730 731 -1 732 733 734 735 -1 736 737 738 739 -1 740 741 742 743 -1 744 745 746 747 -1 748 749 750 751 -1 752 753 754 755 -1 756 757 758 759 -1 760 761 762 763 -1 764 765 766 767 -1 768 769 770 771 -1 772 773 774 775 -1 776 777 778 779 -1 780 781 782 783 -1 784 785 786 787 -1 788 789 790 791 -1 792 793 794 795 -1 796 797 798 799 -1 800 801 802 803 -1 804 805 806 807 -1 808 809 810 811 -1 812 813 814 815 -1 "
						                coordIndex="0 12 23 11 -1 1 13 12 0 -1 2 14 13 1 -1 3 15 14 2 -1 4 16 15 3 -1 5 17 16 4 -1 6 18 17 5 -1 7 19 18 6 -1 8 20 19 7 -1 9 21 20 8 -1 10 22 21 9 -1 11 23 22 10 -1 12 24 35 23 -1 13 25 24 12 -1 14 26 25 13 -1 15 27 26 14 -1 16 28 27 15 -1 17 29 28 16 -1 18 30 29 17 -1 19 31 30 18 -1 20 32 31 19 -1 21 33 32 20 -1 22 34 33 21 -1 23 35 34 22 -1 24 36 47 35 -1 25 37 36 24 -1 26 38 37 25 -1 27 39 38 26 -1 28 40 39 27 -1 29 41 40 28 -1 30 42 41 29 -1 31 43 42 30 -1 32 44 43 31 -1 33 45 44 32 -1 34 46 45 33 -1 35 47 46 34 -1 36 48 59 47 -1 37 49 48 36 -1 38 50 49 37 -1 39 51 50 38 -1 40 52 51 39 -1 41 53 52 40 -1 42 54 53 41 -1 43 55 54 42 -1 44 56 55 43 -1 45 57 56 44 -1 46 58 57 45 -1 47 59 58 46 -1 48 60 71 59 -1 49 61 60 48 -1 50 62 61 49 -1 51 63 62 50 -1 52 64 63 51 -1 53 65 64 52 -1 54 66 65 53 -1 55 67 66 54 -1 56 68 67 55 -1 57 69 68 56 -1 58 70 69 57 -1 59 71 70 58 -1 60 72 83 71 -1 61 73 72 60 -1 62 74 73 61 -1 63 75 74 62 -1 64 76 75 63 -1 65 77 76 64 -1 66 78 77 65 -1 67 79 78 66 -1 68 80 79 67 -1 69 81 80 68 -1 70 82 81 69 -1 71 83 82 70 -1 72 84 95 83 -1 73 85 84 72 -1 74 86 85 73 -1 75 87 86 74 -1 76 88 87 75 -1 77 89 88 76 -1 78 90 89 77 -1 79 91 90 78 -1 80 92 91 79 -1 81 93 92 80 -1 82 94 93 81 -1 83 95 94 82 -1 84 96 107 95 -1 85 97 96 84 -1 86 98 97 85 -1 87 99 98 86 -1 88 100 99 87 -1 89 101 100 88 -1 90 102 101 89 -1 91 103 102 90 -1 92 104 103 91 -1 93 105 104 92 -1 94 106 105 93 -1 95 107 106 94 -1 96 108 119 107 -1 97 109 108 96 -1 98 110 109 97 -1 99 111 110 98 -1 100 112 111 99 -1 101 113 112 100 -1 102 114 113 101 -1 103 115 114 102 -1 104 116 115 103 -1 105 117 116 104 -1 106 118 117 105 -1 107 119 118 106 -1 108 120 131 119 -1 109 121 120 108 -1 110 122 121 109 -1 111 123 122 110 -1 112 124 123 111 -1 113 125 124 112 -1 114 126 125 113 -1 115 127 126 114 -1 116 128 127 115 -1 117 129 128 116 -1 118 130 129 117 -1 119 131 130 118 -1 120 132 143 131 -1 121 133 132 120 -1 122 134 133 121 -1 123 135 134 122 -1 124 136 135 123 -1 125 137 136 124 -1 126 138 137 125 -1 127 139 138 126 -1 128 140 139 127 -1 129 141 140 128 -1 130 142 141 129 -1 131 143 142 130 -1 132 144 155 143 -1 133 145 144 132 -1 134 146 145 133 -1 135 147 146 134 -1 136 148 147 135 -1 137 149 148 136 -1 138 150 149 137 -1 139 151 150 138 -1 140 152 151 139 -1 141 153 152 140 -1 142 154 153 141 -1 143 155 154 142 -1 144 156 167 155 -1 145 157 156 144 -1 146 158 157 145 -1 147 159 158 146 -1 148 160 159 147 -1 149 161 160 148 -1 150 162 161 149 -1 151 163 162 150 -1 152 164 163 151 -1 153 165 164 152 -1 154 166 165 153 -1 155 167 166 154 -1 156 168 179 167 -1 157 169 168 156 -1 158 170 169 157 -1 159 171 170 158 -1 160 172 171 159 -1 161 173 172 160 -1 162 174 173 161 -1 163 175 174 162 -1 164 176 175 163 -1 165 177 176 164 -1 166 178 177 165 -1 167 179 178 166 -1 168 180 191 179 -1 169 181 180 168 -1 170 182 181 169 -1 171 183 182 170 -1 172 184 183 171 -1 173 185 184 172 -1 174 186 185 173 -1 175 187 186 174 -1 176 188 187 175 -1 177 189 188 176 -1 178 190 189 177 -1 179 191 190 178 -1 180 192 203 191 -1 181 193 192 180 -1 182 194 193 181 -1 183 195 194 182 -1 184 196 195 183 -1 185 197 196 184 -1 186 198 197 185 -1 187 199 198 186 -1 188 200 199 187 -1 189 201 200 188 -1 190 202 201 189 -1 191 203 202 190 -1 192 204 215 203 -1 193 205 204 192 -1 194 206 205 193 -1 195 207 206 194 -1 196 208 207 195 -1 197 209 208 196 -1 198 210 209 197 -1 199 211 210 198 -1 200 212 211 199 -1 201 213 212 200 -1 202 214 213 201 -1 203 215 214 202 -1 "
						                >
							<Coordinate DEF="coords_ME_BezierCurve_005"
							            point="-4.963095 0.220609 0.040000 -4.964597 0.191366 0.069282 -4.966649 0.151419 0.080000 -4.968701 0.111471 0.069282 -4.970203 0.082228 0.040000 -4.970754 0.071524 0.000000 -4.970203 0.082228 -0.040000 -4.968701 0.111471 -0.069282 -4.966649 0.151418 -0.080000 -4.964597 0.191366 -0.069282 -4.963095 0.220609 -0.040000 -4.962544 0.231313 0.000000 -0.516439 0.208211 0.040000 -0.517467 0.178947 0.069282 -0.518870 0.138971 0.080000 -0.520274 0.098996 0.069282 -0.521301 0.069732 0.040000 -0.521677 0.059020 0.000000 -0.521301 0.069732 -0.040000 -0.520274 0.098996 -0.069282 -0.518870 0.138971 -0.080000 -0.517467 0.178947 -0.069282 -0.516439 0.208211 -0.040000 -0.516063 0.218922 -0.000000 -0.439044 0.204795 0.040000 -0.440825 0.175567 0.069282 -0.443257 0.135641 0.080000 -0.445689 0.095715 0.069282 -0.447470 0.066487 0.040000 -0.448121 0.055789 0.000000 -0.447470 0.066487 -0.040000 -0.445689 0.095715 -0.069282 -0.443257 0.135641 -0.080000 -0.440825 0.175567 -0.069282 -0.439044 0.204795 -0.040000 -0.438393 0.215493 -0.000000 -0.364274 0.198966 0.040000 -0.367239 0.169834 0.069282 -0.371288 0.130040 0.080000 -0.375338 0.090245 0.069282 -0.378303 0.061114 0.040000 -0.379388 0.050451 0.000000 -0.378303 0.061114 -0.040000 -0.375338 0.090245 -0.069282 -0.371288 0.130040 -0.080000 -0.367239 0.169834 -0.069282 -0.364274 0.198966 -0.040000 -0.363189 0.209629 -0.000000 -0.289492 0.189550 0.040000 -0.293953 0.160609 0.069282 -0.300047 0.121076 0.080000 -0.306141 0.081543 0.069282 -0.310602 0.052603 0.040000 -0.312235 0.042010 0.000000 -0.310602 0.052603 -0.040000 -0.306141 0.081543 -0.069282 -0.300047 0.121076 -0.080000 -0.293953 0.160609 -0.069282 -0.289492 0.189549 -0.040000 -0.287859 0.200142 -0.000000 -0.212254 0.175436 0.040000 -0.218324 0.146790 0.069282 -0.226616 0.107659 0.080000 -0.234909 0.068528 0.069282 -0.240979 0.039882 0.040000 -0.243201 0.029397 0.000000 -0.240979 0.039882 -0.040000 -0.234909 0.068528 -0.069282 -0.226616 0.107659 -0.080000 -0.218324 0.146790 -0.069282 -0.212254 0.175436 -0.040000 -0.210032 0.185921 -0.000000 -0.130118 0.155609 0.040000 -0.137709 0.127328 0.069282 -0.148079 0.088696 0.080000 -0.158448 0.050063 0.069282 -0.166040 0.021782 0.040000 -0.168818 0.011431 0.000000 -0.166040 0.021782 -0.040000 -0.158448 0.050063 -0.069282 -0.148079 0.088696 -0.080000 -0.137709 0.127328 -0.069282 -0.130118 0.155609 -0.040000 -0.127340 0.165961 -0.000000 -0.040484 0.129107 0.040000 -0.049374 0.101208 0.069282 -0.061517 0.063095 0.080000 -0.073661 0.024983 0.069282 -0.082551 -0.002917 0.040000 -0.085805 -0.013129 0.000000 -0.082551 -0.002917 -0.040000 -0.073661 0.024983 -0.069282 -0.061517 0.063095 -0.080000 -0.049374 0.101207 -0.069282 -0.040484 0.129107 -0.040000 -0.037230 0.139320 -0.000000 0.059455 0.094952 0.040000 0.049536 0.067401 0.069282 0.035985 0.029766 0.080000 0.022434 -0.007869 0.069282 0.012515 -0.035419 0.040000 0.008884 -0.045503 0.000000 0.012515 -0.035419 -0.040000 0.022434 -0.007869 -0.069282 0.035985 0.029766 -0.080000 0.049536 0.067401 -0.069282 0.059455 0.094952 -0.040000 0.063086 0.105036 -0.000000 0.171534 0.052539 0.040000 0.161311 0.025100 0.069282 0.147346 -0.012383 0.080000 0.133380 -0.049866 0.069282 0.123157 -0.077306 0.040000 0.119415 -0.087349 0.000000 0.123157 -0.077306 -0.040000 0.133380 -0.049866 -0.069282 0.147346 -0.012383 -0.080000 0.161311 0.025099 -0.069282 0.171534 0.052539 -0.040000 0.175276 0.062582 -0.000000 0.283707 0.011380 0.040000 0.274389 -0.016380 0.069282 0.261659 -0.054300 0.080000 0.248930 -0.092221 0.069282 0.239612 -0.119980 0.040000 0.236201 -0.130141 0.000000 0.239612 -0.119980 -0.040000 0.248930 -0.092221 -0.069282 0.261659 -0.054300 -0.080000 0.274388 -0.016380 -0.069282 0.283707 0.011380 -0.040000 0.287118 0.021541 -0.000000 0.386625 -0.020045 0.040000 0.378974 -0.048310 0.069282 0.368522 -0.086920 0.080000 0.358071 -0.125531 0.069282 0.350420 -0.153796 0.040000 0.347619 -0.164141 0.000000 0.350420 -0.153796 -0.040000 0.358071 -0.125531 -0.069282 0.368522 -0.086921 -0.080000 0.378974 -0.048310 -0.069282 0.386625 -0.020045 -0.040000 0.389425 -0.009700 -0.000000 0.485318 -0.043411 0.040000 0.479522 -0.072113 0.069282 0.471604 -0.111322 0.080000 0.463686 -0.150530 0.069282 0.457890 -0.179233 0.040000 0.455769 -0.189739 0.000000 0.457890 -0.179233 -0.040000 0.463686 -0.150531 -0.069282 0.471604 -0.111322 -0.080000 0.479522 -0.072113 -0.069282 0.485318 -0.043411 -0.040000 0.487439 -0.032905 -0.000000 0.583925 -0.059934 0.040000 0.579972 -0.088948 0.069282 0.574573 -0.128582 0.080000 0.569174 -0.168215 0.069282 0.565222 -0.197230 0.040000 0.563775 -0.207849 0.000000 0.565222 -0.197230 -0.040000 0.569174 -0.168216 -0.069282 0.574573 -0.128582 -0.080000 0.579972 -0.088948 -0.069282 0.583925 -0.059934 -0.040000 0.585371 -0.049314 -0.000000 0.686609 -0.070714 0.040000 0.684280 -0.099903 0.069282 0.681099 -0.139776 0.080000 0.677918 -0.179650 0.069282 0.675589 -0.208839 0.040000 0.674737 -0.219523 0.000000 0.675589 -0.208839 -0.040000 0.677918 -0.179650 -0.069282 0.681099 -0.139776 -0.080000 0.684280 -0.099903 -0.069282 0.686609 -0.070714 -0.040000 0.687461 -0.060030 -0.000000 0.797377 -0.076748 0.040000 0.796309 -0.106010 0.069282 0.794851 -0.145984 0.080000 0.793392 -0.185957 0.069282 0.792324 -0.215220 0.040000 0.791934 -0.225931 0.000000 0.792324 -0.215220 -0.040000 0.793392 -0.185957 -0.069282 0.794851 -0.145984 -0.080000 0.796309 -0.106010 -0.069282 0.797377 -0.076748 -0.040000 0.797768 -0.066037 -0.000000 0.920002 -0.079001 0.040000 0.919789 -0.108282 0.069282 0.919497 -0.148281 0.080000 0.919206 -0.188280 0.069282 0.918992 -0.217561 0.040000 0.918914 -0.228279 0.000000 0.918992 -0.217561 -0.040000 0.919206 -0.188280 -0.069282 0.919497 -0.148281 -0.080000 0.919789 -0.108282 -0.069282 0.920002 -0.079001 -0.040000 0.920080 -0.068283 -0.000000 2.781178 -0.069531 0.040000 2.781178 -0.098813 0.069282 2.781178 -0.138813 0.080000 2.781178 -0.178813 0.069282 2.781178 -0.208095 0.040000 2.781178 -0.218813 -0.000000 2.781178 -0.208095 -0.040000 2.781178 -0.178813 -0.069282 2.781178 -0.138813 -0.080000 2.781178 -0.098813 -0.069282 2.781178 -0.069531 -0.040000 2.781178 -0.058813 -0.000000 "
							            />
							<TextureCoordinate point="0.0000 1.0000 0.1667 1.0000 0.1667 0.9167 0.0000 0.9167 0.0000 0.0833 0.1667 0.0833 0.1667 0.0000 0.0000 0.0000 0.0000 0.1667 0.1667 0.1667 0.1667 0.0833 0.0000 0.0833 0.0000 0.2500 0.1667 0.2500 0.1667 0.1667 0.0000 0.1667 0.0000 0.3333 0.1667 0.3333 0.1667 0.2500 0.0000 0.2500 0.0000 0.4167 0.1667 0.4167 0.1667 0.3333 0.0000 0.3333 0.0000 0.5000 0.1667 0.5000 0.1667 0.4167 0.0000 0.4167 0.0000 0.5833 0.1667 0.5833 0.1667 0.5000 0.0000 0.5000 0.0000 0.6667 0.1667 0.6667 0.1667 0.5833 0.0000 0.5833 0.0000 0.7500 0.1667 0.7500 0.1667 0.6667 0.0000 0.6667 0.0000 0.8333 0.1667 0.8333 0.1667 0.7500 0.0000 0.7500 0.0000 0.9167 0.1667 0.9167 0.1667 0.8333 0.0000 0.8333 0.1667 1.0000 0.2083 1.0000 0.2083 0.9167 0.1667 0.9167 0.1667 0.0833 0.2083 0.0833 0.2083 0.0000 0.1667 0.0000 0.1667 0.1667 0.2083 0.1667 0.2083 0.0833 0.1667 0.0833 0.1667 0.2500 0.2083 0.2500 0.2083 0.1667 0.1667 0.1667 0.1667 0.3333 0.2083 0.3333 0.2083 0.2500 0.1667 0.2500 0.1667 0.4167 0.2083 0.4167 0.2083 0.3333 0.1667 0.3333 0.1667 0.5000 0.2083 0.5000 0.2083 0.4167 0.1667 0.4167 0.1667 0.5833 0.2083 0.5833 0.2083 0.5000 0.1667 0.5000 0.1667 0.6667 0.2083 0.6667 0.2083 0.5833 0.1667 0.5833 0.1667 0.7500 0.2083 0.7500 0.2083 0.6667 0.1667 0.6667 0.1667 0.8333 0.2083 0.8333 0.2083 0.7500 0.1667 0.7500 0.1667 0.9167 0.2083 0.9167 0.2083 0.8333 0.1667 0.8333 0.2083 1.0000 0.2500 1.0000 0.2500 0.9167 0.2083 0.9167 0.2083 0.0833 0.2500 0.0833 0.2500 0.0000 0.2083 0.0000 0.2083 0.1667 0.2500 0.1667 0.2500 0.0833 0.2083 0.0833 0.2083 0.2500 0.2500 0.2500 0.2500 0.1667 0.2083 0.1667 0.2083 0.3333 0.2500 0.3333 0.2500 0.2500 0.2083 0.2500 0.2083 0.4167 0.2500 0.4167 0.2500 0.3333 0.2083 0.3333 0.2083 0.5000 0.2500 0.5000 0.2500 0.4167 0.2083 0.4167 0.2083 0.5833 0.2500 0.5833 0.2500 0.5000 0.2083 0.5000 0.2083 0.6667 0.2500 0.6667 0.2500 0.5833 0.2083 0.5833 0.2083 0.7500 0.2500 0.7500 0.2500 0.6667 0.2083 0.6667 0.2083 0.8333 0.2500 0.8333 0.2500 0.7500 0.2083 0.7500 0.2083 0.9167 0.2500 0.9167 0.2500 0.8333 0.2083 0.8333 0.2500 1.0000 0.2917 1.0000 0.2917 0.9167 0.2500 0.9167 0.2500 0.0833 0.2917 0.0833 0.2917 0.0000 0.2500 0.0000 0.2500 0.1667 0.2917 0.1667 0.2917 0.0833 0.2500 0.0833 0.2500 0.2500 0.2917 0.2500 0.2917 0.1667 0.2500 0.1667 0.2500 0.3333 0.2917 0.3333 0.2917 0.2500 0.2500 0.2500 0.2500 0.4167 0.2917 0.4167 0.2917 0.3333 0.2500 0.3333 0.2500 0.5000 0.2917 0.5000 0.2917 0.4167 0.2500 0.4167 0.2500 0.5833 0.2917 0.5833 0.2917 0.5000 0.2500 0.5000 0.2500 0.6667 0.2917 0.6667 0.2917 0.5833 0.2500 0.5833 0.2500 0.7500 0.2917 0.7500 0.2917 0.6667 0.2500 0.6667 0.2500 0.8333 0.2917 0.8333 0.2917 0.7500 0.2500 0.7500 0.2500 0.9167 0.2917 0.9167 0.2917 0.8333 0.2500 0.8333 0.2917 1.0000 0.3333 1.0000 0.3333 0.9167 0.2917 0.9167 0.2917 0.0833 0.3333 0.0833 0.3333 0.0000 0.2917 0.0000 0.2917 0.1667 0.3333 0.1667 0.3333 0.0833 0.2917 0.0833 0.2917 0.2500 0.3333 0.2500 0.3333 0.1667 0.2917 0.1667 0.2917 0.3333 0.3333 0.3333 0.3333 0.2500 0.2917 0.2500 0.2917 0.4167 0.3333 0.4167 0.3333 0.3333 0.2917 0.3333 0.2917 0.5000 0.3333 0.5000 0.3333 0.4167 0.2917 0.4167 0.2917 0.5833 0.3333 0.5833 0.3333 0.5000 0.2917 0.5000 0.2917 0.6667 0.3333 0.6667 0.3333 0.5833 0.2917 0.5833 0.2917 0.7500 0.3333 0.7500 0.3333 0.6667 0.2917 0.6667 0.2917 0.8333 0.3333 0.8333 0.3333 0.7500 0.2917 0.7500 0.2917 0.9167 0.3333 0.9167 0.3333 0.8333 0.2917 0.8333 0.3333 1.0000 0.3750 1.0000 0.3750 0.9167 0.3333 0.9167 0.3333 0.0833 0.3750 0.0833 0.3750 0.0000 0.3333 0.0000 0.3333 0.1667 0.3750 0.1667 0.3750 0.0833 0.3333 0.0833 0.3333 0.2500 0.3750 0.2500 0.3750 0.1667 0.3333 0.1667 0.3333 0.3333 0.3750 0.3333 0.3750 0.2500 0.3333 0.2500 0.3333 0.4167 0.3750 0.4167 0.3750 0.3333 0.3333 0.3333 0.3333 0.5000 0.3750 0.5000 0.3750 0.4167 0.3333 0.4167 0.3333 0.5833 0.3750 0.5833 0.3750 0.5000 0.3333 0.5000 0.3333 0.6667 0.3750 0.6667 0.3750 0.5833 0.3333 0.5833 0.3333 0.7500 0.3750 0.7500 0.3750 0.6667 0.3333 0.6667 0.3333 0.8333 0.3750 0.8333 0.3750 0.7500 0.3333 0.7500 0.3333 0.9167 0.3750 0.9167 0.3750 0.8333 0.3333 0.8333 0.3750 1.0000 0.4167 1.0000 0.4167 0.9167 0.3750 0.9167 0.3750 0.0833 0.4167 0.0833 0.4167 0.0000 0.3750 0.0000 0.3750 0.1667 0.4167 0.1667 0.4167 0.0833 0.3750 0.0833 0.3750 0.2500 0.4167 0.2500 0.4167 0.1667 0.3750 0.1667 0.3750 0.3333 0.4167 0.3333 0.4167 0.2500 0.3750 0.2500 0.3750 0.4167 0.4167 0.4167 0.4167 0.3333 0.3750 0.3333 0.3750 0.5000 0.4167 0.5000 0.4167 0.4167 0.3750 0.4167 0.3750 0.5833 0.4167 0.5833 0.4167 0.5000 0.3750 0.5000 0.3750 0.6667 0.4167 0.6667 0.4167 0.5833 0.3750 0.5833 0.3750 0.7500 0.4167 0.7500 0.4167 0.6667 0.3750 0.6667 0.3750 0.8333 0.4167 0.8333 0.4167 0.7500 0.3750 0.7500 0.3750 0.9167 0.4167 0.9167 0.4167 0.8333 0.3750 0.8333 0.4167 1.0000 0.4583 1.0000 0.4583 0.9167 0.4167 0.9167 0.4167 0.0833 0.4583 0.0833 0.4583 0.0000 0.4167 0.0000 0.4167 0.1667 0.4583 0.1667 0.4583 0.0833 0.4167 0.0833 0.4167 0.2500 0.4583 0.2500 0.4583 0.1667 0.4167 0.1667 0.4167 0.3333 0.4583 0.3333 0.4583 0.2500 0.4167 0.2500 0.4167 0.4167 0.4583 0.4167 0.4583 0.3333 0.4167 0.3333 0.4167 0.5000 0.4583 0.5000 0.4583 0.4167 0.4167 0.4167 0.4167 0.5833 0.4583 0.5833 0.4583 0.5000 0.4167 0.5000 0.4167 0.6667 0.4583 0.6667 0.4583 0.5833 0.4167 0.5833 0.4167 0.7500 0.4583 0.7500 0.4583 0.6667 0.4167 0.6667 0.4167 0.8333 0.4583 0.8333 0.4583 0.7500 0.4167 0.7500 0.4167 0.9167 0.4583 0.9167 0.4583 0.8333 0.4167 0.8333 0.4583 1.0000 0.5000 1.0000 0.5000 0.9167 0.4583 0.9167 0.4583 0.0833 0.5000 0.0833 0.5000 0.0000 0.4583 0.0000 0.4583 0.1667 0.5000 0.1667 0.5000 0.0833 0.4583 0.0833 0.4583 0.2500 0.5000 0.2500 0.5000 0.1667 0.4583 0.1667 0.4583 0.3333 0.5000 0.3333 0.5000 0.2500 0.4583 0.2500 0.4583 0.4167 0.5000 0.4167 0.5000 0.3333 0.4583 0.3333 0.4583 0.5000 0.5000 0.5000 0.5000 0.4167 0.4583 0.4167 0.4583 0.5833 0.5000 0.5833 0.5000 0.5000 0.4583 0.5000 0.4583 0.6667 0.5000 0.6667 0.5000 0.5833 0.4583 0.5833 0.4583 0.7500 0.5000 0.7500 0.5000 0.6667 0.4583 0.6667 0.4583 0.8333 0.5000 0.8333 0.5000 0.7500 0.4583 0.7500 0.4583 0.9167 0.5000 0.9167 0.5000 0.8333 0.4583 0.8333 0.5000 1.0000 0.5417 1.0000 0.5417 0.9167 0.5000 0.9167 0.5000 0.0833 0.5417 0.0833 0.5417 0.0000 0.5000 0.0000 0.5000 0.1667 0.5417 0.1667 0.5417 0.0833 0.5000 0.0833 0.5000 0.2500 0.5417 0.2500 0.5417 0.1667 0.5000 0.1667 0.5000 0.3333 0.5417 0.3333 0.5417 0.2500 0.5000 0.2500 0.5000 0.4167 0.5417 0.4167 0.5417 0.3333 0.5000 0.3333 0.5000 0.5000 0.5417 0.5000 0.5417 0.4167 0.5000 0.4167 0.5000 0.5833 0.5417 0.5833 0.5417 0.5000 0.5000 0.5000 0.5000 0.6667 0.5417 0.6667 0.5417 0.5833 0.5000 0.5833 0.5000 0.7500 0.5417 0.7500 0.5417 0.6667 0.5000 0.6667 0.5000 0.8333 0.5417 0.8333 0.5417 0.7500 0.5000 0.7500 0.5000 0.9167 0.5417 0.9167 0.5417 0.8333 0.5000 0.8333 0.5417 1.0000 0.5833 1.0000 0.5833 0.9167 0.5417 0.9167 0.5417 0.0833 0.5833 0.0833 0.5833 0.0000 0.5417 0.0000 0.5417 0.1667 0.5833 0.1667 0.5833 0.0833 0.5417 0.0833 0.5417 0.2500 0.5833 0.2500 0.5833 0.1667 0.5417 0.1667 0.5417 0.3333 0.5833 0.3333 0.5833 0.2500 0.5417 0.2500 0.5417 0.4167 0.5833 0.4167 0.5833 0.3333 0.5417 0.3333 0.5417 0.5000 0.5833 0.5000 0.5833 0.4167 0.5417 0.4167 0.5417 0.5833 0.5833 0.5833 0.5833 0.5000 0.5417 0.5000 0.5417 0.6667 0.5833 0.6667 0.5833 0.5833 0.5417 0.5833 0.5417 0.7500 0.5833 0.7500 0.5833 0.6667 0.5417 0.6667 0.5417 0.8333 0.5833 0.8333 0.5833 0.7500 0.5417 0.7500 0.5417 0.9167 0.5833 0.9167 0.5833 0.8333 0.5417 0.8333 0.5833 1.0000 0.6250 1.0000 0.6250 0.9167 0.5833 0.9167 0.5833 0.0833 0.6250 0.0833 0.6250 0.0000 0.5833 0.0000 0.5833 0.1667 0.6250 0.1667 0.6250 0.0833 0.5833 0.0833 0.5833 0.2500 0.6250 0.2500 0.6250 0.1667 0.5833 0.1667 0.5833 0.3333 0.6250 0.3333 0.6250 0.2500 0.5833 0.2500 0.5833 0.4167 0.6250 0.4167 0.6250 0.3333 0.5833 0.3333 0.5833 0.5000 0.6250 0.5000 0.6250 0.4167 0.5833 0.4167 0.5833 0.5833 0.6250 0.5833 0.6250 0.5000 0.5833 0.5000 0.5833 0.6667 0.6250 0.6667 0.6250 0.5833 0.5833 0.5833 0.5833 0.7500 0.6250 0.7500 0.6250 0.6667 0.5833 0.6667 0.5833 0.8333 0.6250 0.8333 0.6250 0.7500 0.5833 0.7500 0.5833 0.9167 0.6250 0.9167 0.6250 0.8333 0.5833 0.8333 0.6250 1.0000 0.6667 1.0000 0.6667 0.9167 0.6250 0.9167 0.6250 0.0833 0.6667 0.0833 0.6667 0.0000 0.6250 0.0000 0.6250 0.1667 0.6667 0.1667 0.6667 0.0833 0.6250 0.0833 0.6250 0.2500 0.6667 0.2500 0.6667 0.1667 0.6250 0.1667 0.6250 0.3333 0.6667 0.3333 0.6667 0.2500 0.6250 0.2500 0.6250 0.4167 0.6667 0.4167 0.6667 0.3333 0.6250 0.3333 0.6250 0.5000 0.6667 0.5000 0.6667 0.4167 0.6250 0.4167 0.6250 0.5833 0.6667 0.5833 0.6667 0.5000 0.6250 0.5000 0.6250 0.6667 0.6667 0.6667 0.6667 0.5833 0.6250 0.5833 0.6250 0.7500 0.6667 0.7500 0.6667 0.6667 0.6250 0.6667 0.6250 0.8333 0.6667 0.8333 0.6667 0.7500 0.6250 0.7500 0.6250 0.9167 0.6667 0.9167 0.6667 0.8333 0.6250 0.8333 0.6667 1.0000 0.7083 1.0000 0.7083 0.9167 0.6667 0.9167 0.6667 0.0833 0.7083 0.0833 0.7083 0.0000 0.6667 0.0000 0.6667 0.1667 0.7083 0.1667 0.7083 0.0833 0.6667 0.0833 0.6667 0.2500 0.7083 0.2500 0.7083 0.1667 0.6667 0.1667 0.6667 0.3333 0.7083 0.3333 0.7083 0.2500 0.6667 0.2500 0.6667 0.4167 0.7083 0.4167 0.7083 0.3333 0.6667 0.3333 0.6667 0.5000 0.7083 0.5000 0.7083 0.4167 0.6667 0.4167 0.6667 0.5833 0.7083 0.5833 0.7083 0.5000 0.6667 0.5000 0.6667 0.6667 0.7083 0.6667 0.7083 0.5833 0.6667 0.5833 0.6667 0.7500 0.7083 0.7500 0.7083 0.6667 0.6667 0.6667 0.6667 0.8333 0.7083 0.8333 0.7083 0.7500 0.6667 0.7500 0.6667 0.9167 0.7083 0.9167 0.7083 0.8333 0.6667 0.8333 0.7083 1.0000 0.7500 1.0000 0.7500 0.9167 0.7083 0.9167 0.7083 0.0833 0.7500 0.0833 0.7500 0.0000 0.7083 0.0000 0.7083 0.1667 0.7500 0.1667 0.7500 0.0833 0.7083 0.0833 0.7083 0.2500 0.7500 0.2500 0.7500 0.1667 0.7083 0.1667 0.7083 0.3333 0.7500 0.3333 0.7500 0.2500 0.7083 0.2500 0.7083 0.4167 0.7500 0.4167 0.7500 0.3333 0.7083 0.3333 0.7083 0.5000 0.7500 0.5000 0.7500 0.4167 0.7083 0.4167 0.7083 0.5833 0.7500 0.5833 0.7500 0.5000 0.7083 0.5000 0.7083 0.6667 0.7500 0.6667 0.7500 0.5833 0.7083 0.5833 0.7083 0.7500 0.7500 0.7500 0.7500 0.6667 0.7083 0.6667 0.7083 0.8333 0.7500 0.8333 0.7500 0.7500 0.7083 0.7500 0.7083 0.9167 0.7500 0.9167 0.7500 0.8333 0.7083 0.8333 0.7500 1.0000 0.7917 1.0000 0.7917 0.9167 0.7500 0.9167 0.7500 0.0833 0.7917 0.0833 0.7917 0.0000 0.7500 0.0000 0.7500 0.1667 0.7917 0.1667 0.7917 0.0833 0.7500 0.0833 0.7500 0.2500 0.7917 0.2500 0.7917 0.1667 0.7500 0.1667 0.7500 0.3333 0.7917 0.3333 0.7917 0.2500 0.7500 0.2500 0.7500 0.4167 0.7917 0.4167 0.7917 0.3333 0.7500 0.3333 0.7500 0.5000 0.7917 0.5000 0.7917 0.4167 0.7500 0.4167 0.7500 0.5833 0.7917 0.5833 0.7917 0.5000 0.7500 0.5000 0.7500 0.6667 0.7917 0.6667 0.7917 0.5833 0.7500 0.5833 0.7500 0.7500 0.7917 0.7500 0.7917 0.6667 0.7500 0.6667 0.7500 0.8333 0.7917 0.8333 0.7917 0.7500 0.7500 0.7500 0.7500 0.9167 0.7917 0.9167 0.7917 0.8333 0.7500 0.8333 0.7917 1.0000 1.0000 1.0000 1.0000 0.9167 0.7917 0.9167 0.7917 0.0833 1.0000 0.0833 1.0000 0.0000 0.7917 0.0000 0.7917 0.1667 1.0000 0.1667 1.0000 0.0833 0.7917 0.0833 0.7917 0.2500 1.0000 0.2500 1.0000 0.1667 0.7917 0.1667 0.7917 0.3333 1.0000 0.3333 1.0000 0.2500 0.7917 0.2500 0.7917 0.4167 1.0000 0.4167 1.0000 0.3333 0.7917 0.3333 0.7917 0.5000 1.0000 0.5000 1.0000 0.4167 0.7917 0.4167 0.7917 0.5833 1.0000 0.5833 1.0000 0.5000 0.7917 0.5000 0.7917 0.6667 1.0000 0.6667 1.0000 0.5833 0.7917 0.5833 0.7917 0.7500 1.0000 0.7500 1.0000 0.6667 0.7917 0.6667 0.7917 0.8333 1.0000 0.8333 1.0000 0.7500 0.7917 0.7500 0.7917 0.9167 1.0000 0.9167 1.0000 0.8333 0.7917 0.8333 " />
						</IndexedFaceSet>
					</Shape>
				</Group>
			</Transform>
		</Transform>
		<Transform DEF="LC-ArmPitSupport_TRANSFORM"
		           translation="-0.003254 6.721035 -1.078895"
		           scale="0.719931 0.719931 0.719931"
		           rotation="0.000000 0.707107 0.707107 3.141593"
		           >
			<Transform DEF="LC-ArmPitSupport_ifs_TRANSFORM"
			           translation="0.000000 -0.000000 0.000000"
			           scale="1.000000 1.000000 1.000000"
			           rotation="0.000000 1.000000 0.000000 0.000000"
			           >
				<Group DEF="group_ME_Sphere_003">
					<Shape>
						<Appearance>
						</Appearance>
						<IndexedFaceSet solid="false"
						                creaseAngle="0.5236"
						                texCoordIndex="0 1 2 3 -1 4 5 6 7 -1 8 9 10 11 -1 12 13 14 15 -1 16 17 18 19 -1 20 21 22 23 -1 24 25 26 -1 27 28 29 -1 30 31 32 33 -1 34 35 36 37 -1 38 39 40 41 -1 42 43 44 45 -1 46 47 48 49 -1 50 51 52 53 -1 54 55 56 57 -1 58 59 60 61 -1 62 63 64 65 -1 66 67 68 -1 69 70 71 72 -1 73 74 75 76 -1 77 78 79 80 -1 81 82 83 -1 84 85 86 87 -1 88 89 90 91 -1 92 93 94 95 -1 96 97 98 99 -1 100 101 102 103 -1 104 105 106 107 -1 108 109 110 111 -1 112 113 114 115 -1 116 117 118 119 -1 120 121 122 -1 123 124 125 126 -1 127 128 129 130 -1 131 132 133 134 -1 135 136 137 138 -1 139 140 141 142 -1 143 144 145 146 -1 147 148 149 150 -1 151 152 153 154 -1 155 156 157 158 -1 159 160 161 -1 162 163 164 165 -1 166 167 168 169 -1 170 171 172 -1 173 174 175 176 -1 177 178 179 180 -1 181 182 183 184 -1 185 186 187 188 -1 189 190 191 192 -1 193 194 195 196 -1 197 198 199 200 -1 201 202 203 204 -1 205 206 207 208 -1 209 210 211 -1 212 213 214 215 -1 216 217 218 219 -1 220 221 222 223 -1 224 225 226 227 -1 228 229 230 231 -1 232 233 234 -1 235 236 237 238 -1 239 240 241 242 -1 243 244 245 -1 246 247 248 249 -1 250 251 252 253 -1 254 255 256 257 -1 258 259 260 261 -1 262 263 264 265 -1 266 267 268 269 -1 270 271 272 273 -1 274 275 276 277 -1 278 279 280 281 -1 282 283 284 -1 285 286 287 288 -1 289 290 291 292 -1 293 294 295 296 -1 297 298 299 -1 300 301 302 303 -1 304 305 306 307 -1 308 309 310 311 -1 312 313 314 315 -1 316 317 318 319 -1 320 321 322 323 -1 324 325 326 327 -1 328 329 330 331 -1 332 333 334 335 -1 336 337 338 -1 339 340 341 342 -1 343 344 345 346 -1 347 348 349 350 -1 351 352 353 354 -1 355 356 357 358 -1 359 360 361 362 -1 363 364 365 366 -1 367 368 369 370 -1 371 372 373 374 -1 375 376 377 -1 378 379 380 381 -1 382 383 384 385 -1 386 387 388 -1 389 390 391 392 -1 393 394 395 396 -1 397 398 399 400 -1 401 402 403 404 -1 405 406 407 408 -1 409 410 411 412 -1 413 414 415 416 -1 417 418 419 420 -1 421 422 423 424 -1 425 426 427 428 -1 429 430 431 -1 432 433 434 435 -1 436 437 438 439 -1 440 441 442 443 -1 444 445 446 447 -1 448 449 450 451 -1 452 453 454 455 -1 456 457 458 459 -1 460 461 462 463 -1 464 465 466 467 -1 468 469 470 471 -1 472 473 474 475 -1 476 477 478 479 -1 480 481 482 483 -1 484 485 486 487 -1 488 489 490 491 -1 492 493 494 495 -1 496 497 498 499 -1 500 501 502 503 -1 504 505 506 507 -1 508 509 510 511 -1 512 513 514 515 -1 516 517 518 519 -1 520 521 522 -1 523 524 525 -1 526 527 528 529 -1 530 531 532 533 -1 534 535 536 537 -1 538 539 540 541 -1 542 543 544 545 -1 546 547 548 549 -1 550 551 552 553 -1 554 555 556 557 -1 558 559 560 561 -1 562 563 564 -1 565 566 567 568 -1 569 570 571 572 -1 573 574 575 576 -1 577 578 579 -1 580 581 582 583 -1 584 585 586 587 -1 588 589 590 591 -1 592 593 594 595 -1 596 597 598 599 -1 600 601 602 603 -1 604 605 606 607 -1 608 609 610 611 -1 612 613 614 615 -1 616 617 618 -1 619 620 621 622 -1 623 624 625 626 -1 627 628 629 630 -1 631 632 633 634 -1 635 636 637 638 -1 639 640 641 642 -1 643 644 645 646 -1 647 648 649 650 -1 651 652 653 654 -1 655 656 657 -1 658 659 660 661 -1 662 663 664 665 -1 666 667 668 -1 669 670 671 672 -1 673 674 675 676 -1 677 678 679 680 -1 681 682 683 684 -1 685 686 687 688 -1 689 690 691 692 -1 693 694 695 696 -1 697 698 699 700 -1 701 702 703 704 -1 705 706 707 -1 708 709 710 711 -1 712 713 714 715 -1 716 717 718 719 -1 720 721 722 723 -1 724 725 726 727 -1 728 729 730 -1 731 732 733 734 -1 735 736 737 738 -1 739 740 741 -1 742 743 744 745 -1 746 747 748 749 -1 750 751 752 753 -1 754 755 756 757 -1 758 759 760 761 -1 762 763 764 765 -1 766 767 768 769 -1 770 771 772 773 -1 774 775 776 777 -1 778 779 780 -1 781 782 783 784 -1 785 786 787 788 -1 789 790 791 792 -1 793 794 795 -1 796 797 798 799 -1 800 801 802 803 -1 804 805 806 807 -1 808 809 810 811 -1 812 813 814 815 -1 816 817 818 819 -1 820 821 822 823 -1 824 825 826 827 -1 828 829 830 831 -1 832 833 834 -1 835 836 837 838 -1 839 840 841 842 -1 843 844 845 846 -1 847 848 849 850 -1 851 852 853 854 -1 855 856 857 858 -1 859 860 861 862 -1 863 864 865 866 -1 867 868 869 870 -1 871 872 873 -1 874 875 876 877 -1 878 879 880 881 -1 882 883 884 -1 885 886 887 888 -1 889 890 891 892 -1 893 894 895 896 -1 897 898 899 900 -1 901 902 903 904 -1 905 906 907 908 -1 909 910 911 912 -1 913 914 915 916 -1 917 918 919 920 -1 921 922 923 924 -1 925 926 927 -1 928 929 930 931 -1 932 933 934 935 -1 936 937 938 939 -1 940 941 942 943 -1 944 945 946 947 -1 948 949 950 951 -1 952 953 954 955 -1 956 957 958 959 -1 960 961 962 963 -1 964 965 966 967 -1 968 969 970 971 -1 972 973 974 975 -1 976 977 978 979 -1 980 981 982 983 -1 984 985 986 987 -1 988 989 990 991 -1 992 993 994 995 -1 996 997 998 999 -1 1000 1001 1002 1003 -1 1004 1005 1006 1007 -1 1008 1009 1010 1011 -1 1012 1013 1014 1015 -1 1016 1017 1018 1019 -1 1020 1021 1022 1023 -1 1024 1025 1026 1027 -1 1028 1029 1030 1031 -1 1032 1033 1034 1035 -1 1036 1037 1038 1039 -1 1040 1041 1042 1043 -1 1044 1045 1046 1047 -1 1048 1049 1050 1051 -1 1052 1053 1054 1055 -1 1056 1057 1058 1059 -1 1060 1061 1062 1063 -1 1064 1065 1066 1067 -1 1068 1069 1070 1071 -1 1072 1073 1074 1075 -1 1076 1077 1078 1079 -1 1080 1081 1082 1083 -1 1084 1085 1086 1087 -1 1088 1089 1090 1091 -1 1092 1093 1094 1095 -1 1096 1097 1098 1099 -1 1100 1101 1102 1103 -1 1104 1105 1106 1107 -1 1108 1109 1110 1111 -1 1112 1113 1114 1115 -1 1116 1117 1118 1119 -1 1120 1121 1122 1123 -1 1124 1125 1126 1127 -1 1128 1129 1130 1131 -1 1132 1133 1134 1135 -1 1136 1137 1138 1139 -1 1140 1141 1142 1143 -1 1144 1145 1146 1147 -1 1148 1149 1150 1151 -1 1152 1153 1154 1155 -1 1156 1157 1158 1159 -1 1160 1161 1162 1163 -1 1164 1165 1166 1167 -1 1168 1169 1170 1171 -1 1172 1173 1174 1175 -1 1176 1177 1178 1179 -1 1180 1181 1182 1183 -1 1184 1185 1186 1187 -1 1188 1189 1190 1191 -1 1192 1193 1194 1195 -1 1196 1197 1198 1199 -1 1200 1201 1202 1203 -1 1204 1205 1206 1207 -1 1208 1209 1210 1211 -1 1212 1213 1214 1215 -1 1216 1217 1218 1219 -1 1220 1221 1222 1223 -1 1224 1225 1226 1227 -1 1228 1229 1230 1231 -1 1232 1233 1234 1235 -1 1236 1237 1238 1239 -1 1240 1241 1242 1243 -1 1244 1245 1246 1247 -1 1248 1249 1250 1251 -1 1252 1253 1254 1255 -1 1256 1257 1258 1259 -1 1260 1261 1262 1263 -1 1264 1265 1266 1267 -1 1268 1269 1270 1271 -1 1272 1273 1274 1275 -1 1276 1277 1278 1279 -1 1280 1281 1282 1283 -1 1284 1285 1286 1287 -1 1288 1289 1290 1291 -1 1292 1293 1294 1295 -1 1296 1297 1298 1299 -1 1300 1301 1302 1303 -1 1304 1305 1306 1307 -1 1308 1309 1310 1311 -1 1312 1313 1314 1315 -1 1316 1317 1318 1319 -1 1320 1321 1322 1323 -1 1324 1325 1326 1327 -1 1328 1329 1330 1331 -1 1332 1333 1334 1335 -1 1336 1337 1338 1339 -1 1340 1341 1342 1343 -1 1344 1345 1346 1347 -1 1348 1349 1350 1351 -1 1352 1353 1354 1355 -1 1356 1357 1358 1359 -1 1360 1361 1362 1363 -1 1364 1365 1366 1367 -1 1368 1369 1370 1371 -1 1372 1373 1374 1375 -1 1376 1377 1378 1379 1380 1381 1382 1383 1384 1385 1386 1387 1388 1389 1390 1391 1392 -1 1393 1394 1395 1396 -1 1397 1398 1399 1400 -1 1401 1402 1403 1404 -1 1405 1406 1407 1408 -1 1409 1410 1411 1412 -1 1413 1414 1415 1416 -1 1417 1418 1419 1420 1421 1422 1423 1424 1425 1426 1427 1428 1429 1430 1431 1432 1433 -1 "
						                coordIndex="1 0 7 8 -1 2 1 8 9 -1 3 2 9 10 -1 4 3 10 11 -1 5 4 11 12 -1 6 5 12 13 -1 0 63 7 -1 7 63 14 -1 8 7 14 15 -1 9 8 15 16 -1 10 9 16 17 -1 11 10 17 18 -1 12 11 18 19 -1 13 12 19 20 -1 18 17 24 25 -1 19 18 25 26 -1 20 19 26 27 -1 14 63 21 -1 15 14 21 22 -1 16 15 22 23 -1 17 16 23 24 -1 21 63 28 -1 22 21 28 29 -1 23 22 29 30 -1 24 23 30 31 -1 25 24 31 32 -1 26 25 32 33 -1 27 26 33 34 -1 32 31 38 39 -1 33 32 39 40 -1 34 33 40 41 -1 28 63 35 -1 29 28 35 36 -1 30 29 36 37 -1 31 30 37 38 -1 36 35 42 43 -1 37 36 43 44 -1 38 37 44 45 -1 39 38 45 46 -1 40 39 46 47 -1 41 40 47 48 -1 35 63 42 -1 47 46 53 54 -1 48 47 54 55 -1 42 63 49 -1 43 42 49 50 -1 44 43 50 51 -1 45 44 51 52 -1 46 45 52 53 -1 51 50 57 58 -1 52 51 58 59 -1 53 52 59 60 -1 54 53 60 61 -1 55 54 61 62 -1 49 63 56 -1 50 49 56 57 -1 67 66 73 74 -1 68 67 74 75 -1 69 68 75 76 -1 70 69 76 77 -1 64 63 71 -1 65 64 71 72 -1 66 65 72 73 -1 71 63 78 -1 72 71 78 79 -1 73 72 79 80 -1 74 73 80 81 -1 75 74 81 82 -1 76 75 82 83 -1 77 76 83 84 -1 82 81 88 89 -1 83 82 89 90 -1 84 83 90 91 -1 78 63 85 -1 79 78 85 86 -1 80 79 86 87 -1 81 80 87 88 -1 85 63 92 -1 86 85 92 93 -1 87 86 93 94 -1 88 87 94 95 -1 89 88 95 96 -1 90 89 96 97 -1 91 90 97 98 -1 96 95 102 103 -1 97 96 103 104 -1 98 97 104 105 -1 92 63 99 -1 93 92 99 100 -1 94 93 100 101 -1 95 94 101 102 -1 100 99 106 107 -1 101 100 107 108 -1 102 101 108 109 -1 103 102 109 110 -1 104 103 110 111 -1 105 104 111 112 -1 99 63 106 -1 111 110 117 118 -1 112 111 118 119 -1 106 63 113 -1 107 106 113 114 -1 108 107 114 115 -1 109 108 115 116 -1 110 109 116 117 -1 114 113 0 1 -1 115 114 1 2 -1 116 115 2 3 -1 117 116 3 4 -1 118 117 4 5 -1 119 118 5 6 -1 113 63 0 -1 119 6 120 136 -1 105 112 135 134 -1 41 48 126 125 -1 77 84 131 130 -1 112 119 136 135 -1 13 20 122 121 -1 84 91 132 131 -1 6 13 121 120 -1 48 55 127 126 -1 20 27 123 122 -1 91 98 133 132 -1 55 62 128 127 -1 27 34 124 123 -1 98 105 134 133 -1 70 77 130 129 -1 34 41 125 124 -1 138 137 144 145 -1 139 138 145 146 -1 140 139 146 147 -1 141 140 147 148 -1 142 141 148 149 -1 143 142 149 150 -1 137 200 144 -1 144 200 151 -1 145 144 151 152 -1 146 145 152 153 -1 147 146 153 154 -1 148 147 154 155 -1 149 148 155 156 -1 150 149 156 157 -1 155 154 161 162 -1 156 155 162 163 -1 157 156 163 164 -1 151 200 158 -1 152 151 158 159 -1 153 152 159 160 -1 154 153 160 161 -1 158 200 165 -1 159 158 165 166 -1 160 159 166 167 -1 161 160 167 168 -1 162 161 168 169 -1 163 162 169 170 -1 164 163 170 171 -1 169 168 175 176 -1 170 169 176 177 -1 171 170 177 178 -1 165 200 172 -1 166 165 172 173 -1 167 166 173 174 -1 168 167 174 175 -1 173 172 179 180 -1 174 173 180 181 -1 175 174 181 182 -1 176 175 182 183 -1 177 176 183 184 -1 178 177 184 185 -1 172 200 179 -1 184 183 190 191 -1 185 184 191 192 -1 179 200 186 -1 180 179 186 187 -1 181 180 187 188 -1 182 181 188 189 -1 183 182 189 190 -1 188 187 194 195 -1 189 188 195 196 -1 190 189 196 197 -1 191 190 197 198 -1 192 191 198 199 -1 186 200 193 -1 187 186 193 194 -1 204 203 210 211 -1 205 204 211 212 -1 206 205 212 213 -1 207 206 213 214 -1 201 200 208 -1 202 201 208 209 -1 203 202 209 210 -1 208 200 215 -1 209 208 215 216 -1 210 209 216 217 -1 211 210 217 218 -1 212 211 218 219 -1 213 212 219 220 -1 214 213 220 221 -1 219 218 225 226 -1 220 219 226 227 -1 221 220 227 228 -1 215 200 222 -1 216 215 222 223 -1 217 216 223 224 -1 218 217 224 225 -1 222 200 229 -1 223 222 229 230 -1 224 223 230 231 -1 225 224 231 232 -1 226 225 232 233 -1 227 226 233 234 -1 228 227 234 235 -1 233 232 239 240 -1 234 233 240 241 -1 235 234 241 242 -1 229 200 236 -1 230 229 236 237 -1 231 230 237 238 -1 232 231 238 239 -1 237 236 243 244 -1 238 237 244 245 -1 239 238 245 246 -1 240 239 246 247 -1 241 240 247 248 -1 242 241 248 249 -1 236 200 243 -1 248 247 254 255 -1 249 248 255 256 -1 243 200 250 -1 244 243 250 251 -1 245 244 251 252 -1 246 245 252 253 -1 247 246 253 254 -1 251 250 137 138 -1 252 251 138 139 -1 253 252 139 140 -1 254 253 140 141 -1 255 254 141 142 -1 256 255 142 143 -1 250 200 137 -1 256 143 257 273 -1 242 249 272 271 -1 178 185 263 262 -1 214 221 268 267 -1 249 256 273 272 -1 150 157 259 258 -1 221 228 269 268 -1 143 150 258 257 -1 185 192 264 263 -1 157 164 260 259 -1 228 235 270 269 -1 192 199 265 264 -1 164 171 261 260 -1 235 242 271 270 -1 207 214 267 266 -1 171 178 262 261 -1 265 199 315 349 -1 206 207 274 344 -1 57 56 319 325 -1 200 201 320 280 -1 64 65 289 285 -1 58 57 325 330 -1 65 66 294 289 -1 59 58 330 335 -1 66 67 299 294 -1 193 200 280 284 -1 60 59 335 340 -1 67 68 304 299 -1 56 63 279 319 -1 61 60 340 345 -1 68 69 309 304 -1 70 129 350 314 -1 194 193 284 290 -1 199 198 310 315 -1 201 202 324 320 -1 195 194 290 295 -1 63 64 285 279 -1 69 70 314 309 -1 202 203 329 324 -1 62 61 345 275 -1 196 195 295 300 -1 203 204 334 329 -1 197 196 300 305 -1 204 205 339 334 -1 207 266 355 274 -1 198 197 305 310 -1 205 206 344 339 -1 285 289 291 288 -1 288 291 292 287 -1 287 292 293 286 -1 286 293 290 284 -1 289 294 296 291 -1 291 296 297 292 -1 292 297 298 293 -1 293 298 295 290 -1 294 299 301 296 -1 296 301 302 297 -1 297 302 303 298 -1 298 303 300 295 -1 299 304 306 301 -1 301 306 307 302 -1 302 307 308 303 -1 303 308 305 300 -1 304 309 311 306 -1 306 311 312 307 -1 307 312 313 308 -1 308 313 310 305 -1 309 314 316 311 -1 311 316 317 312 -1 312 317 318 313 -1 313 318 315 310 -1 320 324 326 323 -1 323 326 327 322 -1 322 327 328 321 -1 321 328 325 319 -1 324 329 331 326 -1 326 331 332 327 -1 327 332 333 328 -1 328 333 330 325 -1 329 334 336 331 -1 331 336 337 332 -1 332 337 338 333 -1 333 338 335 330 -1 334 339 341 336 -1 336 341 342 337 -1 337 342 343 338 -1 338 343 340 335 -1 339 344 346 341 -1 341 346 347 342 -1 342 347 348 343 -1 343 348 345 340 -1 314 350 353 316 -1 316 353 352 317 -1 317 352 351 318 -1 318 351 349 315 -1 344 274 276 346 -1 346 276 277 347 -1 347 277 278 348 -1 348 278 275 345 -1 280 320 323 283 -1 283 323 322 282 -1 282 322 321 281 -1 281 321 319 279 -1 279 285 288 281 -1 281 288 287 282 -1 282 287 286 283 -1 283 286 284 280 -1 274 355 358 276 -1 276 358 357 277 -1 277 357 356 278 -1 278 356 354 275 -1 128 62 275 354 -1 121 122 123 124 125 126 127 128 129 130 131 132 133 134 135 136 120 -1 354 350 129 128 -1 350 354 356 353 -1 353 356 357 352 -1 352 357 358 351 -1 351 358 355 349 -1 266 265 349 355 -1 258 259 260 261 262 263 264 265 266 267 268 269 270 271 272 273 257 -1 "
						                >
							<Coordinate DEF="coords_ME_Sphere_003"
							            point="-0.000000 0.726118 0.112137 -0.000000 0.761761 0.101325 -0.000000 0.794610 0.083767 -0.000000 0.823402 0.060138 -0.000000 0.847031 0.031346 -0.000000 0.864588 -0.001503 -0.000000 0.875400 -0.037145 0.007231 0.725406 0.112137 0.014185 0.760364 0.101325 0.020593 0.792581 0.083767 0.026210 0.820820 0.060138 0.030820 0.843995 0.031346 0.034246 0.861215 -0.001503 0.036355 0.871820 -0.037145 0.014185 0.723297 0.112137 0.027825 0.756226 0.101325 0.040395 0.786574 0.083767 0.051414 0.813175 0.060138 0.060456 0.835005 0.031346 0.067175 0.851226 -0.001503 0.071313 0.861215 -0.037145 0.020593 0.719871 0.112137 0.040395 0.749507 0.101325 0.058645 0.776820 0.083767 0.074641 0.800759 0.060138 0.087769 0.820406 0.031346 0.097523 0.835005 -0.001503 0.103530 0.843995 -0.037145 0.026210 0.715262 0.112137 0.051414 0.740465 0.101325 0.074641 0.763692 0.083767 0.095000 0.784051 0.060138 0.111708 0.800759 0.031346 0.124124 0.813175 -0.001503 0.131769 0.820820 -0.037145 0.030820 0.709645 0.112137 0.060456 0.729447 0.101325 0.087769 0.747696 0.083767 0.111708 0.763692 0.060138 0.131355 0.776820 0.031346 0.145954 0.786574 -0.001503 0.154944 0.792581 -0.037145 0.034246 0.703236 0.112137 0.067175 0.716876 0.101325 0.097523 0.729447 0.083767 0.124124 0.740465 0.060138 0.145954 0.749507 0.031346 0.162175 0.756226 -0.001503 0.172164 0.760364 -0.037145 0.036355 0.696283 0.112137 0.071313 0.703236 0.101325 0.103530 0.709645 0.083767 0.131769 0.715262 0.060138 0.154944 0.719871 0.031346 0.172164 0.723297 -0.001503 0.182769 0.725406 -0.037145 0.037067 0.689051 0.112137 0.072710 0.689051 0.101325 0.105558 0.689051 0.083767 0.134350 0.689051 0.060138 0.157979 0.689051 0.031346 0.175537 0.689051 -0.001503 0.186349 0.689051 -0.037145 -0.000000 0.689051 0.115787 -0.037067 0.689051 0.112137 -0.072710 0.689051 0.101325 -0.105558 0.689051 0.083767 -0.134350 0.689051 0.060138 -0.157979 0.689051 0.031346 -0.175537 0.689051 -0.001503 -0.186349 0.689051 -0.037145 -0.036355 0.696283 0.112137 -0.071313 0.703236 0.101325 -0.103530 0.709645 0.083767 -0.131769 0.715262 0.060138 -0.154944 0.719871 0.031346 -0.172164 0.723297 -0.001503 -0.182769 0.725406 -0.037145 -0.034246 0.703236 0.112137 -0.067175 0.716876 0.101325 -0.097523 0.729447 0.083767 -0.124124 0.740465 0.060138 -0.145954 0.749507 0.031346 -0.162175 0.756226 -0.001503 -0.172164 0.760364 -0.037145 -0.030820 0.709645 0.112137 -0.060456 0.729447 0.101325 -0.087769 0.747696 0.083767 -0.111708 0.763692 0.060138 -0.131355 0.776820 0.031346 -0.145954 0.786574 -0.001503 -0.154944 0.792581 -0.037145 -0.026210 0.715262 0.112137 -0.051414 0.740465 0.101325 -0.074641 0.763692 0.083767 -0.095000 0.784051 0.060138 -0.111708 0.800759 0.031346 -0.124123 0.813175 -0.001503 -0.131769 0.820820 -0.037145 -0.020593 0.719871 0.112137 -0.040395 0.749507 0.101325 -0.058645 0.776820 0.083767 -0.074641 0.800759 0.060138 -0.087768 0.820406 0.031346 -0.097523 0.835005 -0.001503 -0.103530 0.843995 -0.037145 -0.014185 0.723297 0.112137 -0.027825 0.756226 0.101325 -0.040395 0.786574 0.083767 -0.051414 0.813175 0.060138 -0.060456 0.835005 0.031346 -0.067175 0.851226 -0.001503 -0.071313 0.861215 -0.037145 -0.007231 0.725406 0.112137 -0.014185 0.760364 0.101325 -0.020593 0.792581 0.083767 -0.026210 0.820820 0.060138 -0.030820 0.843995 0.031346 -0.034246 0.861215 -0.001503 -0.036355 0.871820 -0.037145 -0.000000 0.875400 -0.188209 0.036355 0.871820 -0.188209 0.071313 0.861215 -0.188209 0.103530 0.843995 -0.188209 0.131769 0.820820 -0.188209 0.154944 0.792581 -0.188209 0.172164 0.760364 -0.188209 0.182769 0.725406 -0.188209 0.186349 0.689051 -0.190784 -0.186349 0.689051 -0.190784 -0.182769 0.725406 -0.188209 -0.172164 0.760364 -0.188209 -0.154944 0.792581 -0.188209 -0.131769 0.820820 -0.188209 -0.103530 0.843995 -0.188209 -0.071313 0.861215 -0.188209 -0.036355 0.871820 -0.188209 0.000000 -0.726118 0.112137 0.000000 -0.761761 0.101325 0.000000 -0.794609 0.083767 0.000000 -0.823401 0.060138 0.000000 -0.847030 0.031346 0.000000 -0.864588 -0.001503 0.000000 -0.875400 -0.037145 -0.007231 -0.725406 0.112137 -0.014185 -0.760364 0.101325 -0.020593 -0.792581 0.083767 -0.026210 -0.820820 0.060138 -0.030820 -0.843995 0.031346 -0.034246 -0.861215 -0.001503 -0.036355 -0.871819 -0.037145 -0.014185 -0.723297 0.112137 -0.027825 -0.756226 0.101325 -0.040395 -0.786574 0.083767 -0.051414 -0.813174 0.060138 -0.060456 -0.835005 0.031346 -0.067175 -0.851226 -0.001503 -0.071313 -0.861215 -0.037145 -0.020593 -0.719871 0.112137 -0.040395 -0.749507 0.101325 -0.058645 -0.776819 0.083767 -0.074641 -0.800759 0.060138 -0.087769 -0.820406 0.031346 -0.097523 -0.835005 -0.001503 -0.103530 -0.843995 -0.037145 -0.026210 -0.715261 0.112137 -0.051414 -0.740465 0.101325 -0.074641 -0.763692 0.083767 -0.095000 -0.784051 0.060138 -0.111708 -0.800759 0.031346 -0.124123 -0.813174 -0.001503 -0.131769 -0.820820 -0.037145 -0.030820 -0.709644 0.112137 -0.060456 -0.729446 0.101325 -0.087769 -0.747696 0.083767 -0.111708 -0.763692 0.060138 -0.131355 -0.776819 0.031346 -0.145954 -0.786574 -0.001503 -0.154944 -0.792581 -0.037145 -0.034246 -0.703236 0.112137 -0.067175 -0.716876 0.101325 -0.097523 -0.729446 0.083767 -0.124124 -0.740465 0.060138 -0.145954 -0.749507 0.031346 -0.162175 -0.756226 -0.001503 -0.172164 -0.760364 -0.037145 -0.036355 -0.696282 0.112137 -0.071313 -0.703236 0.101325 -0.103530 -0.709644 0.083767 -0.131769 -0.715261 0.060138 -0.154944 -0.719871 0.031346 -0.172164 -0.723297 -0.001503 -0.182769 -0.725406 -0.037145 -0.037067 -0.689051 0.112137 -0.072710 -0.689051 0.101325 -0.105558 -0.689051 0.083767 -0.134350 -0.689051 0.060138 -0.157979 -0.689051 0.031346 -0.175537 -0.689051 -0.001503 -0.186349 -0.689051 -0.037145 0.000000 -0.689051 0.115787 0.037067 -0.689051 0.112137 0.072710 -0.689051 0.101325 0.105558 -0.689051 0.083767 0.134350 -0.689051 0.060138 0.157979 -0.689051 0.031346 0.175537 -0.689051 -0.001503 0.186349 -0.689051 -0.037145 0.036355 -0.696282 0.112137 0.071313 -0.703236 0.101325 0.103530 -0.709644 0.083767 0.131769 -0.715261 0.060138 0.154944 -0.719871 0.031346 0.172164 -0.723296 -0.001503 0.182769 -0.725406 -0.037145 0.034246 -0.703236 0.112137 0.067175 -0.716876 0.101325 0.097523 -0.729446 0.083767 0.124124 -0.740464 0.060138 0.145954 -0.749507 0.031346 0.162175 -0.756226 -0.001503 0.172164 -0.760364 -0.037145 0.030820 -0.709644 0.112137 0.060456 -0.729446 0.101325 0.087769 -0.747696 0.083767 0.111708 -0.763692 0.060138 0.131355 -0.776819 0.031346 0.145954 -0.786574 -0.001503 0.154944 -0.792581 -0.037145 0.026210 -0.715261 0.112137 0.051414 -0.740464 0.101325 0.074641 -0.763692 0.083767 0.095000 -0.784051 0.060138 0.111708 -0.800759 0.031346 0.124123 -0.813174 -0.001503 0.131769 -0.820820 -0.037145 0.020593 -0.719871 0.112137 0.040395 -0.749507 0.101325 0.058645 -0.776819 0.083767 0.074641 -0.800759 0.060138 0.087769 -0.820406 0.031346 0.097523 -0.835005 -0.001503 0.103530 -0.843994 -0.037145 0.014185 -0.723297 0.112137 0.027825 -0.756226 0.101325 0.040395 -0.786574 0.083767 0.051414 -0.813174 0.060138 0.060456 -0.835005 0.031346 0.067175 -0.851226 -0.001503 0.071313 -0.861215 -0.037145 0.007231 -0.725406 0.112137 0.014185 -0.760364 0.101325 0.020593 -0.792581 0.083767 0.026210 -0.820820 0.060138 0.030820 -0.843994 0.031346 0.034246 -0.861215 -0.001503 0.036355 -0.871819 -0.037145 0.000000 -0.875400 -0.188209 -0.036355 -0.871819 -0.188209 -0.071313 -0.861215 -0.188209 -0.103530 -0.843995 -0.188209 -0.131769 -0.820820 -0.188209 -0.154944 -0.792581 -0.188209 -0.172164 -0.760364 -0.188209 -0.182769 -0.725406 -0.188209 -0.186349 -0.689051 -0.190784 0.186349 -0.689051 -0.190784 0.182769 -0.725406 -0.188209 0.172164 -0.760364 -0.188209 0.154944 -0.792581 -0.188209 0.131769 -0.820820 -0.188209 0.103530 -0.843994 -0.188209 0.071313 -0.861215 -0.188209 0.036355 -0.871819 -0.188209 0.186349 -0.439431 -0.073189 0.186349 0.439431 -0.073189 0.186349 -0.237818 -0.092641 0.186349 0.000000 -0.099472 0.186349 0.237818 -0.092641 -0.000000 0.437953 0.079530 0.000000 -0.437953 0.079530 -0.000000 0.237019 0.060144 -0.000000 0.000000 0.053336 -0.000000 -0.237018 0.060144 -0.037067 -0.438011 0.075888 -0.037067 0.438011 0.075888 -0.037067 -0.237050 0.056499 -0.037067 0.000000 0.049690 -0.037067 0.237050 0.056499 -0.072710 0.438176 0.065099 -0.072710 -0.438175 0.065100 -0.072710 0.237139 0.045703 -0.072710 0.000000 0.038892 -0.072710 -0.237139 0.045703 -0.105558 0.438423 0.047577 -0.105558 -0.438423 0.047577 -0.105558 0.237273 0.028170 -0.105558 0.000000 0.021355 -0.105558 -0.237273 0.028170 -0.134350 0.438716 0.023991 -0.134350 -0.438716 0.023991 -0.134350 0.237431 0.004570 -0.134350 0.000000 -0.002249 -0.134350 -0.237431 0.004570 -0.157979 0.439010 -0.004759 -0.157979 -0.439010 -0.004759 -0.157979 0.237591 -0.024192 -0.157979 0.000000 -0.031016 -0.157979 -0.237590 -0.024192 -0.175537 0.439261 -0.037571 -0.175537 -0.439261 -0.037571 -0.175537 0.237727 -0.057015 -0.175537 0.000000 -0.063843 -0.175537 -0.237726 -0.057015 -0.186349 0.439431 -0.073189 -0.186349 -0.439431 -0.073189 -0.186349 0.237818 -0.092641 -0.186349 0.000000 -0.099472 -0.186349 -0.237818 -0.092641 0.037067 0.438011 0.075888 0.037067 -0.438011 0.075888 0.037067 0.237050 0.056499 0.037067 0.000000 0.049690 0.037067 -0.237050 0.056499 0.072710 -0.438176 0.065100 0.072710 0.438176 0.065099 0.072710 -0.237139 0.045703 0.072710 0.000000 0.038892 0.072710 0.237139 0.045703 0.105558 -0.438423 0.047577 0.105558 0.438423 0.047577 0.105558 -0.237273 0.028170 0.105558 0.000000 0.021355 0.105558 0.237273 0.028170 0.134350 -0.438716 0.023991 0.134350 0.438716 0.023991 0.134350 -0.237431 0.004570 0.134350 0.000000 -0.002249 0.134350 0.237431 0.004570 0.157979 -0.439010 -0.004759 0.157979 0.439010 -0.004759 0.157979 -0.237590 -0.024192 0.157979 0.000000 -0.031016 0.157979 0.237591 -0.024192 0.175537 -0.439261 -0.037571 0.175537 0.439261 -0.037571 0.175537 -0.237726 -0.057015 0.175537 0.000000 -0.063843 0.175537 0.237727 -0.057015 -0.186349 -0.439491 -0.224244 -0.186349 0.439491 -0.224244 -0.186349 -0.237851 -0.243699 -0.186349 0.000000 -0.250530 -0.186349 0.237851 -0.243699 0.186349 0.439491 -0.224244 0.186349 -0.439491 -0.224244 0.186349 0.237851 -0.243699 0.186349 0.000000 -0.250530 0.186349 -0.237851 -0.243699 "
							            />
							<TextureCoordinate point="0.7500 0.8750 0.7500 0.9375 0.7187 0.9375 0.7188 0.8750 0.7500 0.8125 0.7500 0.8750 0.7188 0.8750 0.7188 0.8125 0.7500 0.7500 0.7500 0.8125 0.7188 0.8125 0.7188 0.7500 0.7500 0.6875 0.7500 0.7500 0.7188 0.7500 0.7188 0.6875 0.7500 0.6250 0.7500 0.6875 0.7188 0.6875 0.7188 0.6250 0.7500 0.5625 0.7500 0.6250 0.7188 0.6250 0.7188 0.5625 0.7500 0.9375 0.7344 1.0000 0.7187 0.9375 0.7187 0.9375 0.7031 1.0000 0.6875 0.9375 0.7188 0.8750 0.7187 0.9375 0.6875 0.9375 0.6875 0.8750 0.7188 0.8125 0.7188 0.8750 0.6875 0.8750 0.6875 0.8125 0.7188 0.7500 0.7188 0.8125 0.6875 0.8125 0.6875 0.7500 0.7188 0.6875 0.7188 0.7500 0.6875 0.7500 0.6875 0.6875 0.7188 0.6250 0.7188 0.6875 0.6875 0.6875 0.6875 0.6250 0.7188 0.5625 0.7188 0.6250 0.6875 0.6250 0.6875 0.5625 0.6875 0.6875 0.6875 0.7500 0.6562 0.7500 0.6562 0.6875 0.6875 0.6250 0.6875 0.6875 0.6562 0.6875 0.6562 0.6250 0.6875 0.5625 0.6875 0.6250 0.6562 0.6250 0.6562 0.5625 0.6875 0.9375 0.6719 1.0000 0.6562 0.9375 0.6875 0.8750 0.6875 0.9375 0.6562 0.9375 0.6562 0.8750 0.6875 0.8125 0.6875 0.8750 0.6562 0.8750 0.6562 0.8125 0.6875 0.7500 0.6875 0.8125 0.6562 0.8125 0.6562 0.7500 0.6562 0.9375 0.6406 1.0000 0.6250 0.9375 0.6562 0.8750 0.6562 0.9375 0.6250 0.9375 0.6250 0.8750 0.6562 0.8125 0.6562 0.8750 0.6250 0.8750 0.6250 0.8125 0.6562 0.7500 0.6562 0.8125 0.6250 0.8125 0.6250 0.7500 0.6562 0.6875 0.6562 0.7500 0.6250 0.7500 0.6250 0.6875 0.6562 0.6250 0.6562 0.6875 0.6250 0.6875 0.6250 0.6250 0.6562 0.5625 0.6562 0.6250 0.6250 0.6250 0.6250 0.5625 0.6250 0.6875 0.6250 0.7500 0.5937 0.7500 0.5937 0.6875 0.6250 0.6250 0.6250 0.6875 0.5937 0.6875 0.5937 0.6250 0.6250 0.5625 0.6250 0.6250 0.5937 0.6250 0.5937 0.5625 0.6250 0.9375 0.6094 1.0000 0.5937 0.9375 0.6250 0.8750 0.6250 0.9375 0.5937 0.9375 0.5937 0.8750 0.6250 0.8125 0.6250 0.8750 0.5937 0.8750 0.5937 0.8125 0.6250 0.7500 0.6250 0.8125 0.5937 0.8125 0.5937 0.7500 0.5937 0.8750 0.5937 0.9375 0.5625 0.9375 0.5625 0.8750 0.5937 0.8125 0.5937 0.8750 0.5625 0.8750 0.5625 0.8125 0.5937 0.7500 0.5937 0.8125 0.5625 0.8125 0.5625 0.7500 0.5937 0.6875 0.5937 0.7500 0.5625 0.7500 0.5625 0.6875 0.5937 0.6250 0.5937 0.6875 0.5625 0.6875 0.5625 0.6250 0.5937 0.5625 0.5937 0.6250 0.5625 0.6250 0.5625 0.5625 0.5937 0.9375 0.5781 1.0000 0.5625 0.9375 0.5625 0.6250 0.5625 0.6875 0.5312 0.6875 0.5312 0.6250 0.5625 0.5625 0.5625 0.6250 0.5312 0.6250 0.5312 0.5625 0.5625 0.9375 0.5469 1.0000 0.5312 0.9375 0.5625 0.8750 0.5625 0.9375 0.5312 0.9375 0.5312 0.8750 0.5625 0.8125 0.5625 0.8750 0.5312 0.8750 0.5312 0.8125 0.5625 0.7500 0.5625 0.8125 0.5312 0.8125 0.5312 0.7500 0.5625 0.6875 0.5625 0.7500 0.5312 0.7500 0.5312 0.6875 0.5312 0.8125 0.5312 0.8750 0.5000 0.8750 0.5000 0.8125 0.5312 0.7500 0.5312 0.8125 0.5000 0.8125 0.5000 0.7500 0.5312 0.6875 0.5312 0.7500 0.5000 0.7500 0.5000 0.6875 0.5312 0.6250 0.5312 0.6875 0.5000 0.6875 0.5000 0.6250 0.5312 0.5625 0.5312 0.6250 0.5000 0.6250 0.5000 0.5625 0.5312 0.9375 0.5156 1.0000 0.5000 0.9375 0.5312 0.8750 0.5312 0.9375 0.5000 0.9375 0.5000 0.8750 1.0000 0.7500 1.0000 0.8125 0.9688 0.8125 0.9688 0.7500 1.0000 0.6875 1.0000 0.7500 0.9688 0.7500 0.9688 0.6875 1.0000 0.6250 1.0000 0.6875 0.9688 0.6875 0.9688 0.6250 1.0000 0.5625 1.0000 0.6250 0.9688 0.6250 0.9688 0.5625 1.0000 0.9375 0.9844 1.0000 0.9688 0.9375 1.0000 0.8750 1.0000 0.9375 0.9688 0.9375 0.9688 0.8750 1.0000 0.8125 1.0000 0.8750 0.9688 0.8750 0.9688 0.8125 0.9688 0.9375 0.9531 1.0000 0.9375 0.9375 0.9688 0.8750 0.9688 0.9375 0.9375 0.9375 0.9375 0.8750 0.9688 0.8125 0.9688 0.8750 0.9375 0.8750 0.9375 0.8125 0.9688 0.7500 0.9688 0.8125 0.9375 0.8125 0.9375 0.7500 0.9688 0.6875 0.9688 0.7500 0.9375 0.7500 0.9375 0.6875 0.9688 0.6250 0.9688 0.6875 0.9375 0.6875 0.9375 0.6250 0.9688 0.5625 0.9688 0.6250 0.9375 0.6250 0.9375 0.5625 0.9375 0.6875 0.9375 0.7500 0.9062 0.7500 0.9062 0.6875 0.9375 0.6250 0.9375 0.6875 0.9062 0.6875 0.9062 0.6250 0.9375 0.5625 0.9375 0.6250 0.9062 0.6250 0.9062 0.5625 0.9375 0.9375 0.9219 1.0000 0.9063 0.9375 0.9375 0.8750 0.9375 0.9375 0.9063 0.9375 0.9063 0.8750 0.9375 0.8125 0.9375 0.8750 0.9063 0.8750 0.9062 0.8125 0.9375 0.7500 0.9375 0.8125 0.9062 0.8125 0.9062 0.7500 0.9063 0.9375 0.8906 1.0000 0.8750 0.9375 0.9063 0.8750 0.9063 0.9375 0.8750 0.9375 0.8750 0.8750 0.9062 0.8125 0.9063 0.8750 0.8750 0.8750 0.8750 0.8125 0.9062 0.7500 0.9062 0.8125 0.8750 0.8125 0.8750 0.7500 0.9062 0.6875 0.9062 0.7500 0.8750 0.7500 0.8750 0.6875 0.9062 0.6250 0.9062 0.6875 0.8750 0.6875 0.8750 0.6250 0.9062 0.5625 0.9062 0.6250 0.8750 0.6250 0.8750 0.5625 0.8750 0.6875 0.8750 0.7500 0.8438 0.7500 0.8438 0.6875 0.8750 0.6250 0.8750 0.6875 0.8438 0.6875 0.8438 0.6250 0.8750 0.5625 0.8750 0.6250 0.8438 0.6250 0.8438 0.5625 0.8750 0.9375 0.8594 1.0000 0.8438 0.9375 0.8750 0.8750 0.8750 0.9375 0.8438 0.9375 0.8438 0.8750 0.8750 0.8125 0.8750 0.8750 0.8438 0.8750 0.8438 0.8125 0.8750 0.7500 0.8750 0.8125 0.8438 0.8125 0.8438 0.7500 0.8438 0.8750 0.8438 0.9375 0.8125 0.9375 0.8125 0.8750 0.8438 0.8125 0.8438 0.8750 0.8125 0.8750 0.8125 0.8125 0.8438 0.7500 0.8438 0.8125 0.8125 0.8125 0.8125 0.7500 0.8438 0.6875 0.8438 0.7500 0.8125 0.7500 0.8125 0.6875 0.8438 0.6250 0.8438 0.6875 0.8125 0.6875 0.8125 0.6250 0.8438 0.5625 0.8438 0.6250 0.8125 0.6250 0.8125 0.5625 0.8438 0.9375 0.8281 1.0000 0.8125 0.9375 0.8125 0.6250 0.8125 0.6875 0.7812 0.6875 0.7812 0.6250 0.8125 0.5625 0.8125 0.6250 0.7812 0.6250 0.7812 0.5625 0.8125 0.9375 0.7969 1.0000 0.7812 0.9375 0.8125 0.8750 0.8125 0.9375 0.7812 0.9375 0.7812 0.8750 0.8125 0.8125 0.8125 0.8750 0.7812 0.8750 0.7812 0.8125 0.8125 0.7500 0.8125 0.8125 0.7812 0.8125 0.7812 0.7500 0.8125 0.6875 0.8125 0.7500 0.7812 0.7500 0.7812 0.6875 0.7812 0.8750 0.7812 0.9375 0.7500 0.9375 0.7500 0.8750 0.7812 0.8125 0.7812 0.8750 0.7500 0.8750 0.7500 0.8125 0.7812 0.7500 0.7812 0.8125 0.7500 0.8125 0.7500 0.7500 0.7812 0.6875 0.7812 0.7500 0.7500 0.7500 0.7500 0.6875 0.7812 0.6250 0.7812 0.6875 0.7500 0.6875 0.7500 0.6250 0.7812 0.5625 0.7812 0.6250 0.7500 0.6250 0.7500 0.5625 0.7812 0.9375 0.7656 1.0000 0.7500 0.9375 0.7812 0.5625 0.7500 0.5625 0.7500 0.5625 0.7812 0.5625 0.8438 0.5625 0.8125 0.5625 0.8125 0.5625 0.8438 0.5625 0.5937 0.5625 0.5625 0.5625 0.5625 0.5625 0.5937 0.5625 0.9688 0.5625 0.9375 0.5625 0.9375 0.5625 0.9688 0.5625 0.8125 0.5625 0.7812 0.5625 0.7812 0.5625 0.8125 0.5625 0.7188 0.5625 0.6875 0.5625 0.6875 0.5625 0.7188 0.5625 0.9375 0.5625 0.9062 0.5625 0.9062 0.5625 0.9375 0.5625 0.7500 0.5625 0.7188 0.5625 0.7188 0.5625 0.7500 0.5625 0.5625 0.5625 0.5312 0.5625 0.5312 0.5625 0.5625 0.5625 0.6875 0.5625 0.6562 0.5625 0.6562 0.5625 0.6875 0.5625 0.9062 0.5625 0.8750 0.5625 0.8750 0.5625 0.9062 0.5625 0.5312 0.5625 0.5000 0.5625 0.5000 0.5625 0.5312 0.5625 0.6562 0.5625 0.6250 0.5625 0.6250 0.5625 0.6562 0.5625 0.8750 0.5625 0.8438 0.5625 0.8438 0.5625 0.8750 0.5625 1.0000 0.5625 0.9688 0.5625 0.9688 0.5625 1.0000 0.5625 0.6250 0.5625 0.5937 0.5625 0.5937 0.5625 0.6250 0.5625 0.7500 0.8750 0.7500 0.9375 0.7187 0.9375 0.7188 0.8750 0.7500 0.8125 0.7500 0.8750 0.7188 0.8750 0.7188 0.8125 0.7500 0.7500 0.7500 0.8125 0.7188 0.8125 0.7188 0.7500 0.7500 0.6875 0.7500 0.7500 0.7188 0.7500 0.7188 0.6875 0.7500 0.6250 0.7500 0.6875 0.7188 0.6875 0.7188 0.6250 0.7500 0.5625 0.7500 0.6250 0.7188 0.6250 0.7188 0.5625 0.7500 0.9375 0.7344 1.0000 0.7187 0.9375 0.7187 0.9375 0.7031 1.0000 0.6875 0.9375 0.7188 0.8750 0.7187 0.9375 0.6875 0.9375 0.6875 0.8750 0.7188 0.8125 0.7188 0.8750 0.6875 0.8750 0.6875 0.8125 0.7188 0.7500 0.7188 0.8125 0.6875 0.8125 0.6875 0.7500 0.7188 0.6875 0.7188 0.7500 0.6875 0.7500 0.6875 0.6875 0.7188 0.6250 0.7188 0.6875 0.6875 0.6875 0.6875 0.6250 0.7188 0.5625 0.7188 0.6250 0.6875 0.6250 0.6875 0.5625 0.6875 0.6875 0.6875 0.7500 0.6562 0.7500 0.6562 0.6875 0.6875 0.6250 0.6875 0.6875 0.6562 0.6875 0.6562 0.6250 0.6875 0.5625 0.6875 0.6250 0.6562 0.6250 0.6562 0.5625 0.6875 0.9375 0.6719 1.0000 0.6562 0.9375 0.6875 0.8750 0.6875 0.9375 0.6562 0.9375 0.6562 0.8750 0.6875 0.8125 0.6875 0.8750 0.6562 0.8750 0.6562 0.8125 0.6875 0.7500 0.6875 0.8125 0.6562 0.8125 0.6562 0.7500 0.6562 0.9375 0.6406 1.0000 0.6250 0.9375 0.6562 0.8750 0.6562 0.9375 0.6250 0.9375 0.6250 0.8750 0.6562 0.8125 0.6562 0.8750 0.6250 0.8750 0.6250 0.8125 0.6562 0.7500 0.6562 0.8125 0.6250 0.8125 0.6250 0.7500 0.6562 0.6875 0.6562 0.7500 0.6250 0.7500 0.6250 0.6875 0.6562 0.6250 0.6562 0.6875 0.6250 0.6875 0.6250 0.6250 0.6562 0.5625 0.6562 0.6250 0.6250 0.6250 0.6250 0.5625 0.6250 0.6875 0.6250 0.7500 0.5937 0.7500 0.5937 0.6875 0.6250 0.6250 0.6250 0.6875 0.5937 0.6875 0.5937 0.6250 0.6250 0.5625 0.6250 0.6250 0.5937 0.6250 0.5937 0.5625 0.6250 0.9375 0.6094 1.0000 0.5937 0.9375 0.6250 0.8750 0.6250 0.9375 0.5937 0.9375 0.5937 0.8750 0.6250 0.8125 0.6250 0.8750 0.5937 0.8750 0.5937 0.8125 0.6250 0.7500 0.6250 0.8125 0.5937 0.8125 0.5937 0.7500 0.5937 0.8750 0.5937 0.9375 0.5625 0.9375 0.5625 0.8750 0.5937 0.8125 0.5937 0.8750 0.5625 0.8750 0.5625 0.8125 0.5937 0.7500 0.5937 0.8125 0.5625 0.8125 0.5625 0.7500 0.5937 0.6875 0.5937 0.7500 0.5625 0.7500 0.5625 0.6875 0.5937 0.6250 0.5937 0.6875 0.5625 0.6875 0.5625 0.6250 0.5937 0.5625 0.5937 0.6250 0.5625 0.6250 0.5625 0.5625 0.5937 0.9375 0.5781 1.0000 0.5625 0.9375 0.5625 0.6250 0.5625 0.6875 0.5312 0.6875 0.5312 0.6250 0.5625 0.5625 0.5625 0.6250 0.5312 0.6250 0.5312 0.5625 0.5625 0.9375 0.5469 1.0000 0.5312 0.9375 0.5625 0.8750 0.5625 0.9375 0.5312 0.9375 0.5312 0.8750 0.5625 0.8125 0.5625 0.8750 0.5312 0.8750 0.5312 0.8125 0.5625 0.7500 0.5625 0.8125 0.5312 0.8125 0.5312 0.7500 0.5625 0.6875 0.5625 0.7500 0.5312 0.7500 0.5312 0.6875 0.5312 0.8125 0.5312 0.8750 0.5000 0.8750 0.5000 0.8125 0.5312 0.7500 0.5312 0.8125 0.5000 0.8125 0.5000 0.7500 0.5312 0.6875 0.5312 0.7500 0.5000 0.7500 0.5000 0.6875 0.5312 0.6250 0.5312 0.6875 0.5000 0.6875 0.5000 0.6250 0.5312 0.5625 0.5312 0.6250 0.5000 0.6250 0.5000 0.5625 0.5312 0.9375 0.5156 1.0000 0.5000 0.9375 0.5312 0.8750 0.5312 0.9375 0.5000 0.9375 0.5000 0.8750 1.0000 0.7500 1.0000 0.8125 0.9688 0.8125 0.9688 0.7500 1.0000 0.6875 1.0000 0.7500 0.9688 0.7500 0.9688 0.6875 1.0000 0.6250 1.0000 0.6875 0.9688 0.6875 0.9688 0.6250 1.0000 0.5625 1.0000 0.6250 0.9688 0.6250 0.9688 0.5625 1.0000 0.9375 0.9844 1.0000 0.9688 0.9375 1.0000 0.8750 1.0000 0.9375 0.9688 0.9375 0.9688 0.8750 1.0000 0.8125 1.0000 0.8750 0.9688 0.8750 0.9688 0.8125 0.9688 0.9375 0.9531 1.0000 0.9375 0.9375 0.9688 0.8750 0.9688 0.9375 0.9375 0.9375 0.9375 0.8750 0.9688 0.8125 0.9688 0.8750 0.9375 0.8750 0.9375 0.8125 0.9688 0.7500 0.9688 0.8125 0.9375 0.8125 0.9375 0.7500 0.9688 0.6875 0.9688 0.7500 0.9375 0.7500 0.9375 0.6875 0.9688 0.6250 0.9688 0.6875 0.9375 0.6875 0.9375 0.6250 0.9688 0.5625 0.9688 0.6250 0.9375 0.6250 0.9375 0.5625 0.9375 0.6875 0.9375 0.7500 0.9062 0.7500 0.9062 0.6875 0.9375 0.6250 0.9375 0.6875 0.9062 0.6875 0.9062 0.6250 0.9375 0.5625 0.9375 0.6250 0.9062 0.6250 0.9062 0.5625 0.9375 0.9375 0.9219 1.0000 0.9063 0.9375 0.9375 0.8750 0.9375 0.9375 0.9063 0.9375 0.9063 0.8750 0.9375 0.8125 0.9375 0.8750 0.9063 0.8750 0.9062 0.8125 0.9375 0.7500 0.9375 0.8125 0.9062 0.8125 0.9062 0.7500 0.9063 0.9375 0.8906 1.0000 0.8750 0.9375 0.9063 0.8750 0.9063 0.9375 0.8750 0.9375 0.8750 0.8750 0.9062 0.8125 0.9063 0.8750 0.8750 0.8750 0.8750 0.8125 0.9062 0.7500 0.9062 0.8125 0.8750 0.8125 0.8750 0.7500 0.9062 0.6875 0.9062 0.7500 0.8750 0.7500 0.8750 0.6875 0.9062 0.6250 0.9062 0.6875 0.8750 0.6875 0.8750 0.6250 0.9062 0.5625 0.9062 0.6250 0.8750 0.6250 0.8750 0.5625 0.8750 0.6875 0.8750 0.7500 0.8438 0.7500 0.8438 0.6875 0.8750 0.6250 0.8750 0.6875 0.8438 0.6875 0.8438 0.6250 0.8750 0.5625 0.8750 0.6250 0.8438 0.6250 0.8438 0.5625 0.8750 0.9375 0.8594 1.0000 0.8438 0.9375 0.8750 0.8750 0.8750 0.9375 0.8438 0.9375 0.8438 0.8750 0.8750 0.8125 0.8750 0.8750 0.8438 0.8750 0.8438 0.8125 0.8750 0.7500 0.8750 0.8125 0.8438 0.8125 0.8438 0.7500 0.8438 0.8750 0.8438 0.9375 0.8125 0.9375 0.8125 0.8750 0.8438 0.8125 0.8438 0.8750 0.8125 0.8750 0.8125 0.8125 0.8438 0.7500 0.8438 0.8125 0.8125 0.8125 0.8125 0.7500 0.8438 0.6875 0.8438 0.7500 0.8125 0.7500 0.8125 0.6875 0.8438 0.6250 0.8438 0.6875 0.8125 0.6875 0.8125 0.6250 0.8438 0.5625 0.8438 0.6250 0.8125 0.6250 0.8125 0.5625 0.8438 0.9375 0.8281 1.0000 0.8125 0.9375 0.8125 0.6250 0.8125 0.6875 0.7812 0.6875 0.7812 0.6250 0.8125 0.5625 0.8125 0.6250 0.7812 0.6250 0.7812 0.5625 0.8125 0.9375 0.7969 1.0000 0.7812 0.9375 0.8125 0.8750 0.8125 0.9375 0.7812 0.9375 0.7812 0.8750 0.8125 0.8125 0.8125 0.8750 0.7812 0.8750 0.7812 0.8125 0.8125 0.7500 0.8125 0.8125 0.7812 0.8125 0.7812 0.7500 0.8125 0.6875 0.8125 0.7500 0.7812 0.7500 0.7812 0.6875 0.7812 0.8750 0.7812 0.9375 0.7500 0.9375 0.7500 0.8750 0.7812 0.8125 0.7812 0.8750 0.7500 0.8750 0.7500 0.8125 0.7812 0.7500 0.7812 0.8125 0.7500 0.8125 0.7500 0.7500 0.7812 0.6875 0.7812 0.7500 0.7500 0.7500 0.7500 0.6875 0.7812 0.6250 0.7812 0.6875 0.7500 0.6875 0.7500 0.6250 0.7812 0.5625 0.7812 0.6250 0.7500 0.6250 0.7500 0.5625 0.7812 0.9375 0.7656 1.0000 0.7500 0.9375 0.7812 0.5625 0.7500 0.5625 0.7500 0.5625 0.7812 0.5625 0.8438 0.5625 0.8125 0.5625 0.8125 0.5625 0.8438 0.5625 0.5937 0.5625 0.5625 0.5625 0.5625 0.5625 0.5937 0.5625 0.9688 0.5625 0.9375 0.5625 0.9375 0.5625 0.9688 0.5625 0.8125 0.5625 0.7812 0.5625 0.7812 0.5625 0.8125 0.5625 0.7188 0.5625 0.6875 0.5625 0.6875 0.5625 0.7188 0.5625 0.9375 0.5625 0.9062 0.5625 0.9062 0.5625 0.9375 0.5625 0.7500 0.5625 0.7188 0.5625 0.7188 0.5625 0.7500 0.5625 0.5625 0.5625 0.5312 0.5625 0.5312 0.5625 0.5625 0.5625 0.6875 0.5625 0.6562 0.5625 0.6562 0.5625 0.6875 0.5625 0.9062 0.5625 0.8750 0.5625 0.8750 0.5625 0.9062 0.5625 0.5312 0.5625 0.5000 0.5625 0.5000 0.5625 0.5312 0.5625 0.6562 0.5625 0.6250 0.5625 0.6250 0.5625 0.6562 0.5625 0.8750 0.5625 0.8438 0.5625 0.8438 0.5625 0.8750 0.5625 1.0000 0.5625 0.9688 0.5625 0.9688 0.5625 1.0000 0.5625 0.6250 0.5625 0.5937 0.5625 0.5937 0.5625 0.6250 0.5625 0.5000 0.5625 0.5000 0.5625 0.5000 0.5625 0.5000 0.5625 1.0000 0.6250 1.0000 0.5625 1.0000 0.5625 1.0000 0.6250 0.5000 0.8750 0.5000 0.9375 0.5000 0.9375 0.5000 0.8750 0.9844 1.0000 1.0000 0.9375 1.0000 0.9375 0.9844 1.0000 1.0000 0.9375 1.0000 0.8750 1.0000 0.8750 1.0000 0.9375 0.5000 0.8125 0.5000 0.8750 0.5000 0.8750 0.5000 0.8125 1.0000 0.8750 1.0000 0.8125 1.0000 0.8125 1.0000 0.8750 0.5000 0.7500 0.5000 0.8125 0.5000 0.8125 0.5000 0.7500 1.0000 0.8125 1.0000 0.7500 1.0000 0.7500 1.0000 0.8125 0.5000 0.9375 0.5156 1.0000 0.5156 1.0000 0.5000 0.9375 0.5000 0.6875 0.5000 0.7500 0.5000 0.7500 0.5000 0.6875 1.0000 0.7500 1.0000 0.6875 1.0000 0.6875 1.0000 0.7500 0.5000 0.9375 0.5156 1.0000 0.5156 1.0000 0.5000 0.9375 0.5000 0.6250 0.5000 0.6875 0.5000 0.6875 0.5000 0.6250 1.0000 0.6875 1.0000 0.6250 1.0000 0.6250 1.0000 0.6875 1.0000 0.5625 1.0000 0.5625 1.0000 0.5625 1.0000 0.5625 0.5000 0.8750 0.5000 0.9375 0.5000 0.9375 0.5000 0.8750 0.5000 0.5625 0.5000 0.6250 0.5000 0.6250 0.5000 0.5625 1.0000 0.9375 1.0000 0.8750 1.0000 0.8750 1.0000 0.9375 0.5000 0.8125 0.5000 0.8750 0.5000 0.8750 0.5000 0.8125 0.9844 1.0000 1.0000 0.9375 1.0000 0.9375 0.9844 1.0000 1.0000 0.6250 1.0000 0.5625 1.0000 0.5625 1.0000 0.6250 1.0000 0.8750 1.0000 0.8125 1.0000 0.8125 1.0000 0.8750 0.5000 0.5625 0.5000 0.6250 0.5000 0.6250 0.5000 0.5625 0.5000 0.7500 0.5000 0.8125 0.5000 0.8125 0.5000 0.7500 1.0000 0.8125 1.0000 0.7500 1.0000 0.7500 1.0000 0.8125 0.5000 0.6875 0.5000 0.7500 0.5000 0.7500 0.5000 0.6875 1.0000 0.7500 1.0000 0.6875 1.0000 0.6875 1.0000 0.7500 1.0000 0.5625 1.0000 0.5625 1.0000 0.5625 1.0000 0.5625 0.5000 0.6250 0.5000 0.6875 0.5000 0.6875 0.5000 0.6250 1.0000 0.6875 1.0000 0.6250 1.0000 0.6250 1.0000 0.6875 1.0000 0.9375 1.0000 0.8750 1.0000 0.8796 1.0000 0.9421 1.0000 0.9421 1.0000 0.8796 1.0000 0.8931 1.0000 0.9375 0.5000 0.9375 0.5000 0.8931 0.5000 0.8796 0.5000 0.9421 0.5000 0.9421 0.5000 0.8796 0.5000 0.8750 0.5000 0.9375 1.0000 0.8750 1.0000 0.8125 1.0000 0.8200 1.0000 0.8825 1.0000 0.8825 1.0000 0.8200 1.0000 0.8418 1.0000 0.8750 0.5000 0.8750 0.5000 0.8418 0.5000 0.8200 0.5000 0.8825 0.5000 0.8825 0.5000 0.8200 0.5000 0.8125 0.5000 0.8750 1.0000 0.8125 1.0000 0.7500 1.0000 0.7601 1.0000 0.8226 1.0000 0.8226 1.0000 0.7601 1.0000 0.7895 1.0000 0.8125 0.5000 0.8125 0.5000 0.7895 0.5000 0.7601 0.5000 0.8226 0.5000 0.8226 0.5000 0.7601 0.5000 0.7500 0.5000 0.8125 1.0000 0.7500 1.0000 0.6875 1.0000 0.6999 1.0000 0.7624 1.0000 0.7624 1.0000 0.6999 1.0000 0.7357 1.0000 0.7500 0.5000 0.7500 0.5000 0.7357 0.5000 0.6999 0.5000 0.7624 0.5000 0.7624 0.5000 0.6999 0.5000 0.6875 0.5000 0.7500 1.0000 0.6875 1.0000 0.6250 1.0000 0.6392 1.0000 0.7017 1.0000 0.7017 1.0000 0.6392 1.0000 0.6800 1.0000 0.6875 0.5000 0.6875 0.5000 0.6800 0.5000 0.6392 0.5000 0.7017 0.5000 0.7017 0.5000 0.6392 0.5000 0.6250 0.5000 0.6875 1.0000 0.6250 1.0000 0.5625 1.0000 0.5780 1.0000 0.6405 1.0000 0.6405 1.0000 0.5780 1.0000 0.6222 1.0000 0.6250 0.5000 0.6250 0.5000 0.6222 0.5000 0.5780 0.5000 0.6405 0.5000 0.6405 0.5000 0.5780 0.5000 0.5625 0.5000 0.6250 1.0000 0.9375 1.0000 0.8750 1.0000 0.8796 1.0000 0.9421 1.0000 0.9421 1.0000 0.8796 1.0000 0.8931 1.0000 0.9375 0.5000 0.9375 0.5000 0.8931 0.5000 0.8796 0.5000 0.9421 0.5000 0.9421 0.5000 0.8796 0.5000 0.8750 0.5000 0.9375 1.0000 0.8750 1.0000 0.8125 1.0000 0.8200 1.0000 0.8825 1.0000 0.8825 1.0000 0.8200 1.0000 0.8418 1.0000 0.8750 0.5000 0.8750 0.5000 0.8418 0.5000 0.8200 0.5000 0.8825 0.5000 0.8825 0.5000 0.8200 0.5000 0.8125 0.5000 0.8750 1.0000 0.8125 1.0000 0.7500 1.0000 0.7601 1.0000 0.8226 1.0000 0.8226 1.0000 0.7601 1.0000 0.7895 1.0000 0.8125 0.5000 0.8125 0.5000 0.7895 0.5000 0.7601 0.5000 0.8226 0.5000 0.8226 0.5000 0.7601 0.5000 0.7500 0.5000 0.8125 1.0000 0.7500 1.0000 0.6875 1.0000 0.6999 1.0000 0.7624 1.0000 0.7624 1.0000 0.6999 1.0000 0.7357 1.0000 0.7500 0.5000 0.7500 0.5000 0.7357 0.5000 0.6999 0.5000 0.7624 0.5000 0.7624 0.5000 0.6999 0.5000 0.6875 0.5000 0.7500 1.0000 0.6875 1.0000 0.6250 1.0000 0.6392 1.0000 0.7017 1.0000 0.7017 1.0000 0.6392 1.0000 0.6800 1.0000 0.6875 0.5000 0.6875 0.5000 0.6800 0.5000 0.6392 0.5000 0.7017 0.5000 0.7017 0.5000 0.6392 0.5000 0.6250 0.5000 0.6875 1.0000 0.5625 1.0000 0.5625 1.0000 0.5625 1.0000 0.5625 1.0000 0.5625 1.0000 0.5625 1.0000 0.5625 1.0000 0.5625 0.5000 0.5625 0.5000 0.5625 0.5000 0.5625 0.5000 0.5625 0.5000 0.5625 0.5000 0.5625 0.5000 0.5625 0.5000 0.5625 1.0000 0.6250 1.0000 0.5625 1.0000 0.5780 1.0000 0.6405 1.0000 0.6405 1.0000 0.5780 1.0000 0.6222 1.0000 0.6250 0.5000 0.6250 0.5000 0.6222 0.5000 0.5780 0.5000 0.6405 0.5000 0.6405 0.5000 0.5780 0.5000 0.5625 0.5000 0.6250 0.9844 1.0000 1.0000 0.9375 0.9996 0.9391 0.9840 1.0016 0.9840 1.0016 0.9996 0.9391 0.9985 0.9436 0.9844 1.0000 0.5156 1.0000 0.5015 0.9436 0.5004 0.9391 0.5160 1.0016 0.5160 1.0016 0.5004 0.9391 0.5000 0.9375 0.5156 1.0000 0.9844 1.0000 1.0000 0.9375 0.9996 0.9391 0.9840 1.0016 0.9840 1.0016 0.9996 0.9391 0.9985 0.9436 0.9844 1.0000 0.5156 1.0000 0.5015 0.9436 0.5004 0.9391 0.5160 1.0016 0.5160 1.0016 0.5004 0.9391 0.5000 0.9375 0.5156 1.0000 1.0000 0.5625 1.0000 0.5625 1.0000 0.5625 1.0000 0.5625 1.0000 0.5625 1.0000 0.5625 1.0000 0.5625 1.0000 0.5625 0.5000 0.5625 0.5000 0.5625 0.5000 0.5625 0.5000 0.5625 0.5000 0.5625 0.5000 0.5625 0.5000 0.5625 0.5000 0.5625 0.5000 0.5625 0.5000 0.5625 0.5000 0.5625 0.5000 0.5625 0.7188 0.5625 0.6875 0.5625 0.6562 0.5625 0.6250 0.5625 0.5937 0.5625 0.5625 0.5625 0.5312 0.5625 0.5000 0.5625 1.0000 0.5625 0.9688 0.5625 0.9375 0.5625 0.9062 0.5625 0.8750 0.5625 0.8438 0.5625 0.8125 0.5625 0.7812 0.5625 0.7500 0.5625 0.5000 0.5625 1.0000 0.5625 1.0000 0.5625 0.5000 0.5625 1.0000 0.5625 0.5000 0.5625 0.5000 0.5625 1.0000 0.5625 1.0000 0.5625 0.5000 0.5625 0.5000 0.5625 1.0000 0.5625 1.0000 0.5625 0.5000 0.5625 1.0000 0.5625 0.5000 0.5625 0.5000 0.5625 1.0000 0.5625 1.0000 0.5625 0.5000 0.5625 1.0000 0.5625 0.5000 0.5625 0.5000 0.5625 1.0000 0.5625 0.7188 0.5625 0.6875 0.5625 0.6562 0.5625 0.6250 0.5625 0.5937 0.5625 0.5625 0.5625 0.5312 0.5625 0.5000 0.5625 1.0000 0.5625 0.9688 0.5625 0.9375 0.5625 0.9062 0.5625 0.8750 0.5625 0.8438 0.5625 0.8125 0.5625 0.7812 0.5625 0.7500 0.5625 " />
						</IndexedFaceSet>
					</Shape>
				</Group>
			</Transform>
		</Transform>
		<Transform DEF="LC-Connection_TRANSFORM"
		           translation="0.002029 0.875921 -1.074246"
		           scale="0.088652 0.088652 0.088652"
		           rotation="0.000000 0.707107 0.707107 3.141593"
		           >
			<Transform DEF="LC-Connection_ifs_TRANSFORM"
			           translation="0.000000 0.000000 0.000000"
			           scale="1.000000 1.000000 1.000000"
			           rotation="0.000000 1.000000 0.000000 0.000000"
			           >
				<Group DEF="group_ME_Circle_003">
					<Shape>
						<Appearance>
						</Appearance>
						<IndexedFaceSet solid="false"
						                creaseAngle="0.5236"
						                texCoordIndex="0 1 2 3 -1 4 5 6 7 -1 8 9 10 11 -1 12 13 14 15 -1 16 17 18 19 -1 20 21 22 23 -1 24 25 26 27 -1 28 29 30 31 -1 32 33 34 35 -1 36 37 38 39 -1 40 41 42 43 -1 44 45 46 47 -1 48 49 50 51 -1 52 53 54 55 -1 56 57 58 59 -1 60 61 62 63 -1 64 65 66 67 -1 68 69 70 71 -1 72 73 74 75 -1 76 77 78 79 -1 80 81 82 83 -1 84 85 86 87 -1 88 89 90 91 -1 92 93 94 95 -1 96 97 98 99 -1 100 101 102 103 -1 104 105 106 107 -1 108 109 110 111 -1 112 113 114 115 -1 116 117 118 119 -1 120 121 122 123 -1 124 125 126 127 -1 128 129 130 131 -1 132 133 134 135 -1 136 137 138 139 -1 140 141 142 143 -1 144 145 146 147 -1 148 149 150 151 -1 152 153 154 155 -1 156 157 158 159 -1 160 161 162 163 -1 164 165 166 167 -1 168 169 170 171 -1 172 173 174 175 -1 176 177 178 179 -1 180 181 182 183 -1 184 185 186 187 -1 188 189 190 191 -1 192 193 194 195 -1 196 197 198 199 -1 200 201 202 203 -1 204 205 206 207 -1 208 209 210 211 -1 212 213 214 215 -1 216 217 218 219 -1 220 221 222 223 -1 224 225 226 227 -1 228 229 230 231 -1 232 233 234 235 -1 236 237 238 239 -1 240 241 242 243 -1 244 245 246 247 -1 248 249 250 251 -1 252 253 254 255 -1 256 257 258 259 -1 260 261 262 263 -1 264 265 266 267 -1 268 269 270 271 -1 272 273 274 275 -1 276 277 278 279 -1 280 281 282 283 -1 284 285 286 287 -1 288 289 290 291 -1 292 293 294 295 -1 296 297 298 299 -1 300 301 302 303 -1 304 305 306 307 -1 308 309 310 311 -1 312 313 314 315 -1 316 317 318 319 -1 320 321 322 323 -1 324 325 326 327 -1 328 329 330 331 -1 332 333 334 335 -1 336 337 338 339 -1 340 341 342 343 -1 344 345 346 347 -1 348 349 350 351 -1 352 353 354 355 -1 356 357 358 359 -1 360 361 362 363 -1 364 365 366 367 -1 368 369 370 371 -1 372 373 374 375 -1 376 377 378 379 -1 380 381 382 383 -1 384 385 386 387 -1 388 389 390 391 -1 392 393 394 395 -1 396 397 398 399 -1 400 401 402 403 -1 404 405 406 407 -1 408 409 410 411 -1 412 413 414 415 -1 416 417 418 419 -1 420 421 422 423 -1 424 425 426 427 -1 428 429 430 431 -1 432 433 434 435 -1 436 437 438 439 -1 440 441 442 443 -1 444 445 446 447 -1 448 449 450 451 -1 452 453 454 455 -1 456 457 458 459 -1 460 461 462 463 -1 464 465 466 467 -1 468 469 470 471 -1 472 473 474 475 -1 476 477 478 479 -1 480 481 482 483 -1 484 485 486 487 -1 488 489 490 491 -1 492 493 494 495 -1 496 497 498 499 -1 500 501 502 503 -1 504 505 506 507 -1 508 509 510 511 -1 512 513 514 515 -1 516 517 518 519 -1 520 521 522 523 -1 524 525 526 527 -1 528 529 530 531 532 533 534 535 536 537 538 539 540 541 542 543 544 545 546 547 548 549 550 551 552 553 554 555 556 557 558 559 560 561 562 563 564 565 566 567 568 569 570 571 -1 572 573 574 575 576 577 578 579 580 581 582 583 584 585 586 587 588 589 590 591 592 593 594 595 596 597 598 599 600 601 602 603 604 605 606 607 608 609 610 611 612 613 614 615 -1 616 617 618 619 -1 620 621 622 623 -1 624 625 626 627 -1 628 629 630 631 -1 632 633 634 635 -1 636 637 638 639 -1 640 641 642 643 -1 644 645 646 647 -1 648 649 650 651 -1 652 653 654 655 -1 656 657 658 659 -1 660 661 662 663 -1 664 665 666 667 -1 668 669 670 671 -1 672 673 674 675 -1 676 677 678 679 -1 680 681 682 683 -1 684 685 686 687 -1 688 689 690 691 -1 692 693 694 695 -1 696 697 698 699 -1 700 701 702 703 -1 704 705 706 707 -1 708 709 710 711 -1 712 713 714 715 -1 716 717 718 719 -1 720 721 722 723 -1 724 725 726 727 -1 728 729 730 731 -1 732 733 734 735 -1 736 737 738 739 -1 740 741 742 743 -1 744 745 746 747 -1 748 749 750 751 -1 752 753 754 755 -1 756 757 758 759 -1 760 761 762 763 -1 764 765 766 767 -1 768 769 770 771 -1 772 773 774 775 -1 776 777 778 779 -1 780 781 782 783 -1 784 785 786 787 -1 788 789 790 791 -1 792 793 794 795 -1 796 797 798 799 -1 800 801 802 803 -1 804 805 806 807 -1 808 809 810 811 -1 812 813 814 815 -1 816 817 818 819 -1 820 821 822 823 -1 824 825 826 827 -1 828 829 830 831 -1 832 833 834 835 -1 836 837 838 839 -1 840 841 842 843 -1 844 845 846 847 -1 848 849 850 851 -1 852 853 854 855 -1 856 857 858 859 -1 860 861 862 863 -1 864 865 866 867 -1 868 869 870 871 -1 872 873 874 875 -1 876 877 878 879 -1 880 881 882 883 -1 884 885 886 887 -1 888 889 890 891 -1 892 893 894 895 -1 896 897 898 899 -1 900 901 902 903 -1 904 905 906 907 908 909 910 911 912 913 914 915 916 917 918 919 920 921 922 923 924 925 926 927 -1 "
						                coordIndex="102 18 17 98 -1 47 44 3 4 -1 83 80 15 16 -1 65 63 9 10 -1 50 47 4 5 -1 89 87 171 172 -1 53 50 5 6 -1 38 36 0 1 -1 63 96 174 9 -1 56 53 6 7 -1 156 89 172 184 -1 71 68 11 12 -1 59 56 7 8 -1 92 159 185 173 -1 74 71 12 13 -1 8 171 87 59 -1 68 65 10 11 -1 41 38 1 2 -1 77 74 13 14 -1 96 92 173 174 -1 44 41 2 3 -1 80 77 14 15 -1 111 21 20 108 -1 147 33 32 144 -1 129 27 26 125 -1 114 22 21 111 -1 153 183 182 149 -1 117 23 22 114 -1 105 19 18 102 -1 125 26 34 164 -1 120 24 23 117 -1 156 184 183 153 -1 135 29 28 132 -1 123 25 24 120 -1 162 186 185 159 -1 138 30 29 135 -1 25 123 149 182 -1 132 28 27 129 -1 98 17 33 147 -1 141 31 30 138 -1 164 34 186 162 -1 108 20 19 105 -1 144 32 31 141 -1 36 83 16 0 -1 39 35 37 40 -1 40 37 36 38 -1 42 39 40 43 -1 43 40 38 41 -1 45 42 43 46 -1 46 43 41 44 -1 48 45 46 49 -1 49 46 44 47 -1 51 48 49 52 -1 52 49 47 50 -1 54 51 52 55 -1 55 52 50 53 -1 57 54 55 58 -1 58 55 53 56 -1 60 57 58 61 -1 61 58 56 59 -1 66 62 64 67 -1 67 64 63 65 -1 69 66 67 70 -1 70 67 65 68 -1 72 69 70 73 -1 73 70 68 71 -1 75 72 73 76 -1 76 73 71 74 -1 78 75 76 79 -1 79 76 74 77 -1 81 78 79 82 -1 82 79 77 80 -1 84 81 82 85 -1 85 82 80 83 -1 35 84 85 37 -1 37 85 83 36 -1 90 86 88 91 -1 91 88 87 89 -1 155 90 91 157 -1 157 91 89 156 -1 62 95 97 64 -1 64 97 96 63 -1 93 158 160 94 -1 94 160 159 92 -1 95 93 94 97 -1 97 94 92 96 -1 86 60 61 88 -1 88 61 59 87 -1 102 98 100 103 -1 103 100 99 101 -1 105 102 103 106 -1 106 103 101 104 -1 108 105 106 109 -1 109 106 104 107 -1 111 108 109 112 -1 112 109 107 110 -1 114 111 112 115 -1 115 112 110 113 -1 117 114 115 118 -1 118 115 113 116 -1 120 117 118 121 -1 121 118 116 119 -1 123 120 121 124 -1 124 121 119 122 -1 129 125 127 130 -1 130 127 126 128 -1 132 129 130 133 -1 133 130 128 131 -1 135 132 133 136 -1 136 133 131 134 -1 138 135 136 139 -1 139 136 134 137 -1 141 138 139 142 -1 142 139 137 140 -1 144 141 142 145 -1 145 142 140 143 -1 147 144 145 148 -1 148 145 143 146 -1 98 147 148 100 -1 100 148 146 99 -1 153 149 151 154 -1 154 151 150 152 -1 156 153 154 157 -1 157 154 152 155 -1 125 164 166 127 -1 127 166 165 126 -1 162 159 160 163 -1 163 160 158 161 -1 164 162 163 166 -1 166 163 161 165 -1 149 123 124 151 -1 151 124 122 150 -1 35 39 42 45 48 51 54 57 60 86 90 155 152 150 122 119 116 113 110 107 104 101 99 146 143 140 137 134 131 128 126 165 161 158 93 95 62 66 69 72 75 78 81 84 -1 8 7 6 5 4 3 2 1 0 16 15 14 13 12 11 10 9 174 173 185 186 34 26 27 28 29 30 31 32 33 17 18 19 20 21 22 23 24 25 182 183 184 172 171 -1 167 168 193 191 -1 169 170 199 196 -1 170 171 202 199 -1 171 172 205 202 -1 173 174 211 208 -1 172 184 242 205 -1 174 175 214 211 -1 185 173 208 245 -1 175 176 217 214 -1 176 177 220 217 -1 178 223 227 179 -1 168 169 196 193 -1 179 227 230 180 -1 180 230 233 181 -1 181 233 236 182 -1 182 236 239 183 -1 186 248 251 34 -1 183 239 242 184 -1 34 251 254 187 -1 185 245 248 186 -1 187 254 257 188 -1 188 257 260 189 -1 189 260 223 178 -1 177 167 191 220 -1 194 190 192 195 -1 195 192 191 193 -1 197 194 195 198 -1 198 195 193 196 -1 200 197 198 201 -1 201 198 196 199 -1 203 200 201 204 -1 204 201 199 202 -1 206 203 204 207 -1 207 204 202 205 -1 241 206 207 243 -1 243 207 205 242 -1 209 244 246 210 -1 210 246 245 208 -1 212 209 210 213 -1 213 210 208 211 -1 215 212 213 216 -1 216 213 211 214 -1 218 215 216 219 -1 219 216 214 217 -1 221 218 219 222 -1 222 219 217 220 -1 190 221 222 192 -1 192 222 220 191 -1 227 223 225 228 -1 228 225 224 226 -1 230 227 228 231 -1 231 228 226 229 -1 233 230 231 234 -1 234 231 229 232 -1 236 233 234 237 -1 237 234 232 235 -1 239 236 237 240 -1 240 237 235 238 -1 242 239 240 243 -1 243 240 238 241 -1 248 245 246 249 -1 249 246 244 247 -1 251 248 249 252 -1 252 249 247 250 -1 254 251 252 255 -1 255 252 250 253 -1 257 254 255 258 -1 258 255 253 256 -1 260 257 258 261 -1 261 258 256 259 -1 223 260 261 225 -1 225 261 259 224 -1 190 194 197 200 203 206 241 238 235 232 229 226 224 259 256 253 250 247 244 209 212 215 218 221 -1 "
						                >
							<Coordinate DEF="coords_ME_Circle_003"
							            point="-0.004375 2.244209 -0.000001 -0.264757 2.209929 -0.000001 -0.507394 2.109426 -0.000001 -0.715751 1.949548 -0.000001 -0.875629 1.741191 -0.000001 -0.976132 1.498554 -0.000001 -1.010412 1.238172 -0.000001 -0.976132 0.977791 -0.000001 -0.875629 0.735154 -0.000001 0.866878 0.735153 -0.000001 0.967382 0.977790 -0.000001 1.001662 1.238172 -0.000001 0.967382 1.498553 -0.000001 0.866879 1.741190 -0.000001 0.707001 1.949547 -0.000001 0.498644 2.109425 -0.000001 0.256007 2.209929 -0.000001 -0.004375 -2.233499 -0.000001 -0.264757 -2.199219 -0.000001 -0.507394 -2.098715 -0.000001 -0.715751 -1.938838 -0.000001 -0.875629 -1.730481 -0.000001 -0.976132 -1.487844 -0.000001 -1.010412 -1.227462 -0.000001 -0.976132 -0.967081 -0.000001 -0.875629 -0.724444 -0.000001 0.866878 -0.724443 -0.000001 0.967382 -0.967080 -0.000001 1.001662 -1.227462 -0.000001 0.967382 -1.487843 -0.000001 0.866879 -1.730480 -0.000001 0.707001 -1.938837 -0.000001 0.498644 -2.098715 -0.000001 0.256007 -2.199219 -0.000001 0.869513 -0.485628 0.001702 -0.004375 2.212070 1.554012 -0.004375 2.244209 1.515374 -0.004375 2.234796 1.542695 -0.264757 2.209929 1.515374 -0.256438 2.178885 1.554012 -0.262320 2.200836 1.542695 -0.507394 2.109426 1.515374 -0.491324 2.081592 1.554012 -0.502687 2.101273 1.542695 -0.715751 1.949548 1.515374 -0.693025 1.926821 1.554012 -0.709094 1.942891 1.542695 -0.875629 1.741191 1.515374 -0.847795 1.725121 1.554012 -0.867476 1.736484 1.542695 -0.976132 1.498554 1.515374 -0.945088 1.490235 1.554012 -0.967039 1.496117 1.542695 -1.010412 1.238172 1.515374 -0.978273 1.238172 1.554012 -1.000999 1.238172 1.542695 -0.976132 0.977791 1.515374 -0.945088 0.986109 1.554012 -0.967040 0.980227 1.542695 -0.875629 0.735154 1.515374 -0.843764 0.741492 1.554011 -0.866296 0.737010 1.542695 0.835014 0.741491 1.554011 0.866878 0.735153 1.515374 0.857545 0.737010 1.542695 0.967382 0.977790 1.515374 0.936337 0.986108 1.554012 0.958289 0.980226 1.542695 1.001662 1.238172 1.515374 0.969522 1.238172 1.554012 0.992248 1.238172 1.542695 0.967382 1.498553 1.515374 0.936338 1.490235 1.554012 0.958289 1.496117 1.542695 0.866879 1.741190 1.515374 0.839045 1.725120 1.554012 0.858726 1.736483 1.542695 0.707001 1.949547 1.515374 0.684275 1.926821 1.554012 0.700345 1.942891 1.542695 0.498644 2.109425 1.515374 0.482574 2.081592 1.554012 0.493937 2.101273 1.542695 0.256007 2.209929 1.515374 0.247689 2.178885 1.554012 0.253571 2.200836 1.542695 -0.843764 0.472094 1.554013 -0.875629 0.478433 1.515375 -0.866296 0.476576 1.542696 -0.976132 0.235796 1.515375 -0.945192 0.227226 1.554013 -0.967070 0.233286 1.542696 0.967382 0.235795 1.515375 0.936442 0.227226 1.554013 0.958320 0.233285 1.542696 0.835014 0.472094 1.554013 0.866879 0.478432 1.515375 0.857546 0.476576 1.542696 -0.004375 -2.233499 1.515374 -0.004375 -2.201359 1.554012 -0.004375 -2.224085 1.542695 -0.256438 -2.168175 1.554012 -0.264757 -2.199219 1.515374 -0.262320 -2.190126 1.542695 -0.491324 -2.070882 1.554012 -0.507394 -2.098715 1.515374 -0.502687 -2.090563 1.542695 -0.693025 -1.916111 1.554012 -0.715751 -1.938838 1.515374 -0.709094 -1.932181 1.542695 -0.847795 -1.714411 1.554012 -0.875629 -1.730481 1.515374 -0.867476 -1.725774 1.542695 -0.945088 -1.479525 1.554012 -0.976132 -1.487844 1.515374 -0.967039 -1.485407 1.542695 -0.978273 -1.227462 1.554012 -1.010412 -1.227462 1.515374 -1.000999 -1.227462 1.542695 -0.945088 -0.975399 1.554012 -0.976132 -0.967081 1.515374 -0.967040 -0.969517 1.542695 -0.843764 -0.730782 1.554011 -0.875629 -0.724444 1.515374 -0.866296 -0.726300 1.542695 0.866878 -0.724443 1.515374 0.835014 -0.730781 1.554011 0.857545 -0.726300 1.542695 0.936337 -0.975398 1.554012 0.967382 -0.967080 1.515374 0.958289 -0.969516 1.542695 0.969522 -1.227462 1.554012 1.001662 -1.227462 1.515374 0.992248 -1.227462 1.542695 0.936338 -1.479525 1.554012 0.967382 -1.487843 1.515374 0.958289 -1.485407 1.542695 0.839045 -1.714410 1.554012 0.866879 -1.730480 1.515374 0.858726 -1.725773 1.542695 0.684275 -1.916111 1.554012 0.707001 -1.938837 1.515374 0.700345 -1.932181 1.542695 0.482574 -2.070882 1.554012 0.498644 -2.098715 1.515374 0.493937 -2.090563 1.542695 0.247689 -2.168175 1.554012 0.256007 -2.199219 1.515374 0.253571 -2.190126 1.542695 -0.875629 -0.467723 1.515375 -0.843764 -0.461384 1.554013 -0.866296 -0.465866 1.542696 -0.945192 -0.216516 1.554013 -0.976132 -0.225086 1.515375 -0.967070 -0.222576 1.542696 -0.978197 0.005355 1.554013 -1.010412 0.005355 1.515375 -1.000976 0.005355 1.542696 0.969447 0.005355 1.554013 1.001662 0.005355 1.515375 0.992226 0.005355 1.542696 0.936442 -0.216516 1.554013 0.967382 -0.225085 1.515375 0.958320 -0.222575 1.542696 0.866879 -0.467722 1.515375 0.835014 -0.461384 1.554013 0.857546 -0.465866 1.542696 -0.000000 1.007067 0.003403 -0.260648 0.972752 0.003403 -0.503534 0.872146 0.003403 -0.712104 0.712104 0.003403 -0.873887 0.490983 0.001702 -0.974442 0.248222 0.001702 0.970067 0.248221 0.001702 0.869513 0.490983 0.001702 0.712105 0.712104 0.003403 0.503534 0.872146 0.003403 0.260649 0.972752 0.003403 -0.000000 -1.007067 0.003403 -0.260648 -0.972752 0.003403 -0.503534 -0.872146 0.003403 -0.712104 -0.712104 0.003403 -0.873887 -0.485628 0.001702 -0.974442 -0.242867 0.001702 -1.008740 0.002678 0.001702 1.004365 0.002678 0.001702 0.970067 -0.242866 0.001702 0.712105 -0.712104 0.003403 0.503534 -0.872146 0.003403 0.260649 -0.972752 0.003403 -0.000000 0.960617 -0.966354 -0.000000 1.007067 -0.920300 -0.000000 0.993462 -0.952865 -0.260648 0.972752 -0.920300 -0.248626 0.927885 -0.966354 -0.257127 0.959611 -0.952865 -0.503534 0.872146 -0.920300 -0.480308 0.831919 -0.966354 -0.496731 0.860364 -0.952865 -0.712104 0.712104 -0.920300 -0.679259 0.679259 -0.966354 -0.702484 0.702484 -0.952865 -0.872229 0.502937 -0.920301 -0.831919 0.480308 -0.966354 -0.860388 0.496556 -0.952865 -0.972833 0.260057 -0.920301 -0.927885 0.248626 -0.966354 -0.959634 0.256954 -0.952865 0.972625 0.260057 -0.920303 0.927885 0.248625 -0.966354 0.959574 0.256953 -0.952866 0.872021 0.502936 -0.920303 0.831919 0.480308 -0.966354 0.860327 0.496556 -0.952866 0.712105 0.712104 -0.920300 0.679259 0.679258 -0.966354 0.702484 0.702484 -0.952865 0.503534 0.872146 -0.920300 0.480309 0.831918 -0.966354 0.496732 0.860363 -0.952865 0.260649 0.972752 -0.920300 0.248627 0.927884 -0.966354 0.257128 0.959611 -0.952865 -0.000000 -1.007067 -0.920300 -0.000000 -0.960617 -0.966354 -0.000000 -0.993462 -0.952865 -0.248626 -0.927885 -0.966354 -0.260648 -0.972752 -0.920300 -0.257127 -0.959611 -0.952865 -0.480308 -0.831919 -0.966354 -0.503534 -0.872146 -0.920300 -0.496731 -0.860364 -0.952865 -0.679259 -0.679259 -0.966354 -0.712104 -0.712104 -0.920300 -0.702484 -0.702484 -0.952865 -0.831919 -0.480308 -0.966354 -0.872229 -0.502682 -0.920302 -0.860388 -0.496482 -0.952865 -0.927885 -0.248626 -0.966354 -0.972833 -0.259802 -0.920302 -0.959634 -0.256879 -0.952865 -0.960617 0.000000 -0.966354 -1.007147 0.000127 -0.920301 -0.993486 0.000037 -0.952865 0.960617 0.000000 -0.966354 1.006939 0.000127 -0.920302 0.993425 0.000037 -0.952866 0.927885 -0.248625 -0.966354 0.972625 -0.259802 -0.920303 0.959574 -0.256879 -0.952866 0.831919 -0.480308 -0.966354 0.872021 -0.502681 -0.920303 0.860327 -0.496481 -0.952866 0.679259 -0.679258 -0.966354 0.712105 -0.712104 -0.920299 0.702484 -0.702484 -0.952865 0.480309 -0.831918 -0.966354 0.503534 -0.872146 -0.920300 0.496732 -0.860363 -0.952865 0.248627 -0.927884 -0.966354 0.260649 -0.972752 -0.920300 0.257128 -0.959611 -0.952865 "
							            />
							<TextureCoordinate point="0.0000 0.0000 0.0000 0.0000 0.0000 0.0000 0.0000 0.0000 0.0000 0.0000 0.0000 0.0000 0.0000 0.0000 0.0000 0.0000 0.0000 0.0000 0.0000 0.0000 0.0000 0.0000 0.0000 0.0000 0.0000 0.0000 0.0000 0.0000 0.0000 0.0000 0.0000 0.0000 0.0000 0.0000 0.0000 0.0000 0.0000 0.0000 0.0000 0.0000 0.0000 0.0000 0.0000 0.0000 0.0000 0.0000 0.0000 0.0000 0.0000 0.0000 0.0000 0.0000 0.0000 0.0000 0.0000 0.0000 0.0000 0.0000 0.0000 0.0000 0.0000 0.0000 0.0000 0.0000 0.0000 0.0000 0.0000 0.0000 0.0000 0.0000 0.0000 0.0000 0.0000 0.0000 0.0000 0.0000 0.0000 0.0000 0.0000 0.0000 0.0000 0.0000 0.0000 0.0000 0.0000 0.0000 0.0000 0.0000 0.0000 0.0000 0.0000 0.0000 0.0000 0.0000 0.0000 0.0000 0.0000 0.0000 0.0000 0.0000 0.0000 0.0000 0.0000 0.0000 0.0000 0.0000 0.0000 0.0000 0.0000 0.0000 0.0000 0.0000 0.0000 0.0000 0.0000 0.0000 0.0000 0.0000 0.0000 0.0000 0.0000 0.0000 0.0000 0.0000 0.0000 0.0000 0.0000 0.0000 0.0000 0.0000 0.0000 0.0000 0.0000 0.0000 0.0000 0.0000 0.0000 0.0000 0.0000 0.0000 0.0000 0.0000 0.0000 0.0000 0.0000 0.0000 0.0000 0.0000 0.0000 0.0000 0.0000 0.0000 0.0000 0.0000 0.0000 0.0000 0.0000 0.0000 0.0000 0.0000 0.0000 0.0000 0.0000 0.0000 0.0000 0.0000 0.0000 0.0000 0.0000 0.0000 0.0000 0.0000 0.0000 0.0000 0.0000 0.0000 0.0000 0.0000 0.0000 0.0000 0.0000 0.0000 0.0000 0.0000 0.0000 0.0000 0.0000 0.0000 0.0000 0.0000 0.0000 0.0000 0.0000 0.0000 0.0000 0.0000 0.0000 0.0000 0.0000 0.0000 0.0000 0.0000 0.0000 0.0000 0.0000 0.0000 0.0000 0.0000 0.0000 0.0000 0.0000 0.0000 0.0000 0.0000 0.0000 0.0000 0.0000 0.0000 0.0000 0.0000 0.0000 0.0000 0.0000 0.0000 0.0000 0.0000 0.0000 0.0000 0.0000 0.0000 0.0000 0.0000 0.0000 0.0000 0.0000 0.0000 0.0000 0.0000 0.0000 0.0000 0.0000 0.0000 0.0000 0.0000 0.0000 0.0000 0.0000 0.0000 0.0000 0.0000 0.0000 0.0000 0.0000 0.0000 0.0000 0.0000 0.0000 0.0000 0.0000 0.0000 0.0000 0.0000 0.0000 0.0000 0.0000 0.0000 0.0000 0.0000 0.0000 0.0000 0.0000 0.0000 0.0000 0.0000 0.0000 0.0000 0.0000 0.0000 0.0000 0.0000 0.0000 0.0000 0.0000 0.0000 0.0000 0.0000 0.0000 0.0000 0.0000 0.0000 0.0000 0.0000 0.0000 0.0000 0.0000 0.0000 0.0000 0.0000 0.0000 0.0000 0.0000 0.0000 0.0000 0.0000 0.0000 0.0000 0.0000 0.0000 0.0000 0.0000 0.0000 0.0000 0.0000 0.0000 0.0000 0.0000 0.0000 0.0000 0.0000 0.0000 0.0000 0.0000 0.0000 0.0000 0.0000 0.0000 0.0000 0.0000 0.0000 0.0000 0.0000 0.0000 0.0000 0.0000 0.0000 0.0000 0.0000 0.0000 0.0000 0.0000 0.0000 0.0000 0.0000 0.0000 0.0000 0.0000 0.0000 0.0000 0.0000 0.0000 0.0000 0.0000 0.0000 0.0000 0.0000 0.0000 0.0000 0.0000 0.0000 0.0000 0.0000 0.0000 0.0000 0.0000 0.0000 0.0000 0.0000 0.0000 0.0000 0.0000 0.0000 0.0000 0.0000 0.0000 0.0000 0.0000 0.0000 0.0000 0.0000 0.0000 0.0000 0.0000 0.0000 0.0000 0.0000 0.0000 0.0000 0.0000 0.0000 0.0000 0.0000 0.0000 0.0000 0.0000 0.0000 0.0000 0.0000 0.0000 0.0000 0.0000 0.0000 0.0000 0.0000 0.0000 0.0000 0.0000 0.0000 0.0000 0.0000 0.0000 0.0000 0.0000 0.0000 0.0000 0.0000 0.0000 0.0000 0.0000 0.0000 0.0000 0.0000 0.0000 0.0000 0.0000 0.0000 0.0000 0.0000 0.0000 0.0000 0.0000 0.0000 0.0000 0.0000 0.0000 0.0000 0.0000 0.0000 0.0000 0.0000 0.0000 0.0000 0.0000 0.0000 0.0000 0.0000 0.0000 0.0000 0.0000 0.0000 0.0000 0.0000 0.0000 0.0000 0.0000 0.0000 0.0000 0.0000 0.0000 0.0000 0.0000 0.0000 0.0000 0.0000 0.0000 0.0000 0.0000 0.0000 0.0000 0.0000 0.0000 0.0000 0.0000 0.0000 0.0000 0.0000 0.0000 0.0000 0.0000 0.0000 0.0000 0.0000 0.0000 0.0000 0.0000 0.0000 0.0000 0.0000 0.0000 0.0000 0.0000 0.0000 0.0000 0.0000 0.0000 0.0000 0.0000 0.0000 0.0000 0.0000 0.0000 0.0000 0.0000 0.0000 0.0000 0.0000 0.0000 0.0000 0.0000 0.0000 0.0000 0.0000 0.0000 0.0000 0.0000 0.0000 0.0000 0.0000 0.0000 0.0000 0.0000 0.0000 0.0000 0.0000 0.0000 0.0000 0.0000 0.0000 0.0000 0.0000 0.0000 0.0000 0.0000 0.0000 0.0000 0.0000 0.0000 0.0000 0.0000 0.0000 0.0000 0.0000 0.0000 0.0000 0.0000 0.0000 0.0000 0.0000 0.0000 0.0000 0.0000 0.0000 0.0000 0.0000 0.0000 0.0000 0.0000 0.0000 0.0000 0.0000 0.0000 0.0000 0.0000 0.0000 0.0000 0.0000 0.0000 0.0000 0.0000 0.0000 0.0000 0.0000 0.0000 0.0000 0.0000 0.0000 0.0000 0.0000 0.0000 0.0000 0.0000 0.0000 0.0000 0.0000 0.0000 0.0000 0.0000 0.0000 0.0000 0.0000 0.0000 0.0000 0.0000 0.0000 0.0000 0.0000 0.0000 0.0000 0.0000 0.0000 0.0000 0.0000 0.0000 0.0000 0.0000 0.0000 0.0000 0.0000 0.0000 0.0000 0.0000 0.0000 0.0000 0.0000 0.0000 0.0000 0.0000 0.0000 0.0000 0.0000 0.0000 0.0000 0.0000 0.0000 0.0000 0.0000 0.0000 0.0000 0.0000 0.0000 0.0000 0.0000 0.0000 0.0000 0.0000 0.0000 0.0000 0.0000 0.0000 0.0000 0.0000 0.0000 0.0000 0.0000 0.0000 0.0000 0.0000 0.0000 0.0000 0.0000 0.0000 0.0000 0.0000 0.0000 0.0000 0.0000 0.0000 0.0000 0.0000 0.0000 0.0000 0.0000 0.0000 0.0000 0.0000 0.0000 0.0000 0.0000 0.0000 0.0000 0.0000 0.0000 0.0000 0.0000 0.0000 0.0000 0.0000 0.0000 0.0000 0.0000 0.0000 0.0000 0.0000 0.0000 0.0000 0.0000 0.0000 0.0000 0.0000 0.0000 0.0000 0.0000 0.0000 0.0000 0.0000 0.0000 0.0000 0.0000 0.0000 0.0000 0.0000 0.0000 0.0000 0.0000 0.0000 0.0000 0.0000 0.0000 0.0000 0.0000 0.0000 0.0000 0.0000 0.0000 0.0000 0.0000 0.0000 0.0000 0.0000 0.0000 0.0000 0.0000 0.0000 0.0000 0.0000 0.0000 0.0000 0.0000 0.0000 0.0000 0.0000 0.0000 0.0000 0.0000 0.0000 0.0000 0.0000 0.0000 0.0000 0.0000 0.0000 0.0000 0.0000 0.0000 0.0000 0.0000 0.0000 0.0000 0.0000 0.0000 0.0000 0.0000 0.0000 0.0000 0.0000 0.0000 0.0000 0.0000 0.0000 0.0000 0.0000 0.0000 0.0000 0.0000 0.0000 0.0000 0.0000 0.0000 0.0000 0.0000 0.0000 0.0000 0.0000 0.0000 0.0000 0.0000 0.0000 0.0000 0.0000 0.0000 0.0000 0.0000 0.0000 0.0000 0.0000 0.0000 0.0000 0.0000 0.0000 0.0000 0.0000 0.0000 0.0000 0.0000 0.0000 0.0000 0.0000 0.0000 0.0000 0.0000 0.0000 0.0000 0.0000 0.0000 0.0000 0.0000 0.0000 0.0000 0.0000 0.0000 0.0000 0.0000 0.0000 0.0000 0.0000 0.0000 0.0000 0.0000 0.0000 0.0000 0.0000 0.0000 0.0000 0.0000 0.0000 0.0000 0.0000 0.0000 0.0000 0.0000 0.0000 0.0000 0.0000 0.0000 0.0000 0.0000 0.0000 0.0000 0.0000 0.0000 0.0000 0.0000 0.0000 0.0000 0.0000 0.0000 0.0000 0.0000 0.0000 0.0000 0.0000 0.0000 0.0000 0.0000 0.0000 0.0000 0.0000 0.0000 0.0000 0.0000 0.0000 0.0000 0.0000 0.0000 0.0000 0.0000 0.0000 0.0000 0.0000 0.0000 0.0000 0.0000 0.0000 0.0000 0.0000 0.0000 0.0000 0.0000 0.0000 0.0000 0.0000 0.0000 0.0000 0.0000 0.0000 0.0000 0.0000 0.0000 0.0000 0.0000 0.0000 0.0000 0.0000 0.0000 0.0000 0.0000 0.0000 0.0000 0.0000 0.0000 0.0000 0.0000 0.0000 0.0000 0.0000 0.0000 0.0000 0.0000 0.0000 0.0000 0.0000 0.0000 0.0000 0.0000 0.0000 0.0000 0.0000 0.0000 0.0000 0.0000 0.0000 0.0000 0.0000 0.0000 0.0000 0.0000 0.0000 0.0000 0.0000 0.0000 0.0000 0.0000 0.0000 0.0000 0.0000 0.0000 0.0000 0.0000 0.0000 0.0000 0.0000 0.0000 0.0000 0.0000 0.0000 0.0000 0.0000 0.0000 0.0000 0.0000 0.0000 0.0000 0.0000 0.0000 0.0000 0.0000 0.0000 0.0000 0.0000 0.0000 0.0000 0.0000 0.0000 0.0000 0.0000 0.0000 0.0000 0.0000 0.0000 0.0000 0.0000 0.0000 0.0000 0.0000 0.0000 0.0000 0.0000 0.0000 0.0000 0.0000 0.0000 0.0000 0.0000 0.0000 0.0000 0.0000 0.0000 0.0000 0.0000 0.0000 0.0000 0.0000 0.0000 0.0000 0.0000 0.0000 0.0000 0.0000 0.0000 0.0000 0.0000 0.0000 0.0000 0.0000 0.0000 0.0000 0.0000 0.0000 0.0000 0.0000 0.0000 0.0000 0.0000 0.0000 0.0000 0.0000 0.0000 0.0000 0.0000 0.0000 0.0000 0.0000 0.0000 0.0000 0.0000 0.0000 0.0000 0.0000 0.0000 0.0000 0.0000 0.0000 0.0000 0.0000 0.0000 0.0000 0.0000 0.0000 0.0000 0.0000 0.0000 0.0000 0.0000 0.0000 0.0000 0.0000 0.0000 0.0000 0.0000 0.0000 0.0000 0.0000 0.0000 0.0000 0.0000 0.0000 0.0000 0.0000 0.0000 0.0000 0.0000 0.0000 0.0000 0.0000 0.0000 0.0000 0.0000 0.0000 0.0000 0.0000 0.0000 0.0000 0.0000 0.0000 0.0000 0.0000 0.0000 0.0000 0.0000 0.0000 0.0000 0.0000 0.0000 0.0000 0.0000 0.0000 0.0000 0.0000 0.0000 0.0000 0.0000 0.0000 0.0000 0.0000 0.0000 0.0000 0.0000 0.0000 0.0000 0.0000 0.0000 0.0000 0.0000 0.0000 0.0000 0.0000 0.0000 0.0000 0.0000 0.0000 0.0000 0.0000 0.0000 0.0000 0.0000 0.0000 0.0000 0.0000 0.0000 0.0000 0.0000 0.0000 0.0000 0.0000 0.0000 0.0000 0.0000 0.0000 0.0000 0.0000 0.0000 0.0000 0.0000 0.0000 0.0000 0.0000 0.0000 0.0000 0.0000 0.0000 0.0000 0.0000 0.0000 0.0000 0.0000 0.0000 0.0000 0.0000 0.0000 0.0000 0.0000 0.0000 0.0000 0.0000 0.0000 0.0000 0.0000 0.0000 0.0000 0.0000 0.0000 0.0000 0.0000 0.0000 0.0000 0.0000 0.0000 0.0000 0.0000 0.0000 0.0000 0.0000 0.0000 0.0000 0.0000 0.0000 0.0000 0.0000 0.0000 0.0000 0.0000 0.0000 0.0000 0.0000 0.0000 0.0000 0.0000 0.0000 0.0000 0.0000 0.0000 0.0000 0.0000 0.0000 0.0000 0.0000 0.0000 0.0000 0.0000 0.0000 0.0000 0.0000 0.0000 0.0000 0.0000 0.0000 0.0000 0.0000 0.0000 0.0000 0.0000 0.0000 0.0000 0.0000 0.0000 0.0000 0.0000 0.0000 0.0000 0.0000 0.0000 0.0000 0.0000 0.0000 0.0000 0.0000 0.0000 0.0000 0.0000 0.0000 0.0000 0.0000 0.0000 0.0000 0.0000 0.0000 0.0000 0.0000 0.0000 0.0000 0.0000 0.0000 0.0000 0.0000 0.0000 0.0000 0.0000 0.0000 0.0000 0.0000 0.0000 0.0000 0.0000 0.0000 0.0000 0.0000 0.0000 0.0000 0.0000 0.0000 0.0000 0.0000 0.0000 0.0000 0.0000 0.0000 0.0000 0.0000 0.0000 0.0000 0.0000 0.0000 0.0000 0.0000 0.0000 0.0000 0.0000 0.0000 0.0000 0.0000 0.0000 0.0000 0.0000 0.0000 0.0000 0.0000 0.0000 0.0000 0.0000 0.0000 0.0000 0.0000 0.0000 0.0000 0.0000 0.0000 0.0000 0.0000 0.0000 0.0000 0.0000 0.0000 0.0000 0.0000 0.0000 0.0000 0.0000 0.0000 0.0000 0.0000 0.0000 0.0000 0.0000 0.0000 0.0000 0.0000 0.0000 0.0000 0.0000 0.0000 0.0000 0.0000 0.0000 0.0000 0.0000 0.0000 0.0000 0.0000 0.0000 0.0000 0.0000 0.0000 0.0000 0.0000 0.0000 0.0000 0.0000 0.0000 0.0000 0.0000 0.0000 0.0000 0.0000 0.0000 0.0000 0.0000 0.0000 0.0000 0.0000 0.0000 0.0000 0.0000 0.0000 0.0000 0.0000 0.0000 0.0000 0.0000 0.0000 0.0000 0.0000 0.0000 0.0000 0.0000 0.0000 0.0000 0.0000 0.0000 0.0000 0.0000 0.0000 0.0000 0.0000 0.0000 0.0000 0.0000 0.0000 0.0000 0.0000 0.0000 0.0000 0.0000 0.0000 0.0000 0.0000 0.0000 0.0000 0.0000 0.0000 0.0000 0.0000 0.0000 0.0000 0.0000 0.0000 0.0000 0.0000 0.0000 0.0000 0.0000 0.0000 0.0000 0.0000 0.0000 0.0000 0.0000 0.0000 0.0000 0.0000 0.0000 0.0000 0.0000 0.0000 0.0000 0.0000 0.0000 0.0000 0.0000 0.0000 0.0000 0.0000 0.0000 0.0000 0.0000 0.0000 0.0000 0.0000 0.0000 0.0000 0.0000 0.0000 0.0000 0.0000 0.0000 0.0000 0.0000 0.0000 0.0000 0.0000 0.0000 0.0000 0.0000 0.0000 0.0000 0.0000 0.0000 0.0000 0.0000 0.0000 0.0000 0.0000 0.0000 0.0000 0.0000 0.0000 0.0000 0.0000 0.0000 0.0000 0.0000 0.0000 0.0000 0.0000 0.0000 0.0000 0.0000 0.0000 0.0000 0.0000 0.0000 0.0000 0.0000 0.0000 0.0000 0.0000 0.0000 0.0000 0.0000 0.0000 0.0000 0.0000 0.0000 0.0000 0.0000 0.0000 0.0000 0.0000 0.0000 0.0000 0.0000 0.0000 0.0000 0.0000 0.0000 0.0000 0.0000 0.0000 0.0000 0.0000 0.0000 0.0000 0.0000 0.0000 0.0000 0.0000 0.0000 0.0000 0.0000 0.0000 0.0000 0.0000 0.0000 0.0000 0.0000 0.0000 0.0000 0.0000 0.0000 0.0000 0.0000 0.0000 0.0000 0.0000 0.0000 0.0000 0.0000 0.0000 0.0000 0.0000 0.0000 0.0000 0.0000 0.0000 0.0000 0.0000 0.0000 0.0000 0.0000 0.0000 0.0000 0.0000 0.0000 0.0000 0.0000 0.0000 0.0000 0.0000 0.0000 0.0000 0.0000 0.0000 0.0000 0.0000 0.0000 0.0000 0.0000 0.0000 0.0000 0.0000 0.0000 0.0000 0.0000 0.0000 0.0000 0.0000 0.0000 0.0000 0.0000 0.0000 0.0000 0.0000 0.0000 0.0000 0.0000 0.0000 0.0000 0.0000 0.0000 0.0000 0.0000 0.0000 0.0000 0.0000 0.0000 0.0000 0.0000 0.0000 0.0000 0.0000 0.0000 0.0000 0.0000 0.0000 0.0000 0.0000 0.0000 0.0000 0.0000 0.0000 0.0000 0.0000 0.0000 0.0000 0.0000 0.0000 0.0000 0.0000 0.0000 0.0000 0.0000 0.0000 0.0000 0.0000 0.0000 0.0000 0.0000 0.0000 0.0000 0.0000 0.0000 0.0000 0.0000 0.0000 0.0000 0.0000 0.0000 0.0000 0.0000 0.0000 0.0000 0.0000 0.0000 0.0000 0.0000 0.0000 0.0000 0.0000 0.0000 0.0000 0.0000 0.0000 0.0000 0.0000 0.0000 0.0000 0.0000 0.0000 0.0000 0.0000 0.0000 0.0000 0.0000 0.0000 0.0000 0.0000 0.0000 0.0000 0.0000 0.0000 0.0000 0.0000 0.0000 0.0000 0.0000 0.0000 0.0000 0.0000 0.0000 0.0000 0.0000 0.0000 0.0000 0.0000 0.0000 0.0000 0.0000 0.0000 0.0000 0.0000 0.0000 0.0000 0.0000 0.0000 0.0000 0.0000 0.0000 0.0000 0.0000 0.0000 0.0000 0.0000 0.0000 0.0000 0.0000 0.0000 0.0000 0.0000 0.0000 0.0000 0.0000 0.0000 0.0000 0.0000 0.0000 0.0000 0.0000 0.0000 0.0000 0.0000 0.0000 0.0000 0.0000 0.0000 0.0000 0.0000 0.0000 0.0000 0.0000 0.0000 0.0000 0.0000 0.0000 0.0000 0.0000 0.0000 0.0000 0.0000 0.0000 0.0000 0.0000 0.0000 0.0000 0.0000 0.0000 0.0000 0.0000 0.0000 0.0000 0.0000 0.0000 0.0000 0.0000 0.0000 0.0000 0.0000 0.0000 0.0000 0.0000 0.0000 0.0000 0.0000 0.0000 0.0000 0.0000 0.0000 0.0000 0.0000 0.0000 0.0000 0.0000 0.0000 0.0000 0.0000 0.0000 0.0000 0.0000 0.0000 0.0000 0.0000 0.0000 0.0000 0.0000 0.0000 0.0000 0.0000 0.0000 0.0000 0.0000 0.0000 0.0000 0.0000 0.0000 0.0000 0.0000 0.0000 0.0000 0.0000 0.0000 0.0000 0.0000 0.0000 0.0000 0.0000 0.0000 0.0000 0.0000 0.0000 0.0000 0.0000 0.0000 0.0000 0.0000 0.0000 0.0000 0.0000 0.0000 0.0000 0.0000 0.0000 0.0000 0.0000 0.0000 0.0000 0.0000 0.0000 0.0000 0.0000 0.0000 0.0000 0.0000 0.0000 0.0000 0.0000 0.0000 0.0000 0.0000 0.0000 0.0000 0.0000 0.0000 0.0000 0.0000 0.0000 0.0000 0.0000 0.0000 0.0000 0.0000 0.0000 0.0000 0.0000 0.0000 0.0000 0.0000 0.0000 0.0000 0.0000 0.0000 0.0000 0.0000 0.0000 0.0000 0.0000 0.0000 0.0000 0.0000 0.0000 " />
						</IndexedFaceSet>
					</Shape>
				</Group>
			</Transform>
		</Transform>
		<Transform DEF="LC-Foot_TRANSFORM"
		           translation="0.000405 0.243184 -1.071071"
		           scale="0.082623 0.082623 0.082623"
		           rotation="0.000000 0.707107 0.707107 3.141593"
		           >
			<Transform DEF="LC-Foot_ifs_TRANSFORM"
			           translation="0.000000 0.000000 -0.000000"
			           scale="1.000000 1.000000 1.000000"
			           rotation="0.000000 1.000000 0.000000 0.000000"
			           >
				<Group DEF="group_ME_Cylinder_011">
					<Shape>
						<Appearance>
						</Appearance>
						<IndexedFaceSet solid="false"
						                creaseAngle="0.5236"
						                texCoordIndex="0 1 2 3 -1 4 5 6 7 -1 8 9 10 11 -1 12 13 14 15 -1 16 17 18 19 -1 20 21 22 23 -1 24 25 26 27 -1 28 29 30 31 -1 32 33 34 35 -1 36 37 38 39 -1 40 41 42 43 -1 44 45 46 47 -1 48 49 50 51 -1 52 53 54 55 -1 56 57 58 59 -1 60 61 62 63 -1 64 65 66 67 -1 68 69 70 71 -1 72 73 74 75 -1 76 77 78 79 -1 80 81 82 83 -1 84 85 86 87 -1 88 89 90 91 -1 92 93 94 95 -1 96 97 98 99 -1 100 101 102 103 -1 104 105 106 107 -1 108 109 110 111 -1 112 113 114 115 -1 116 117 118 119 -1 120 121 122 123 -1 124 125 126 127 -1 128 129 130 131 -1 132 133 134 135 -1 136 137 138 139 -1 140 141 142 143 -1 144 145 146 147 -1 148 149 150 151 -1 152 153 154 155 -1 156 157 158 159 -1 160 161 162 163 -1 164 165 166 167 -1 168 169 170 171 -1 172 173 174 175 -1 176 177 178 179 180 181 182 183 184 185 186 187 188 189 190 191 192 193 194 195 196 197 -1 198 199 200 201 -1 202 203 204 205 -1 206 207 208 209 -1 210 211 212 213 -1 214 215 216 217 -1 218 219 220 221 -1 222 223 224 225 -1 226 227 228 229 -1 230 231 232 233 -1 234 235 236 237 -1 238 239 240 241 -1 242 243 244 245 -1 246 247 248 249 -1 250 251 252 253 -1 254 255 256 257 -1 258 259 260 261 -1 262 263 264 265 -1 266 267 268 269 -1 270 271 272 273 -1 274 275 276 277 -1 278 279 280 281 -1 282 283 284 285 -1 286 287 288 289 -1 290 291 292 293 -1 294 295 296 297 -1 298 299 300 301 -1 302 303 304 305 -1 306 307 308 309 -1 310 311 312 313 -1 314 315 316 317 -1 318 319 320 321 -1 322 323 324 325 -1 326 327 328 329 -1 330 331 332 333 -1 334 335 336 337 -1 338 339 340 341 -1 342 343 344 345 -1 346 347 348 349 -1 350 351 352 353 -1 354 355 356 357 -1 358 359 360 361 -1 362 363 364 365 -1 366 367 368 369 -1 370 371 372 373 -1 374 375 376 377 -1 378 379 380 381 -1 382 383 384 385 -1 386 387 388 389 -1 390 391 392 393 -1 394 395 396 397 -1 398 399 400 401 -1 402 403 404 405 -1 406 407 408 409 -1 410 411 412 413 -1 414 415 416 417 -1 418 419 420 421 -1 422 423 424 425 -1 426 427 428 429 -1 430 431 432 433 -1 434 435 436 437 -1 438 439 440 441 -1 442 443 444 445 -1 446 447 448 449 -1 450 451 452 453 -1 454 455 456 457 -1 458 459 460 461 -1 462 463 464 465 -1 466 467 468 469 -1 470 471 472 473 -1 474 475 476 477 -1 478 479 480 481 -1 482 483 484 485 -1 486 487 488 489 -1 490 491 492 493 -1 494 495 496 497 -1 498 499 500 501 -1 502 503 504 505 -1 506 507 508 509 -1 510 511 512 513 -1 514 515 516 517 -1 518 519 520 521 -1 522 523 524 525 -1 526 527 528 529 -1 530 531 532 533 -1 534 535 536 537 -1 538 539 540 541 -1 542 543 544 545 -1 546 547 548 549 550 551 552 553 554 555 556 557 558 559 560 561 562 563 564 565 566 567 -1 568 569 570 571 -1 572 573 574 575 -1 576 577 578 579 -1 580 581 582 583 -1 584 585 586 587 -1 588 589 590 591 -1 592 593 594 595 -1 596 597 598 599 -1 600 601 602 603 -1 604 605 606 607 -1 608 609 610 611 -1 612 613 614 615 -1 616 617 618 619 -1 620 621 622 623 -1 624 625 626 627 -1 628 629 630 631 -1 632 633 634 635 -1 636 637 638 639 -1 640 641 642 643 -1 644 645 646 647 -1 648 649 650 651 -1 652 653 654 655 -1 656 657 658 659 -1 660 661 662 663 -1 664 665 666 667 -1 668 669 670 671 -1 672 673 674 675 -1 676 677 678 679 -1 680 681 682 683 -1 684 685 686 687 -1 688 689 690 691 -1 692 693 694 695 -1 696 697 698 699 -1 700 701 702 703 -1 704 705 706 707 -1 708 709 710 711 -1 712 713 714 715 -1 716 717 718 719 -1 720 721 722 723 -1 724 725 726 727 -1 728 729 730 731 -1 732 733 734 735 -1 736 737 738 739 -1 740 741 742 743 -1 744 745 746 747 -1 "
						                coordIndex="21 129 45 0 -1 2 53 57 3 -1 3 57 61 4 -1 4 61 65 5 -1 5 65 69 6 -1 6 69 73 7 -1 7 73 77 8 -1 8 77 81 9 -1 9 81 85 10 -1 10 85 89 11 -1 11 89 93 12 -1 12 93 97 13 -1 13 97 101 14 -1 14 101 105 15 -1 15 105 109 16 -1 16 109 113 17 -1 17 113 117 18 -1 18 117 121 19 -1 19 121 125 20 -1 20 125 129 21 -1 0 45 49 1 -1 1 49 53 2 -1 139 142 25 24 -1 148 151 28 27 -1 154 157 30 29 -1 169 172 35 34 -1 184 187 40 39 -1 0 1 135 133 -1 145 148 27 26 -1 163 166 33 32 -1 178 181 38 37 -1 193 196 43 42 -1 142 145 26 25 -1 157 160 31 30 -1 196 132 22 43 -1 172 175 36 35 -1 187 190 41 40 -1 151 154 29 28 -1 166 169 34 33 -1 181 184 39 38 -1 4 5 147 144 -1 160 163 32 31 -1 175 178 37 36 -1 190 193 42 41 -1 22 23 24 25 26 27 28 29 30 31 32 33 34 35 36 37 38 39 40 41 42 43 -1 19 20 192 189 -1 12 13 171 168 -1 5 6 150 147 -1 20 21 195 192 -1 13 14 174 171 -1 6 7 153 150 -1 136 139 24 23 -1 14 15 177 174 -1 7 8 156 153 -1 21 0 133 195 -1 15 16 180 177 -1 8 9 159 156 -1 1 2 138 135 -1 16 17 183 180 -1 9 10 162 159 -1 2 3 141 138 -1 17 18 186 183 -1 10 11 165 162 -1 3 4 144 141 -1 18 19 189 186 -1 11 12 168 165 -1 49 45 47 51 -1 51 47 46 50 -1 50 46 44 48 -1 53 49 51 55 -1 55 51 50 54 -1 54 50 48 52 -1 57 53 55 59 -1 59 55 54 58 -1 58 54 52 56 -1 61 57 59 63 -1 63 59 58 62 -1 62 58 56 60 -1 65 61 63 67 -1 67 63 62 66 -1 66 62 60 64 -1 69 65 67 71 -1 71 67 66 70 -1 70 66 64 68 -1 73 69 71 75 -1 75 71 70 74 -1 74 70 68 72 -1 77 73 75 79 -1 79 75 74 78 -1 78 74 72 76 -1 81 77 79 83 -1 83 79 78 82 -1 82 78 76 80 -1 85 81 83 87 -1 87 83 82 86 -1 86 82 80 84 -1 89 85 87 91 -1 91 87 86 90 -1 90 86 84 88 -1 93 89 91 95 -1 95 91 90 94 -1 94 90 88 92 -1 97 93 95 99 -1 99 95 94 98 -1 98 94 92 96 -1 101 97 99 103 -1 103 99 98 102 -1 102 98 96 100 -1 105 101 103 107 -1 107 103 102 106 -1 106 102 100 104 -1 109 105 107 111 -1 111 107 106 110 -1 110 106 104 108 -1 113 109 111 115 -1 115 111 110 114 -1 114 110 108 112 -1 117 113 115 119 -1 119 115 114 118 -1 118 114 112 116 -1 121 117 119 123 -1 123 119 118 122 -1 122 118 116 120 -1 125 121 123 127 -1 127 123 122 126 -1 126 122 120 124 -1 129 125 127 131 -1 131 127 126 130 -1 130 126 124 128 -1 45 129 131 47 -1 47 131 130 46 -1 46 130 128 44 -1 48 44 128 124 120 116 112 108 104 100 96 92 88 84 80 76 72 68 64 60 56 52 -1 133 135 137 134 -1 134 137 136 132 -1 135 138 140 137 -1 137 140 139 136 -1 138 141 143 140 -1 140 143 142 139 -1 141 144 146 143 -1 143 146 145 142 -1 144 147 149 146 -1 146 149 148 145 -1 147 150 152 149 -1 149 152 151 148 -1 150 153 155 152 -1 152 155 154 151 -1 153 156 158 155 -1 155 158 157 154 -1 156 159 161 158 -1 158 161 160 157 -1 159 162 164 161 -1 161 164 163 160 -1 162 165 167 164 -1 164 167 166 163 -1 165 168 170 167 -1 167 170 169 166 -1 168 171 173 170 -1 170 173 172 169 -1 171 174 176 173 -1 173 176 175 172 -1 174 177 179 176 -1 176 179 178 175 -1 177 180 182 179 -1 179 182 181 178 -1 180 183 185 182 -1 182 185 184 181 -1 183 186 188 185 -1 185 188 187 184 -1 186 189 191 188 -1 188 191 190 187 -1 189 192 194 191 -1 191 194 193 190 -1 192 195 197 194 -1 194 197 196 193 -1 195 133 134 197 -1 197 134 132 196 -1 132 136 23 22 -1 "
						                >
							<Coordinate DEF="coords_ME_Cylinder_011"
							            point="0.000000 1.401897 -1.350147 0.394960 1.345111 -1.350147 0.757923 1.179351 -1.350147 1.059483 0.918047 -1.350147 1.275211 0.582369 -1.350147 1.387628 0.199511 -1.350147 1.387628 -0.199511 -1.350147 1.275210 -0.582369 -1.350147 1.059483 -0.918047 -1.350147 0.757923 -1.179351 -1.350147 0.394960 -1.345111 -1.350147 0.000000 -1.401897 -1.350147 -0.394960 -1.345111 -1.350147 -0.757922 -1.179351 -1.350147 -1.059483 -0.918048 -1.350147 -1.275210 -0.582370 -1.350147 -1.387628 -0.199512 -1.350147 -1.387628 0.199510 -1.350147 -1.275211 0.582368 -1.350147 -1.059484 0.918047 -1.350147 -0.757924 1.179350 -1.350147 -0.394962 1.345110 -1.350147 0.000000 1.581037 -2.709384 0.445430 1.516994 -2.709384 0.854773 1.330053 -2.709384 1.194868 1.035359 -2.709384 1.438162 0.656786 -2.709384 1.564944 0.225005 -2.709384 1.564944 -0.225005 -2.709384 1.438161 -0.656786 -2.709384 1.194867 -1.035359 -2.709384 0.854773 -1.330052 -2.709384 0.445430 -1.516993 -2.709384 0.000000 -1.581036 -2.709384 -0.445429 -1.516993 -2.709384 -0.854772 -1.330053 -2.709384 -1.194867 -1.035359 -2.709384 -1.438161 -0.656787 -2.709384 -1.564944 -0.225006 -2.709384 -1.564944 0.225004 -2.709384 -1.438162 0.656785 -2.709384 -1.194869 1.035358 -2.709384 -0.854774 1.330052 -2.709384 -0.445431 1.516993 -2.709384 0.000000 0.851966 1.000000 0.000000 1.020568 0.854894 0.000000 0.928739 0.980560 0.000000 0.990451 0.927447 0.240027 0.817456 1.000000 0.287527 0.979228 0.854894 0.261656 0.891118 0.980560 0.279042 0.950331 0.927447 0.460608 0.716720 1.000000 0.551761 0.858557 0.854894 0.502114 0.781305 0.980560 0.535478 0.833221 0.927447 0.643873 0.557919 1.000000 0.771294 0.668330 0.854894 0.701894 0.608194 0.980560 0.748533 0.648607 0.927447 0.774976 0.353920 1.000000 0.928341 0.423959 0.854894 0.844811 0.385812 0.980560 0.900946 0.411448 0.927447 0.843295 0.121247 1.000000 1.010180 0.145242 0.854894 0.919286 0.132173 0.980560 0.980370 0.140956 0.927447 0.843295 -0.121248 1.000000 1.010180 -0.145242 0.854894 0.919286 -0.132173 0.980560 0.980370 -0.140956 0.927447 0.774976 -0.353920 1.000000 0.928341 -0.423959 0.854894 0.844810 -0.385812 0.980560 0.900946 -0.411448 0.927447 0.643873 -0.557919 1.000000 0.771294 -0.668330 0.854894 0.701894 -0.608195 0.980560 0.748533 -0.648608 0.927447 0.460608 -0.716720 1.000000 0.551761 -0.858557 0.854894 0.502114 -0.781305 0.980560 0.535478 -0.833221 0.927447 0.240027 -0.817456 1.000000 0.287527 -0.979228 0.854894 0.261656 -0.891118 0.980560 0.279042 -0.950331 0.927447 0.000000 -0.851966 1.000000 0.000000 -1.020568 0.854894 0.000000 -0.928739 0.980560 0.000000 -0.990451 0.927447 -0.240026 -0.817456 1.000000 -0.287527 -0.979228 0.854894 -0.261656 -0.891118 0.980560 -0.279042 -0.950331 0.927447 -0.460608 -0.716720 1.000000 -0.551760 -0.858557 0.854894 -0.502114 -0.781305 0.980560 -0.535478 -0.833221 0.927447 -0.643873 -0.557920 1.000000 -0.771294 -0.668330 0.854894 -0.701894 -0.608195 0.980560 -0.748533 -0.648608 0.927447 -0.774976 -0.353920 1.000000 -0.928341 -0.423960 0.854894 -0.844810 -0.385812 0.980560 -0.900946 -0.411449 0.927447 -0.843294 -0.121248 1.000000 -1.010180 -0.145243 0.854894 -0.919285 -0.132174 0.980560 -0.980370 -0.140957 0.927447 -0.843295 0.121247 1.000000 -1.010180 0.145241 0.854894 -0.919286 0.132173 0.980560 -0.980370 0.140955 0.927447 -0.774976 0.353919 1.000000 -0.928342 0.423959 0.854894 -0.844811 0.385811 0.980560 -0.900946 0.411448 0.927447 -0.643874 0.557919 1.000000 -0.771295 0.668329 0.854894 -0.701895 0.608194 0.980560 -0.748534 0.648607 0.927447 -0.460609 0.716719 1.000000 -0.551762 0.858556 0.854894 -0.502115 0.781304 0.980560 -0.535479 0.833220 0.927447 -0.240028 0.817455 1.000000 -0.287528 0.979228 0.854894 -0.261657 0.891118 0.980560 -0.279043 0.950331 0.927447 0.000000 1.581037 -1.418423 0.000000 1.512058 -1.350147 0.000000 1.560834 -1.370145 0.425996 1.450809 -1.350147 0.445430 1.516994 -1.418423 0.439738 1.497609 -1.370145 0.817480 1.272024 -1.350147 0.854773 1.330053 -1.418423 0.843850 1.313057 -1.370145 1.142737 0.990188 -1.350147 1.194868 1.035359 -1.418423 1.179599 1.022129 -1.370145 1.375417 0.628132 -1.350147 1.438162 0.656786 -1.418423 1.419784 0.648394 -1.370145 1.496667 0.215188 -1.350147 1.564944 0.225005 -1.418423 1.544946 0.222130 -1.370145 1.496667 -0.215188 -1.350147 1.564944 -0.225005 -1.418423 1.544946 -0.222130 -1.370145 1.375416 -0.628132 -1.350147 1.438161 -0.656786 -1.418423 1.419784 -0.648394 -1.370145 1.142737 -0.990188 -1.350147 1.194867 -1.035359 -1.418423 1.179599 -1.022129 -1.370145 0.817480 -1.272024 -1.350147 0.854773 -1.330052 -1.418423 0.843850 -1.313056 -1.370145 0.425996 -1.450809 -1.350147 0.445430 -1.516993 -1.418423 0.439738 -1.497608 -1.370145 0.000000 -1.512058 -1.350147 0.000000 -1.581036 -1.418423 0.000000 -1.560833 -1.370145 -0.425996 -1.450809 -1.350147 -0.445429 -1.516993 -1.418423 -0.439737 -1.497608 -1.370145 -0.817480 -1.272024 -1.350147 -0.854772 -1.330053 -1.418423 -0.843850 -1.313057 -1.370145 -1.142737 -0.990188 -1.350147 -1.194867 -1.035359 -1.418423 -1.179599 -1.022129 -1.370145 -1.375416 -0.628132 -1.350147 -1.438161 -0.656787 -1.418423 -1.419783 -0.648394 -1.370145 -1.496668 -0.215189 -1.350147 -1.564944 -0.225006 -1.418423 -1.544946 -0.222131 -1.370145 -1.496668 0.215187 -1.350147 -1.564944 0.225004 -1.418423 -1.544946 0.222129 -1.370145 -1.375417 0.628131 -1.350147 -1.438162 0.656785 -1.418423 -1.419785 0.648393 -1.370145 -1.142738 0.990187 -1.350147 -1.194869 1.035358 -1.418423 -1.179600 1.022127 -1.370145 -0.817482 1.272023 -1.350147 -0.854774 1.330052 -1.418423 -0.843852 1.313056 -1.370145 -0.425998 1.450809 -1.350147 -0.445431 1.516993 -1.418423 -0.439739 1.497608 -1.370145 "
							            />
							<TextureCoordinate point="0.0455 0.5000 0.0455 0.9693 -0.0000 0.9693 -0.0000 0.5000 0.9091 0.5000 0.9091 0.9693 0.8636 0.9693 0.8636 0.5000 0.8636 0.5000 0.8636 0.9693 0.8182 0.9693 0.8182 0.5000 0.8182 0.5000 0.8182 0.9693 0.7727 0.9693 0.7727 0.5000 0.7727 0.5000 0.7727 0.9693 0.7273 0.9693 0.7273 0.5000 0.7273 0.5000 0.7273 0.9693 0.6818 0.9693 0.6818 0.5000 0.6818 0.5000 0.6818 0.9693 0.6364 0.9693 0.6364 0.5000 0.6364 0.5000 0.6364 0.9693 0.5909 0.9693 0.5909 0.5000 0.5909 0.5000 0.5909 0.9693 0.5455 0.9693 0.5455 0.5000 0.5455 0.5000 0.5455 0.9693 0.5000 0.9693 0.5000 0.5000 0.5000 0.5000 0.5000 0.9693 0.4545 0.9693 0.4545 0.5000 0.4545 0.5000 0.4545 0.9693 0.4091 0.9693 0.4091 0.5000 0.4091 0.5000 0.4091 0.9693 0.3636 0.9693 0.3636 0.5000 0.3636 0.5000 0.3636 0.9693 0.3182 0.9693 0.3182 0.5000 0.3182 0.5000 0.3182 0.9693 0.2727 0.9693 0.2727 0.5000 0.2727 0.5000 0.2727 0.9693 0.2273 0.9693 0.2273 0.5000 0.2273 0.5000 0.2273 0.9693 0.1818 0.9693 0.1818 0.5000 0.1818 0.5000 0.1818 0.9693 0.1364 0.9693 0.1364 0.5000 0.1364 0.5000 0.1364 0.9693 0.0909 0.9693 0.0909 0.5000 0.0909 0.5000 0.0909 0.9693 0.0455 0.9693 0.0455 0.5000 1.0000 0.5000 1.0000 0.9693 0.9545 0.9693 0.9545 0.5000 0.9545 0.5000 0.9545 0.9693 0.9091 0.9693 0.9091 0.5000 0.9091 0.5000 0.8636 0.5000 0.8636 0.5000 0.9091 0.5000 0.7727 0.5000 0.7273 0.5000 0.7273 0.5000 0.7727 0.5000 0.6818 0.5000 0.6364 0.5000 0.6364 0.5000 0.6818 0.5000 0.4545 0.5000 0.4091 0.5000 0.4091 0.5000 0.4545 0.5000 0.2273 0.5000 0.1818 0.5000 0.1818 0.5000 0.2273 0.5000 1.0000 0.5000 0.9545 0.5000 0.9545 0.5000 1.0000 0.5000 0.8182 0.5000 0.7727 0.5000 0.7727 0.5000 0.8182 0.5000 0.5455 0.5000 0.5000 0.5000 0.5000 0.5000 0.5455 0.5000 0.3182 0.5000 0.2727 0.5000 0.2727 0.5000 0.3182 0.5000 0.0909 0.5000 0.0455 0.5000 0.0455 0.5000 0.0909 0.5000 0.8636 0.5000 0.8182 0.5000 0.8182 0.5000 0.8636 0.5000 0.6364 0.5000 0.5909 0.5000 0.5909 0.5000 0.6364 0.5000 0.0455 0.5000 -0.0000 0.5000 -0.0000 0.5000 0.0455 0.5000 0.4091 0.5000 0.3636 0.5000 0.3636 0.5000 0.4091 0.5000 0.1818 0.5000 0.1364 0.5000 0.1364 0.5000 0.1818 0.5000 0.7273 0.5000 0.6818 0.5000 0.6818 0.5000 0.7273 0.5000 0.5000 0.5000 0.4545 0.5000 0.4545 0.5000 0.5000 0.5000 0.2727 0.5000 0.2273 0.5000 0.2273 0.5000 0.2727 0.5000 0.8182 0.5000 0.7727 0.5000 0.7727 0.5000 0.8182 0.5000 0.5909 0.5000 0.5455 0.5000 0.5455 0.5000 0.5909 0.5000 0.3636 0.5000 0.3182 0.5000 0.3182 0.5000 0.3636 0.5000 0.1364 0.5000 0.0909 0.5000 0.0909 0.5000 0.1364 0.5000 0.7500 0.4900 0.8176 0.4803 0.8798 0.4519 0.9314 0.4072 0.9683 0.3497 0.9876 0.2842 0.9876 0.2158 0.9683 0.1503 0.9314 0.0928 0.8798 0.0481 0.8176 0.0197 0.7500 0.0100 0.6824 0.0197 0.6202 0.0481 0.5686 0.0928 0.5317 0.1503 0.5124 0.2158 0.5124 0.2842 0.5317 0.3497 0.5686 0.4072 0.6202 0.4519 0.6824 0.4803 0.1364 0.5000 0.0909 0.5000 0.0909 0.5000 0.1364 0.5000 0.4545 0.5000 0.4091 0.5000 0.4091 0.5000 0.4545 0.5000 0.7727 0.5000 0.7273 0.5000 0.7273 0.5000 0.7727 0.5000 0.0909 0.5000 0.0455 0.5000 0.0455 0.5000 0.0909 0.5000 0.4091 0.5000 0.3636 0.5000 0.3636 0.5000 0.4091 0.5000 0.7273 0.5000 0.6818 0.5000 0.6818 0.5000 0.7273 0.5000 0.9545 0.5000 0.9091 0.5000 0.9091 0.5000 0.9545 0.5000 0.3636 0.5000 0.3182 0.5000 0.3182 0.5000 0.3636 0.5000 0.6818 0.5000 0.6364 0.5000 0.6364 0.5000 0.6818 0.5000 0.0455 0.5000 -0.0000 0.5000 -0.0000 0.5000 0.0455 0.5000 0.3182 0.5000 0.2727 0.5000 0.2727 0.5000 0.3182 0.5000 0.6364 0.5000 0.5909 0.5000 0.5909 0.5000 0.6364 0.5000 0.9545 0.5000 0.9091 0.5000 0.9091 0.5000 0.9545 0.5000 0.2727 0.5000 0.2273 0.5000 0.2273 0.5000 0.2727 0.5000 0.5909 0.5000 0.5455 0.5000 0.5455 0.5000 0.5909 0.5000 0.9091 0.5000 0.8636 0.5000 0.8636 0.5000 0.9091 0.5000 0.2273 0.5000 0.1818 0.5000 0.1818 0.5000 0.2273 0.5000 0.5455 0.5000 0.5000 0.5000 0.5000 0.5000 0.5455 0.5000 0.8636 0.5000 0.8182 0.5000 0.8182 0.5000 0.8636 0.5000 0.1818 0.5000 0.1364 0.5000 0.1364 0.5000 0.1818 0.5000 0.5000 0.5000 0.4545 0.5000 0.4545 0.5000 0.5000 0.5000 0.9545 0.9693 1.0000 0.9693 0.9996 0.9852 0.9550 0.9852 0.9550 0.9852 0.9996 0.9852 0.9984 1.0000 0.9562 1.0000 0.3128 0.4639 0.2500 0.4729 0.2500 0.4545 0.3076 0.4462 0.9091 0.9693 0.9545 0.9693 0.9541 0.9852 0.9095 0.9852 0.9095 0.9852 0.9541 0.9852 0.9529 1.0000 0.9107 1.0000 0.3705 0.4375 0.3128 0.4639 0.3076 0.4462 0.3605 0.4220 0.8636 0.9693 0.9091 0.9693 0.9087 0.9852 0.8641 0.9852 0.8641 0.9852 0.9087 0.9852 0.9075 1.0000 0.8653 1.0000 0.4185 0.3960 0.3705 0.4375 0.3605 0.4220 0.4045 0.3839 0.8182 0.9693 0.8636 0.9693 0.8632 0.9852 0.8186 0.9852 0.8186 0.9852 0.8632 0.9852 0.8620 1.0000 0.8198 1.0000 0.4528 0.3426 0.4185 0.3960 0.4045 0.3839 0.4360 0.3349 0.7727 0.9693 0.8182 0.9693 0.8178 0.9852 0.7732 0.9852 0.7732 0.9852 0.8178 0.9852 0.8166 1.0000 0.7743 1.0000 0.4706 0.2817 0.4528 0.3426 0.4360 0.3349 0.4524 0.2791 0.7273 0.9693 0.7727 0.9693 0.7723 0.9852 0.7277 0.9852 0.7277 0.9852 0.7723 0.9852 0.7711 1.0000 0.7289 1.0000 0.4706 0.2183 0.4706 0.2817 0.4524 0.2791 0.4524 0.2209 0.6818 0.9693 0.7273 0.9693 0.7268 0.9852 0.6822 0.9852 0.6822 0.9852 0.7268 0.9852 0.7257 1.0000 0.6834 1.0000 0.4528 0.1574 0.4706 0.2183 0.4524 0.2209 0.4360 0.1651 0.6364 0.9693 0.6818 0.9693 0.6814 0.9852 0.6368 0.9852 0.6368 0.9852 0.6814 0.9852 0.6802 1.0000 0.6380 1.0000 0.4185 0.1040 0.4528 0.1574 0.4360 0.1651 0.4045 0.1161 0.5909 0.9693 0.6364 0.9693 0.6359 0.9852 0.5913 0.9852 0.5913 0.9852 0.6359 0.9852 0.6347 1.0000 0.5925 1.0000 0.3705 0.0625 0.4185 0.1040 0.4045 0.1161 0.3605 0.0780 0.5455 0.9693 0.5909 0.9693 0.5905 0.9852 0.5459 0.9852 0.5459 0.9852 0.5905 0.9852 0.5893 1.0000 0.5471 1.0000 0.3128 0.0361 0.3705 0.0625 0.3605 0.0780 0.3076 0.0538 0.5000 0.9693 0.5455 0.9693 0.5450 0.9852 0.5004 0.9852 0.5004 0.9852 0.5450 0.9852 0.5438 1.0000 0.5016 1.0000 0.2500 0.0271 0.3128 0.0361 0.3076 0.0538 0.2500 0.0455 0.4545 0.9693 0.5000 0.9693 0.4996 0.9852 0.4550 0.9852 0.4550 0.9852 0.4996 0.9852 0.4984 1.0000 0.4562 1.0000 0.1872 0.0361 0.2500 0.0271 0.2500 0.0455 0.1924 0.0538 0.4091 0.9693 0.4545 0.9693 0.4541 0.9852 0.4095 0.9852 0.4095 0.9852 0.4541 0.9852 0.4529 1.0000 0.4107 1.0000 0.1295 0.0625 0.1872 0.0361 0.1924 0.0538 0.1395 0.0780 0.3636 0.9693 0.4091 0.9693 0.4087 0.9852 0.3641 0.9852 0.3641 0.9852 0.4087 0.9852 0.4075 1.0000 0.3653 1.0000 0.0815 0.1040 0.1295 0.0625 0.1395 0.0780 0.0955 0.1161 0.3182 0.9693 0.3636 0.9693 0.3632 0.9852 0.3186 0.9852 0.3186 0.9852 0.3632 0.9852 0.3620 1.0000 0.3198 1.0000 0.0472 0.1574 0.0815 0.1040 0.0955 0.1161 0.0640 0.1651 0.2727 0.9693 0.3182 0.9693 0.3177 0.9852 0.2732 0.9852 0.2732 0.9852 0.3177 0.9852 0.3166 1.0000 0.2743 1.0000 0.0294 0.2183 0.0472 0.1574 0.0640 0.1651 0.0476 0.2209 0.2273 0.9693 0.2727 0.9693 0.2723 0.9852 0.2277 0.9852 0.2277 0.9852 0.2723 0.9852 0.2711 1.0000 0.2289 1.0000 0.0294 0.2817 0.0294 0.2183 0.0476 0.2209 0.0476 0.2791 0.1818 0.9693 0.2273 0.9693 0.2268 0.9852 0.1822 0.9852 0.1822 0.9852 0.2268 0.9852 0.2257 1.0000 0.1834 1.0000 0.0472 0.3426 0.0294 0.2817 0.0476 0.2791 0.0640 0.3349 0.1364 0.9693 0.1818 0.9693 0.1814 0.9852 0.1368 0.9852 0.1368 0.9852 0.1814 0.9852 0.1802 1.0000 0.1380 1.0000 0.0815 0.3960 0.0472 0.3426 0.0640 0.3349 0.0955 0.3839 0.0909 0.9693 0.1364 0.9693 0.1359 0.9852 0.0913 0.9852 0.0913 0.9852 0.1359 0.9852 0.1347 1.0000 0.0925 1.0000 0.1295 0.4375 0.0815 0.3960 0.0955 0.3839 0.1395 0.4220 0.0455 0.9693 0.0909 0.9693 0.0905 0.9852 0.0459 0.9852 0.0459 0.9852 0.0905 0.9852 0.0893 1.0000 0.0471 1.0000 0.1872 0.4639 0.1295 0.4375 0.1395 0.4220 0.1924 0.4462 -0.0000 0.9693 0.0455 0.9693 0.0450 0.9852 0.0004 0.9852 0.0004 0.9852 0.0450 0.9852 0.0438 1.0000 0.0016 1.0000 0.2500 0.4729 0.1872 0.4639 0.1924 0.4462 0.2500 0.4545 0.3076 0.4462 0.2500 0.4545 0.1924 0.4462 0.1395 0.4220 0.0955 0.3839 0.0640 0.3349 0.0476 0.2791 0.0476 0.2209 0.0640 0.1651 0.0955 0.1161 0.1395 0.0780 0.1924 0.0538 0.2500 0.0455 0.3076 0.0538 0.3605 0.0780 0.4045 0.1161 0.4360 0.1651 0.4524 0.2209 0.4524 0.2791 0.4360 0.3349 0.4045 0.3839 0.3605 0.4220 1.0000 0.5000 0.9545 0.5000 0.9545 0.5000 0.9997 0.5000 0.9997 0.5000 0.9545 0.5000 0.9545 0.5000 1.0000 0.5000 0.9545 0.5000 0.9091 0.5000 0.9091 0.5000 0.9545 0.5000 0.9545 0.5000 0.9091 0.5000 0.9091 0.5000 0.9545 0.5000 0.9091 0.5000 0.8636 0.5000 0.8636 0.5000 0.9091 0.5000 0.9091 0.5000 0.8636 0.5000 0.8636 0.5000 0.9091 0.5000 0.8636 0.5000 0.8182 0.5000 0.8182 0.5000 0.8636 0.5000 0.8636 0.5000 0.8182 0.5000 0.8182 0.5000 0.8636 0.5000 0.8182 0.5000 0.7727 0.5000 0.7727 0.5000 0.8182 0.5000 0.8182 0.5000 0.7727 0.5000 0.7727 0.5000 0.8182 0.5000 0.7727 0.5000 0.7273 0.5000 0.7273 0.5000 0.7727 0.5000 0.7727 0.5000 0.7273 0.5000 0.7273 0.5000 0.7727 0.5000 0.7273 0.5000 0.6818 0.5000 0.6818 0.5000 0.7273 0.5000 0.7273 0.5000 0.6818 0.5000 0.6818 0.5000 0.7273 0.5000 0.6818 0.5000 0.6364 0.5000 0.6364 0.5000 0.6818 0.5000 0.6818 0.5000 0.6364 0.5000 0.6364 0.5000 0.6818 0.5000 0.6364 0.5000 0.5909 0.5000 0.5909 0.5000 0.6364 0.5000 0.6364 0.5000 0.5909 0.5000 0.5909 0.5000 0.6364 0.5000 0.5909 0.5000 0.5455 0.5000 0.5455 0.5000 0.5909 0.5000 0.5909 0.5000 0.5455 0.5000 0.5455 0.5000 0.5909 0.5000 0.5455 0.5000 0.5000 0.5000 0.5000 0.5000 0.5455 0.5000 0.5455 0.5000 0.5000 0.5000 0.5000 0.5000 0.5455 0.5000 0.5000 0.5000 0.4545 0.5000 0.4545 0.5000 0.5000 0.5000 0.5000 0.5000 0.4545 0.5000 0.4545 0.5000 0.5000 0.5000 0.4545 0.5000 0.4091 0.5000 0.4091 0.5000 0.4545 0.5000 0.4545 0.5000 0.4091 0.5000 0.4091 0.5000 0.4545 0.5000 0.4091 0.5000 0.3636 0.5000 0.3636 0.5000 0.4091 0.5000 0.4091 0.5000 0.3636 0.5000 0.3636 0.5000 0.4091 0.5000 0.3636 0.5000 0.3182 0.5000 0.3182 0.5000 0.3636 0.5000 0.3636 0.5000 0.3182 0.5000 0.3182 0.5000 0.3636 0.5000 0.3182 0.5000 0.2727 0.5000 0.2727 0.5000 0.3182 0.5000 0.3182 0.5000 0.2727 0.5000 0.2727 0.5000 0.3182 0.5000 0.2727 0.5000 0.2273 0.5000 0.2273 0.5000 0.2727 0.5000 0.2727 0.5000 0.2273 0.5000 0.2273 0.5000 0.2727 0.5000 0.2273 0.5000 0.1818 0.5000 0.1818 0.5000 0.2273 0.5000 0.2273 0.5000 0.1818 0.5000 0.1818 0.5000 0.2273 0.5000 0.1818 0.5000 0.1364 0.5000 0.1364 0.5000 0.1818 0.5000 0.1818 0.5000 0.1364 0.5000 0.1364 0.5000 0.1818 0.5000 0.1364 0.5000 0.0909 0.5000 0.0909 0.5000 0.1364 0.5000 0.1364 0.5000 0.0909 0.5000 0.0909 0.5000 0.1364 0.5000 0.0909 0.5000 0.0455 0.5000 0.0455 0.5000 0.0909 0.5000 0.0909 0.5000 0.0455 0.5000 0.0455 0.5000 0.0909 0.5000 0.0455 0.5000 -0.0000 0.5000 0.0003 0.5000 0.0455 0.5000 0.0455 0.5000 0.0003 0.5000 -0.0000 0.5000 0.0455 0.5000 1.0000 0.5000 0.9545 0.5000 0.9545 0.5000 1.0000 0.5000 " />
						</IndexedFaceSet>
					</Shape>
				</Group>
			</Transform>
		</Transform>
		<Transform DEF="LC-HandSupport_TRANSFORM"
		           translation="0.002604 4.217631 -1.074066"
		           scale="0.044925 0.090891 0.044925"
		           rotation="0.000000 1.000000 -0.000000 3.141593"
		           >
			<Transform DEF="LC-HandSupport_ifs_TRANSFORM"
			           translation="-0.000000 0.000004 0.000002"
			           scale="1.000000 1.000000 1.000000"
			           rotation="0.000000 0.000000 0.000000 0.000000"
			           >
				<Group DEF="group_ME_Cylinder_010">
					<Shape>
						<Appearance>
						</Appearance>
						<IndexedFaceSet solid="false"
						                creaseAngle="0.5236"
						                texCoordIndex="0 1 2 3 4 5 6 7 8 9 10 11 12 13 14 15 16 17 18 19 20 21 22 23 -1 24 25 26 27 28 29 30 31 32 33 34 35 36 37 38 39 40 41 42 43 44 45 46 47 -1 48 49 50 51 -1 52 53 54 55 -1 56 57 58 59 -1 60 61 62 63 -1 64 65 66 67 -1 68 69 70 71 -1 72 73 74 75 -1 76 77 78 79 -1 80 81 82 83 -1 84 85 86 87 -1 88 89 90 91 -1 92 93 94 95 -1 96 97 98 99 -1 100 101 102 103 -1 104 105 106 107 -1 108 109 110 111 -1 112 113 114 115 -1 116 117 118 119 -1 120 121 122 123 -1 124 125 126 127 -1 128 129 130 131 -1 132 133 134 135 -1 136 137 138 139 -1 140 141 142 143 -1 144 145 146 147 -1 148 149 150 151 -1 152 153 154 155 -1 156 157 158 159 -1 160 161 162 163 -1 164 165 166 167 -1 168 169 170 171 -1 172 173 174 175 -1 176 177 178 179 -1 180 181 182 183 -1 184 185 186 187 -1 188 189 190 191 -1 192 193 194 195 -1 196 197 198 199 -1 200 201 202 203 -1 204 205 206 207 -1 208 209 210 211 -1 212 213 214 215 -1 216 217 218 219 -1 220 221 222 223 -1 224 225 226 227 -1 228 229 230 231 -1 232 233 234 235 -1 236 237 238 239 -1 240 241 242 243 -1 244 245 246 247 -1 248 249 250 251 -1 252 253 254 255 -1 256 257 258 259 -1 260 261 262 263 -1 264 265 266 267 -1 268 269 270 271 -1 272 273 274 275 -1 276 277 278 279 -1 280 281 282 283 -1 284 285 286 287 -1 288 289 290 291 -1 292 293 294 295 -1 296 297 298 299 -1 300 301 302 303 -1 304 305 306 307 -1 308 309 310 311 -1 312 313 314 315 -1 316 317 318 319 -1 320 321 322 323 -1 324 325 326 327 -1 328 329 330 331 -1 332 333 334 335 -1 336 337 338 339 -1 340 341 342 343 -1 344 345 346 347 -1 348 349 350 351 -1 352 353 354 355 -1 356 357 358 359 -1 360 361 362 363 -1 364 365 366 367 -1 368 369 370 371 -1 372 373 374 375 -1 376 377 378 379 -1 380 381 382 383 -1 384 385 386 387 -1 388 389 390 391 -1 392 393 394 395 -1 396 397 398 399 -1 400 401 402 403 -1 404 405 406 407 -1 408 409 410 411 -1 412 413 414 415 -1 416 417 418 419 -1 420 421 422 423 -1 424 425 426 427 -1 428 429 430 431 -1 432 433 434 435 -1 436 437 438 439 -1 440 441 442 443 -1 444 445 446 447 -1 448 449 450 451 -1 452 453 454 455 -1 456 457 458 459 -1 460 461 462 463 -1 464 465 466 467 -1 468 469 470 471 -1 472 473 474 475 -1 476 477 478 479 -1 480 481 482 483 -1 484 485 486 487 -1 488 489 490 491 -1 492 493 494 495 -1 496 497 498 499 -1 500 501 502 503 -1 504 505 506 507 -1 508 509 510 511 -1 512 513 514 515 -1 516 517 518 519 -1 520 521 522 523 -1 524 525 526 527 -1 528 529 530 531 -1 532 533 534 535 -1 536 537 538 539 -1 540 541 542 543 -1 544 545 546 547 -1 548 549 550 551 -1 552 553 554 555 -1 556 557 558 559 -1 560 561 562 563 -1 564 565 566 567 -1 568 569 570 571 -1 572 573 574 575 -1 576 577 578 579 -1 580 581 582 583 -1 584 585 586 587 -1 588 589 590 591 -1 592 593 594 595 -1 596 597 598 599 -1 600 601 602 603 -1 604 605 606 607 -1 608 609 610 611 -1 612 613 614 615 -1 616 617 618 619 -1 620 621 622 623 -1 624 625 626 627 -1 628 629 630 631 -1 632 633 634 635 -1 636 637 638 639 -1 640 641 642 643 -1 644 645 646 647 -1 648 649 650 651 -1 652 653 654 655 -1 656 657 658 659 -1 660 661 662 663 -1 664 665 666 667 -1 668 669 670 671 -1 672 673 674 675 -1 676 677 678 679 -1 680 681 682 683 -1 684 685 686 687 -1 688 689 690 691 -1 692 693 694 695 -1 696 697 698 699 -1 700 701 702 703 -1 704 705 706 707 -1 708 709 710 711 -1 712 713 714 715 -1 716 717 718 719 -1 720 721 722 723 -1 724 725 726 727 -1 728 729 730 731 -1 732 733 734 735 -1 736 737 738 739 -1 740 741 742 743 -1 744 745 746 747 -1 748 749 750 751 -1 752 753 754 755 -1 756 757 758 759 -1 760 761 762 763 -1 764 765 766 767 -1 768 769 770 771 -1 772 773 774 775 -1 776 777 778 779 -1 780 781 782 783 -1 784 785 786 787 -1 788 789 790 791 -1 792 793 794 795 -1 796 797 798 799 -1 800 801 802 803 -1 804 805 806 807 -1 808 809 810 811 -1 812 813 814 815 -1 816 817 818 819 -1 820 821 822 823 -1 824 825 826 827 -1 828 829 830 831 -1 832 833 834 835 -1 836 837 838 839 -1 840 841 842 843 -1 844 845 846 847 -1 848 849 850 851 -1 852 853 854 855 -1 856 857 858 859 -1 860 861 862 863 -1 864 865 866 867 -1 868 869 870 871 -1 872 873 874 875 -1 876 877 878 879 -1 880 881 882 883 -1 884 885 886 887 -1 888 889 890 891 -1 892 893 894 895 -1 896 897 898 899 -1 900 901 902 903 -1 904 905 906 907 -1 908 909 910 911 -1 912 913 914 915 -1 916 917 918 919 -1 920 921 922 923 -1 924 925 926 927 -1 928 929 930 931 -1 932 933 934 935 -1 936 937 938 939 -1 940 941 942 943 -1 944 945 946 947 -1 948 949 950 951 -1 952 953 954 955 -1 956 957 958 959 -1 960 961 962 963 -1 964 965 966 967 -1 968 969 970 971 -1 972 973 974 975 -1 976 977 978 979 -1 980 981 982 983 -1 984 985 986 987 -1 988 989 990 991 -1 992 993 994 995 -1 996 997 998 999 -1 1000 1001 1002 1003 -1 1004 1005 1006 1007 -1 "
						                coordIndex="47 0 3 5 7 9 11 13 15 17 19 21 23 25 27 29 31 33 35 37 39 41 43 45 -1 46 44 42 40 38 36 34 32 30 28 26 24 22 20 18 16 14 12 10 8 6 4 2 1 -1 58 56 172 173 -1 0 47 143 144 -1 84 82 185 186 -1 23 21 117 119 -1 57 59 106 104 -1 83 85 132 130 -1 22 24 156 157 -1 56 54 171 172 -1 82 80 184 185 -1 25 23 119 121 -1 55 57 104 102 -1 81 83 130 128 -1 24 26 155 156 -1 54 52 170 171 -1 80 78 183 184 -1 27 25 121 123 -1 53 55 102 100 -1 79 81 128 126 -1 26 28 154 155 -1 1 2 167 97 -1 52 50 169 170 -1 78 76 182 183 -1 29 27 123 125 -1 3 0 144 99 -1 51 53 100 98 -1 95 261 193 48 -1 77 79 126 124 -1 53 198 201 55 -1 28 30 153 154 -1 55 201 204 57 -1 2 4 166 167 -1 57 204 207 59 -1 50 49 96 169 -1 59 207 210 61 -1 76 74 181 182 -1 61 210 213 63 -1 31 29 125 127 -1 63 213 216 65 -1 5 3 99 101 -1 65 216 219 67 -1 48 51 98 168 -1 67 219 222 69 -1 75 77 124 122 -1 69 222 225 71 -1 30 32 152 153 -1 71 225 228 73 -1 4 6 165 166 -1 73 228 231 75 -1 74 72 180 181 -1 75 231 234 77 -1 33 31 127 129 -1 77 234 237 79 -1 7 5 101 103 -1 79 237 240 81 -1 73 75 122 120 -1 81 240 243 83 -1 32 34 151 152 -1 83 243 246 85 -1 6 8 164 165 -1 85 246 249 87 -1 72 70 179 180 -1 87 249 252 89 -1 35 33 129 131 -1 89 252 255 91 -1 9 7 103 105 -1 91 255 258 93 -1 71 73 120 118 -1 93 258 261 95 -1 34 36 150 151 -1 8 10 163 164 -1 48 193 195 51 -1 51 195 198 53 -1 259 92 94 262 -1 256 90 92 259 -1 253 88 90 256 -1 250 86 88 253 -1 247 84 86 250 -1 244 82 84 247 -1 241 80 82 244 -1 238 78 80 241 -1 235 76 78 238 -1 232 74 76 235 -1 229 72 74 232 -1 226 70 72 229 -1 223 68 70 226 -1 220 66 68 223 -1 217 64 66 220 -1 214 62 64 217 -1 211 60 62 214 -1 208 58 60 211 -1 205 56 58 208 -1 202 54 56 205 -1 199 52 54 202 -1 196 50 52 199 -1 192 49 50 196 -1 191 145 97 96 -1 190 146 145 191 -1 189 147 146 190 -1 188 148 147 189 -1 187 149 148 188 -1 186 150 149 187 -1 185 151 150 186 -1 184 152 151 185 -1 183 153 152 184 -1 182 154 153 183 -1 181 155 154 182 -1 180 156 155 181 -1 179 157 156 180 -1 178 158 157 179 -1 177 159 158 178 -1 176 160 159 177 -1 175 161 160 176 -1 174 162 161 175 -1 173 163 162 174 -1 172 164 163 173 -1 171 165 164 172 -1 170 166 165 171 -1 169 167 166 170 -1 96 97 167 169 -1 144 168 98 99 -1 99 98 100 101 -1 101 100 102 103 -1 103 102 104 105 -1 105 104 106 107 -1 107 106 108 109 -1 109 108 110 111 -1 111 110 112 113 -1 113 112 114 115 -1 115 114 116 117 -1 117 116 118 119 -1 119 118 120 121 -1 121 120 122 123 -1 123 122 124 125 -1 125 124 126 127 -1 127 126 128 129 -1 129 128 130 131 -1 131 130 132 133 -1 133 132 134 135 -1 135 134 136 137 -1 137 136 138 139 -1 139 138 140 141 -1 141 140 142 143 -1 143 142 168 144 -1 20 22 157 158 -1 85 87 134 132 -1 46 1 97 145 -1 59 61 108 106 -1 21 19 115 117 -1 86 84 186 187 -1 47 45 141 143 -1 60 58 173 174 -1 18 20 158 159 -1 87 89 136 134 -1 44 46 145 146 -1 61 63 110 108 -1 19 17 113 115 -1 88 86 187 188 -1 45 43 139 141 -1 62 60 174 175 -1 16 18 159 160 -1 89 91 138 136 -1 42 44 146 147 -1 63 65 112 110 -1 17 15 111 113 -1 90 88 188 189 -1 43 41 137 139 -1 64 62 175 176 -1 14 16 160 161 -1 91 93 140 138 -1 40 42 147 148 -1 65 67 114 112 -1 15 13 109 111 -1 92 90 189 190 -1 41 39 135 137 -1 66 64 176 177 -1 12 14 161 162 -1 93 95 142 140 -1 38 40 148 149 -1 67 69 116 114 -1 13 11 107 109 -1 94 92 190 191 -1 39 37 133 135 -1 68 66 177 178 -1 10 12 162 163 -1 95 48 168 142 -1 36 38 149 150 -1 69 71 118 116 -1 11 9 105 107 -1 49 94 191 96 -1 37 35 131 133 -1 70 68 178 179 -1 262 192 194 263 -1 263 194 193 261 -1 259 262 263 260 -1 260 263 261 258 -1 256 259 260 257 -1 257 260 258 255 -1 253 256 257 254 -1 254 257 255 252 -1 250 253 254 251 -1 251 254 252 249 -1 247 250 251 248 -1 248 251 249 246 -1 244 247 248 245 -1 245 248 246 243 -1 241 244 245 242 -1 242 245 243 240 -1 238 241 242 239 -1 239 242 240 237 -1 235 238 239 236 -1 236 239 237 234 -1 232 235 236 233 -1 233 236 234 231 -1 229 232 233 230 -1 230 233 231 228 -1 226 229 230 227 -1 227 230 228 225 -1 223 226 227 224 -1 224 227 225 222 -1 220 223 224 221 -1 221 224 222 219 -1 217 220 221 218 -1 218 221 219 216 -1 214 217 218 215 -1 215 218 216 213 -1 211 214 215 212 -1 212 215 213 210 -1 208 211 212 209 -1 209 212 210 207 -1 205 208 209 206 -1 206 209 207 204 -1 202 205 206 203 -1 203 206 204 201 -1 199 202 203 200 -1 200 203 201 198 -1 196 199 200 197 -1 197 200 198 195 -1 192 196 197 194 -1 194 197 195 193 -1 262 94 49 192 -1 "
						                >
							<Coordinate DEF="coords_ME_Cylinder_010"
							            point="-0.000000 1.000000 -6.745190 -0.000000 1.000001 6.745174 0.258819 0.965926 6.745174 0.258819 0.965926 -6.745191 0.500000 0.866026 6.745174 0.500000 0.866026 -6.745191 0.707107 0.707107 6.745174 0.707107 0.707107 -6.745191 0.866025 0.500001 6.745174 0.866025 0.500000 -6.745191 0.965926 0.258820 6.745174 0.965926 0.258819 -6.745191 1.000000 0.000001 6.745174 1.000000 0.000000 -6.745191 0.965926 -0.258818 6.745174 0.965926 -0.258819 -6.745191 0.866026 -0.499999 6.745174 0.866026 -0.499999 -6.745191 0.707107 -0.707106 6.745174 0.707107 -0.707106 -6.745191 0.500000 -0.866025 6.745174 0.500000 -0.866025 -6.745191 0.258819 -0.965925 6.745174 0.258819 -0.965925 -6.745191 0.000000 -0.999999 6.745174 0.000000 -1.000000 -6.745191 -0.258819 -0.965925 6.745174 -0.258819 -0.965926 -6.745191 -0.500000 -0.866025 6.745174 -0.500000 -0.866025 -6.745191 -0.707106 -0.707107 6.745174 -0.707106 -0.707107 -6.745191 -0.866025 -0.500000 6.745174 -0.866025 -0.500000 -6.745191 -0.965926 -0.258819 6.745174 -0.965926 -0.258819 -6.745191 -1.000000 0.000000 6.745174 -1.000000 -0.000000 -6.745191 -0.965926 0.258819 6.745174 -0.965926 0.258819 -6.745191 -0.866026 0.500000 6.745174 -0.866026 0.500000 -6.745191 -0.707107 0.707107 6.745174 -0.707107 0.707107 -6.745191 -0.500001 0.866026 6.745174 -0.500001 0.866026 -6.745191 -0.258820 0.965926 6.745174 -0.258820 0.965926 -6.745191 -0.000000 1.000000 -5.265858 -0.000000 1.000001 5.265843 0.258819 0.965926 5.265843 0.258819 0.965926 -5.265859 0.500000 0.866026 5.265843 0.500000 0.866026 -5.265859 0.707107 0.707107 5.265843 0.707107 0.707107 -5.265859 0.866025 0.500001 5.265843 0.866025 0.500000 -5.265859 0.965926 0.258820 5.265843 0.965926 0.258819 -5.265859 1.000000 0.000001 5.265843 1.000000 0.000000 -5.265859 0.965926 -0.258818 5.265843 0.965926 -0.258819 -5.265859 0.866026 -0.499999 5.265843 0.866026 -0.499999 -5.265859 0.707107 -0.707106 5.265843 0.707107 -0.707106 -5.265859 0.500000 -0.866025 5.265843 0.500000 -0.866025 -5.265859 0.258819 -0.965925 5.265843 0.258819 -0.965925 -5.265859 0.000000 -0.999999 5.265843 0.000000 -1.000000 -5.265859 -0.258819 -0.965925 5.265843 -0.258819 -0.965926 -5.265859 -0.500000 -0.866025 5.265843 -0.500000 -0.866025 -5.265859 -0.707106 -0.707107 5.265843 -0.707106 -0.707107 -5.265859 -0.866025 -0.500000 5.265843 -0.866025 -0.500000 -5.265859 -0.965926 -0.258819 5.265843 -0.965926 -0.258819 -5.265859 -1.000000 0.000000 5.265843 -1.000000 -0.000000 -5.265859 -0.965926 0.258819 5.265843 -0.965926 0.258819 -5.265859 -0.866026 0.500000 5.265843 -0.866026 0.500000 -5.265859 -0.707107 0.707107 5.265843 -0.707107 0.707107 -5.265859 -0.500001 0.866026 5.265843 -0.500001 0.866026 -5.265859 -0.258820 0.965926 5.265843 -0.258820 0.965926 -5.265859 -0.000000 1.146265 5.707853 -0.000000 1.146265 6.442445 0.296675 1.107206 -5.707869 0.296675 1.107206 -6.442461 0.573133 0.992694 -5.707869 0.573133 0.992694 -6.442461 0.810532 0.810531 -5.707869 0.810532 0.810531 -6.442461 0.992695 0.573132 -5.707869 0.992695 0.573132 -6.442461 1.107208 0.296674 -5.707869 1.107208 0.296674 -6.442461 1.146266 -0.000001 -5.707869 1.146266 -0.000001 -6.442461 1.107208 -0.296677 -5.707869 1.107208 -0.296677 -6.442461 0.992695 -0.573134 -5.707869 0.992695 -0.573134 -6.442461 0.810532 -0.810533 -5.707869 0.810532 -0.810533 -6.442461 0.573133 -0.992696 -5.707869 0.573133 -0.992696 -6.442461 0.296676 -1.107209 -5.707869 0.296676 -1.107209 -6.442461 0.000000 -1.146267 -5.707869 0.000000 -1.146267 -6.442461 -0.296675 -1.107209 -5.707869 -0.296675 -1.107209 -6.442461 -0.573132 -0.992697 -5.707869 -0.573132 -0.992697 -6.442461 -0.810532 -0.810534 -5.707869 -0.810532 -0.810534 -6.442461 -0.992695 -0.573135 -5.707869 -0.992695 -0.573135 -6.442461 -1.107208 -0.296677 -5.707869 -1.107208 -0.296677 -6.442461 -1.146266 -0.000002 -5.707869 -1.146266 -0.000002 -6.442461 -1.107208 0.296674 -5.707869 -1.107208 0.296674 -6.442461 -0.992696 0.573131 -5.707869 -0.992696 0.573131 -6.442461 -0.810533 0.810531 -5.707869 -0.810533 0.810531 -6.442461 -0.573134 0.992694 -5.707869 -0.573134 0.992694 -6.442461 -0.296676 1.107206 -5.707869 -0.296676 1.107206 -6.442461 -0.000000 1.146264 -6.442461 -0.296676 1.107206 6.442445 -0.573134 0.992694 6.442445 -0.810533 0.810531 6.442445 -0.992696 0.573131 6.442445 -1.107208 0.296674 6.442445 -1.146266 -0.000002 6.442445 -1.107208 -0.296677 6.442445 -0.992695 -0.573134 6.442445 -0.810532 -0.810534 6.442445 -0.573132 -0.992697 6.442445 -0.296675 -1.107209 6.442445 0.000000 -1.146267 6.442445 0.296676 -1.107209 6.442445 0.573133 -0.992696 6.442445 0.810532 -0.810533 6.442445 0.992695 -0.573134 6.442445 1.107208 -0.296676 6.442445 1.146266 -0.000001 6.442445 1.107208 0.296674 6.442445 0.992695 0.573132 6.442445 0.810532 0.810531 6.442445 0.573133 0.992694 6.442445 0.296675 1.107207 6.442445 -0.000000 1.146264 -5.707868 0.296675 1.107207 5.707853 0.573133 0.992694 5.707853 0.810532 0.810531 5.707853 0.992695 0.573132 5.707853 1.107208 0.296674 5.707853 1.146266 -0.000001 5.707853 1.107208 -0.296676 5.707853 0.992695 -0.573134 5.707853 0.810532 -0.810533 5.707853 0.573133 -0.992696 5.707853 0.296676 -1.107209 5.707853 0.000000 -1.146267 5.707853 -0.296675 -1.107209 5.707853 -0.573132 -0.992697 5.707853 -0.810532 -0.810534 5.707853 -0.992695 -0.573134 5.707853 -1.107208 -0.296677 5.707853 -1.146266 -0.000002 5.707853 -1.107208 0.296674 5.707853 -0.992696 0.573131 5.707853 -0.810533 0.810531 5.707853 -0.573134 0.992694 5.707853 -0.296676 1.107206 5.707853 -0.000000 1.230577 1.281537 -0.000000 1.230577 -1.281550 -0.000000 1.261296 -0.000007 0.318496 1.188646 -1.281551 0.318496 1.188646 1.281536 0.326447 1.218319 -0.000008 0.615288 1.065711 -1.281551 0.615288 1.065711 1.281536 0.630647 1.092315 -0.000008 0.870148 0.870149 -1.281551 0.870148 0.870149 1.281536 0.891870 0.891872 -0.000008 1.065709 0.615289 -1.281551 1.065709 0.615289 1.281536 1.092314 0.630649 -0.000008 1.188644 0.318498 -1.281551 1.188644 0.318498 1.281536 1.218317 0.326449 -0.000008 1.230575 0.000001 -1.281551 1.230575 0.000002 1.281536 1.261295 0.000002 -0.000008 1.188645 -0.318495 -1.281551 1.188645 -0.318495 1.281536 1.218318 -0.326445 -0.000007 1.065709 -0.615286 -1.281551 1.065709 -0.615286 1.281536 1.092314 -0.630646 -0.000007 0.870148 -0.870147 -1.281551 0.870148 -0.870146 1.281536 0.891870 -0.891869 -0.000007 0.615288 -1.065708 -1.281551 0.615288 -1.065708 1.281536 0.630648 -1.092312 -0.000007 0.318497 -1.188643 -1.281551 0.318497 -1.188643 1.281536 0.326448 -1.218316 -0.000007 0.000000 -1.230574 -1.281551 0.000000 -1.230574 1.281536 0.000000 -1.261293 -0.000007 -0.318496 -1.188643 -1.281551 -0.318496 -1.188643 1.281536 -0.326447 -1.218316 -0.000007 -0.615287 -1.065708 -1.281551 -0.615287 -1.065708 1.281536 -0.630647 -1.092312 -0.000007 -0.870148 -0.870147 -1.281551 -0.870148 -0.870147 1.281536 -0.891870 -0.891869 -0.000007 -1.065709 -0.615287 -1.281551 -1.065709 -0.615287 1.281536 -1.092313 -0.630646 -0.000007 -1.188644 -0.318495 -1.281551 -1.188644 -0.318495 1.281536 -1.218317 -0.326446 -0.000007 -1.230575 0.000001 -1.281551 -1.230575 0.000001 1.281536 -1.261295 0.000001 -0.000008 -1.188645 0.318497 -1.281551 -1.188645 0.318497 1.281536 -1.218318 0.326448 -0.000008 -1.065710 0.615288 -1.281551 -1.065710 0.615288 1.281536 -1.092314 0.630648 -0.000008 -0.870149 0.870149 -1.281551 -0.870149 0.870149 1.281536 -0.891871 0.891871 -0.000008 -0.615288 1.065710 -1.281551 -0.615288 1.065710 1.281536 -0.630648 1.092315 -0.000008 -0.318497 1.188645 -1.281551 -0.318497 1.188646 1.281536 -0.326448 1.218319 -0.000008 "
							            />
							<TextureCoordinate point="0.0417 0.6667 1.0000 0.6667 0.9583 0.6667 0.9167 0.6667 0.8750 0.6667 0.8333 0.6667 0.7917 0.6667 0.7500 0.6667 0.7083 0.6667 0.6667 0.6667 0.6250 0.6667 0.5833 0.6667 0.5417 0.6667 0.5000 0.6667 0.4583 0.6667 0.4167 0.6667 0.3750 0.6667 0.3333 0.6667 0.2917 0.6667 0.2500 0.6667 0.2083 0.6667 0.1667 0.6667 0.1250 0.6667 0.0833 0.6667 0.0417 0.8333 0.0833 0.8333 0.1250 0.8333 0.1667 0.8333 0.2083 0.8333 0.2500 0.8333 0.2917 0.8333 0.3333 0.8333 0.3750 0.8333 0.4167 0.8333 0.4583 0.8333 0.5000 0.8333 0.5417 0.8333 0.5833 0.8333 0.6250 0.8333 0.6667 0.8333 0.7083 0.8333 0.7500 0.8333 0.7917 0.8333 0.8333 0.8333 0.8750 0.8333 0.9167 0.8333 0.9583 0.8333 1.0000 0.8333 0.7917 0.7778 0.8333 0.7778 0.8333 0.7778 0.7917 0.7778 -0.0000 0.6667 0.0417 0.6667 0.0417 0.6667 -0.0000 0.6667 0.2500 0.7778 0.2917 0.7778 0.2917 0.7778 0.2500 0.7778 0.5417 0.6667 0.5833 0.6667 0.5833 0.6667 0.5417 0.6667 0.8333 0.7222 0.7917 0.7222 0.7917 0.7222 0.8333 0.7222 0.2917 0.7222 0.2500 0.7222 0.2500 0.7222 0.2917 0.7222 0.5417 0.8333 0.5000 0.8333 0.5000 0.8333 0.5417 0.8333 0.8333 0.7778 0.8750 0.7778 0.8750 0.7778 0.8333 0.7778 0.2917 0.7778 0.3333 0.7778 0.3333 0.7778 0.2917 0.7778 0.5000 0.6667 0.5417 0.6667 0.5417 0.6667 0.5000 0.6667 0.8750 0.7222 0.8333 0.7222 0.8333 0.7222 0.8750 0.7222 0.3333 0.7222 0.2917 0.7222 0.2917 0.7222 0.3333 0.7222 0.5000 0.8333 0.4583 0.8333 0.4583 0.8333 0.5000 0.8333 0.8750 0.7778 0.9167 0.7778 0.9167 0.7778 0.8750 0.7778 0.3333 0.7778 0.3750 0.7778 0.3750 0.7778 0.3333 0.7778 0.4583 0.6667 0.5000 0.6667 0.5000 0.6667 0.4583 0.6667 0.9167 0.7222 0.8750 0.7222 0.8750 0.7222 0.9167 0.7222 0.3750 0.7222 0.3333 0.7222 0.3333 0.7222 0.3750 0.7222 0.4583 0.8333 0.4167 0.8333 0.4167 0.8333 0.4583 0.8333 1.0000 0.8333 0.9583 0.8333 0.9583 0.8333 1.0000 0.8333 0.9167 0.7778 0.9583 0.7778 0.9583 0.7778 0.9167 0.7778 0.3750 0.7778 0.4167 0.7778 0.4167 0.7778 0.3750 0.7778 0.4167 0.6667 0.4583 0.6667 0.4583 0.6667 0.4167 0.6667 0.9583 0.6667 1.0000 0.6667 1.0000 0.6667 0.9583 0.6667 0.9583 0.7222 0.9167 0.7222 0.9167 0.7222 0.9583 0.7222 0.0417 0.7222 0.0417 0.7432 -0.0000 0.7432 -0.0000 0.7222 0.4167 0.7222 0.3750 0.7222 0.3750 0.7222 0.4167 0.7222 0.9167 0.7222 0.9167 0.7432 0.8750 0.7432 0.8750 0.7222 0.4167 0.8333 0.3750 0.8333 0.3750 0.8333 0.4167 0.8333 0.8750 0.7222 0.8750 0.7432 0.8333 0.7432 0.8333 0.7222 0.9583 0.8333 0.9167 0.8333 0.9167 0.8333 0.9583 0.8333 0.8333 0.7222 0.8333 0.7432 0.7917 0.7432 0.7917 0.7222 0.9583 0.7778 1.0000 0.7778 1.0000 0.7778 0.9583 0.7778 0.7917 0.7222 0.7917 0.7432 0.7500 0.7432 0.7500 0.7222 0.4167 0.7778 0.4583 0.7778 0.4583 0.7778 0.4167 0.7778 0.7500 0.7222 0.7500 0.7432 0.7083 0.7432 0.7083 0.7222 0.3750 0.6667 0.4167 0.6667 0.4167 0.6667 0.3750 0.6667 0.7083 0.7222 0.7083 0.7432 0.6667 0.7432 0.6667 0.7222 0.9167 0.6667 0.9583 0.6667 0.9583 0.6667 0.9167 0.6667 0.6667 0.7222 0.6667 0.7432 0.6250 0.7432 0.6250 0.7222 1.0000 0.7222 0.9583 0.7222 0.9583 0.7222 1.0000 0.7222 0.6250 0.7222 0.6250 0.7432 0.5833 0.7432 0.5833 0.7222 0.4583 0.7222 0.4167 0.7222 0.4167 0.7222 0.4583 0.7222 0.5833 0.7222 0.5833 0.7432 0.5417 0.7432 0.5417 0.7222 0.3750 0.8333 0.3333 0.8333 0.3333 0.8333 0.3750 0.8333 0.5417 0.7222 0.5417 0.7432 0.5000 0.7432 0.5000 0.7222 0.9167 0.8333 0.8750 0.8333 0.8750 0.8333 0.9167 0.8333 0.5000 0.7222 0.5000 0.7432 0.4583 0.7432 0.4583 0.7222 0.4583 0.7778 0.5000 0.7778 0.5000 0.7778 0.4583 0.7778 0.4583 0.7222 0.4583 0.7432 0.4167 0.7432 0.4167 0.7222 0.3333 0.6667 0.3750 0.6667 0.3750 0.6667 0.3333 0.6667 0.4167 0.7222 0.4167 0.7432 0.3750 0.7432 0.3750 0.7222 0.8750 0.6667 0.9167 0.6667 0.9167 0.6667 0.8750 0.6667 0.3750 0.7222 0.3750 0.7432 0.3333 0.7432 0.3333 0.7222 0.5000 0.7222 0.4583 0.7222 0.4583 0.7222 0.5000 0.7222 0.3333 0.7222 0.3333 0.7432 0.2917 0.7432 0.2917 0.7222 0.3333 0.8333 0.2917 0.8333 0.2917 0.8333 0.3333 0.8333 0.2917 0.7222 0.2917 0.7432 0.2500 0.7432 0.2500 0.7222 0.8750 0.8333 0.8333 0.8333 0.8333 0.8333 0.8750 0.8333 0.2500 0.7222 0.2500 0.7432 0.2083 0.7432 0.2083 0.7222 0.5000 0.7778 0.5417 0.7778 0.5417 0.7778 0.5000 0.7778 0.2083 0.7222 0.2083 0.7432 0.1667 0.7432 0.1667 0.7222 0.2917 0.6667 0.3333 0.6667 0.3333 0.6667 0.2917 0.6667 0.1667 0.7222 0.1667 0.7432 0.1250 0.7432 0.1250 0.7222 0.8333 0.6667 0.8750 0.6667 0.8750 0.6667 0.8333 0.6667 0.1250 0.7222 0.1250 0.7432 0.0833 0.7432 0.0833 0.7222 0.5417 0.7222 0.5000 0.7222 0.5000 0.7222 0.5417 0.7222 0.0833 0.7222 0.0833 0.7432 0.0417 0.7432 0.0417 0.7222 0.2917 0.8333 0.2500 0.8333 0.2500 0.8333 0.2917 0.8333 0.8333 0.8333 0.7917 0.8333 0.7917 0.8333 0.8333 0.8333 1.0000 0.7222 1.0000 0.7432 0.9583 0.7432 0.9583 0.7222 0.9583 0.7222 0.9583 0.7432 0.9167 0.7432 0.9167 0.7222 0.0833 0.7568 0.0833 0.7778 0.0417 0.7778 0.0417 0.7568 0.1250 0.7568 0.1250 0.7778 0.0833 0.7778 0.0833 0.7568 0.1667 0.7568 0.1667 0.7778 0.1250 0.7778 0.1250 0.7568 0.2083 0.7568 0.2083 0.7778 0.1667 0.7778 0.1667 0.7568 0.2500 0.7568 0.2500 0.7778 0.2083 0.7778 0.2083 0.7568 0.2917 0.7568 0.2917 0.7778 0.2500 0.7778 0.2500 0.7568 0.3333 0.7568 0.3333 0.7778 0.2917 0.7778 0.2917 0.7568 0.3750 0.7568 0.3750 0.7778 0.3333 0.7778 0.3333 0.7568 0.4167 0.7568 0.4167 0.7778 0.3750 0.7778 0.3750 0.7568 0.4583 0.7568 0.4583 0.7778 0.4167 0.7778 0.4167 0.7568 0.5000 0.7568 0.5000 0.7778 0.4583 0.7778 0.4583 0.7568 0.5417 0.7568 0.5417 0.7778 0.5000 0.7778 0.5000 0.7568 0.5833 0.7568 0.5833 0.7778 0.5417 0.7778 0.5417 0.7568 0.6250 0.7568 0.6250 0.7778 0.5833 0.7778 0.5833 0.7568 0.6667 0.7568 0.6667 0.7778 0.6250 0.7778 0.6250 0.7568 0.7083 0.7568 0.7083 0.7778 0.6667 0.7778 0.6667 0.7568 0.7500 0.7568 0.7500 0.7778 0.7083 0.7778 0.7083 0.7568 0.7917 0.7568 0.7917 0.7778 0.7500 0.7778 0.7500 0.7568 0.8333 0.7568 0.8333 0.7778 0.7917 0.7778 0.7917 0.7568 0.8750 0.7568 0.8750 0.7778 0.8333 0.7778 0.8333 0.7568 0.9167 0.7568 0.9167 0.7778 0.8750 0.7778 0.8750 0.7568 0.9583 0.7568 0.9583 0.7778 0.9167 0.7778 0.9167 0.7568 1.0000 0.7568 1.0000 0.7778 0.9583 0.7778 0.9583 0.7568 0.0417 0.7778 0.0417 0.8333 -0.0000 0.8333 -0.0000 0.7778 0.0833 0.7778 0.0833 0.8333 0.0417 0.8333 0.0417 0.7778 0.1250 0.7778 0.1250 0.8333 0.0833 0.8333 0.0833 0.7778 0.1667 0.7778 0.1667 0.8333 0.1250 0.8333 0.1250 0.7778 0.2083 0.7778 0.2083 0.8333 0.1667 0.8333 0.1667 0.7778 0.2500 0.7778 0.2500 0.8333 0.2083 0.8333 0.2083 0.7778 0.2917 0.7778 0.2917 0.8333 0.2500 0.8333 0.2500 0.7778 0.3333 0.7778 0.3333 0.8333 0.2917 0.8333 0.2917 0.7778 0.3750 0.7778 0.3750 0.8333 0.3333 0.8333 0.3333 0.7778 0.4167 0.7778 0.4167 0.8333 0.3750 0.8333 0.3750 0.7778 0.4583 0.7778 0.4583 0.8333 0.4167 0.8333 0.4167 0.7778 0.5000 0.7778 0.5000 0.8333 0.4583 0.8333 0.4583 0.7778 0.5417 0.7778 0.5417 0.8333 0.5000 0.8333 0.5000 0.7778 0.5833 0.7778 0.5833 0.8333 0.5417 0.8333 0.5417 0.7778 0.6250 0.7778 0.6250 0.8333 0.5833 0.8333 0.5833 0.7778 0.6667 0.7778 0.6667 0.8333 0.6250 0.8333 0.6250 0.7778 0.7083 0.7778 0.7083 0.8333 0.6667 0.8333 0.6667 0.7778 0.7500 0.7778 0.7500 0.8333 0.7083 0.8333 0.7083 0.7778 0.7917 0.7778 0.7917 0.8333 0.7500 0.8333 0.7500 0.7778 0.8333 0.7778 0.8333 0.8333 0.7917 0.8333 0.7917 0.7778 0.8750 0.7778 0.8750 0.8333 0.8333 0.8333 0.8333 0.7778 0.9167 0.7778 0.9167 0.8333 0.8750 0.8333 0.8750 0.7778 0.9583 0.7778 0.9583 0.8333 0.9167 0.8333 0.9167 0.7778 1.0000 0.7778 1.0000 0.8333 0.9583 0.8333 0.9583 0.7778 1.0000 0.6667 1.0000 0.7222 0.9583 0.7222 0.9583 0.6667 0.9583 0.6667 0.9583 0.7222 0.9167 0.7222 0.9167 0.6667 0.9167 0.6667 0.9167 0.7222 0.8750 0.7222 0.8750 0.6667 0.8750 0.6667 0.8750 0.7222 0.8333 0.7222 0.8333 0.6667 0.8333 0.6667 0.8333 0.7222 0.7917 0.7222 0.7917 0.6667 0.7917 0.6667 0.7917 0.7222 0.7500 0.7222 0.7500 0.6667 0.7500 0.6667 0.7500 0.7222 0.7083 0.7222 0.7083 0.6667 0.7083 0.6667 0.7083 0.7222 0.6667 0.7222 0.6667 0.6667 0.6667 0.6667 0.6667 0.7222 0.6250 0.7222 0.6250 0.6667 0.6250 0.6667 0.6250 0.7222 0.5833 0.7222 0.5833 0.6667 0.5833 0.6667 0.5833 0.7222 0.5417 0.7222 0.5417 0.6667 0.5417 0.6667 0.5417 0.7222 0.5000 0.7222 0.5000 0.6667 0.5000 0.6667 0.5000 0.7222 0.4583 0.7222 0.4583 0.6667 0.4583 0.6667 0.4583 0.7222 0.4167 0.7222 0.4167 0.6667 0.4167 0.6667 0.4167 0.7222 0.3750 0.7222 0.3750 0.6667 0.3750 0.6667 0.3750 0.7222 0.3333 0.7222 0.3333 0.6667 0.3333 0.6667 0.3333 0.7222 0.2917 0.7222 0.2917 0.6667 0.2917 0.6667 0.2917 0.7222 0.2500 0.7222 0.2500 0.6667 0.2500 0.6667 0.2500 0.7222 0.2083 0.7222 0.2083 0.6667 0.2083 0.6667 0.2083 0.7222 0.1667 0.7222 0.1667 0.6667 0.1667 0.6667 0.1667 0.7222 0.1250 0.7222 0.1250 0.6667 0.1250 0.6667 0.1250 0.7222 0.0833 0.7222 0.0833 0.6667 0.0833 0.6667 0.0833 0.7222 0.0417 0.7222 0.0417 0.6667 0.0417 0.6667 0.0417 0.7222 -0.0000 0.7222 -0.0000 0.6667 0.5833 0.8333 0.5417 0.8333 0.5417 0.8333 0.5833 0.8333 0.2500 0.7222 0.2083 0.7222 0.2083 0.7222 0.2500 0.7222 0.0417 0.8333 -0.0000 0.8333 -0.0000 0.8333 0.0417 0.8333 0.7917 0.7222 0.7500 0.7222 0.7500 0.7222 0.7917 0.7222 0.5833 0.6667 0.6250 0.6667 0.6250 0.6667 0.5833 0.6667 0.2083 0.7778 0.2500 0.7778 0.2500 0.7778 0.2083 0.7778 0.0417 0.6667 0.0833 0.6667 0.0833 0.6667 0.0417 0.6667 0.7500 0.7778 0.7917 0.7778 0.7917 0.7778 0.7500 0.7778 0.6250 0.8333 0.5833 0.8333 0.5833 0.8333 0.6250 0.8333 0.2083 0.7222 0.1667 0.7222 0.1667 0.7222 0.2083 0.7222 0.0833 0.8333 0.0417 0.8333 0.0417 0.8333 0.0833 0.8333 0.7500 0.7222 0.7083 0.7222 0.7083 0.7222 0.7500 0.7222 0.6250 0.6667 0.6667 0.6667 0.6667 0.6667 0.6250 0.6667 0.1667 0.7778 0.2083 0.7778 0.2083 0.7778 0.1667 0.7778 0.0833 0.6667 0.1250 0.6667 0.1250 0.6667 0.0833 0.6667 0.7083 0.7778 0.7500 0.7778 0.7500 0.7778 0.7083 0.7778 0.6667 0.8333 0.6250 0.8333 0.6250 0.8333 0.6667 0.8333 0.1667 0.7222 0.1250 0.7222 0.1250 0.7222 0.1667 0.7222 0.1250 0.8333 0.0833 0.8333 0.0833 0.8333 0.1250 0.8333 0.7083 0.7222 0.6667 0.7222 0.6667 0.7222 0.7083 0.7222 0.6667 0.6667 0.7083 0.6667 0.7083 0.6667 0.6667 0.6667 0.1250 0.7778 0.1667 0.7778 0.1667 0.7778 0.1250 0.7778 0.1250 0.6667 0.1667 0.6667 0.1667 0.6667 0.1250 0.6667 0.6667 0.7778 0.7083 0.7778 0.7083 0.7778 0.6667 0.7778 0.7083 0.8333 0.6667 0.8333 0.6667 0.8333 0.7083 0.8333 0.1250 0.7222 0.0833 0.7222 0.0833 0.7222 0.1250 0.7222 0.1667 0.8333 0.1250 0.8333 0.1250 0.8333 0.1667 0.8333 0.6667 0.7222 0.6250 0.7222 0.6250 0.7222 0.6667 0.7222 0.7083 0.6667 0.7500 0.6667 0.7500 0.6667 0.7083 0.6667 0.0833 0.7778 0.1250 0.7778 0.1250 0.7778 0.0833 0.7778 0.1667 0.6667 0.2083 0.6667 0.2083 0.6667 0.1667 0.6667 0.6250 0.7778 0.6667 0.7778 0.6667 0.7778 0.6250 0.7778 0.7500 0.8333 0.7083 0.8333 0.7083 0.8333 0.7500 0.8333 0.0833 0.7222 0.0417 0.7222 0.0417 0.7222 0.0833 0.7222 0.2083 0.8333 0.1667 0.8333 0.1667 0.8333 0.2083 0.8333 0.6250 0.7222 0.5833 0.7222 0.5833 0.7222 0.6250 0.7222 0.7500 0.6667 0.7917 0.6667 0.7917 0.6667 0.7500 0.6667 0.0417 0.7778 0.0833 0.7778 0.0833 0.7778 0.0417 0.7778 0.2083 0.6667 0.2500 0.6667 0.2500 0.6667 0.2083 0.6667 0.5833 0.7778 0.6250 0.7778 0.6250 0.7778 0.5833 0.7778 0.7917 0.8333 0.7500 0.8333 0.7500 0.8333 0.7917 0.8333 0.0417 0.7222 -0.0000 0.7222 -0.0000 0.7222 0.0417 0.7222 0.2500 0.8333 0.2083 0.8333 0.2083 0.8333 0.2500 0.8333 0.5833 0.7222 0.5417 0.7222 0.5417 0.7222 0.5833 0.7222 0.7917 0.6667 0.8333 0.6667 0.8333 0.6667 0.7917 0.6667 -0.0000 0.7778 0.0417 0.7778 0.0417 0.7778 -0.0000 0.7778 0.2500 0.6667 0.2917 0.6667 0.2917 0.6667 0.2500 0.6667 0.5417 0.7778 0.5833 0.7778 0.5833 0.7778 0.5417 0.7778 0.0417 0.7568 -0.0000 0.7568 0.0007 0.7500 0.0417 0.7500 0.0417 0.7500 0.0007 0.7500 -0.0000 0.7432 0.0417 0.7432 0.0833 0.7568 0.0417 0.7568 0.0417 0.7500 0.0833 0.7500 0.0833 0.7500 0.0417 0.7500 0.0417 0.7432 0.0833 0.7432 0.1250 0.7568 0.0833 0.7568 0.0833 0.7500 0.1250 0.7500 0.1250 0.7500 0.0833 0.7500 0.0833 0.7432 0.1250 0.7432 0.1667 0.7568 0.1250 0.7568 0.1250 0.7500 0.1667 0.7500 0.1667 0.7500 0.1250 0.7500 0.1250 0.7432 0.1667 0.7432 0.2083 0.7568 0.1667 0.7568 0.1667 0.7500 0.2083 0.7500 0.2083 0.7500 0.1667 0.7500 0.1667 0.7432 0.2083 0.7432 0.2500 0.7568 0.2083 0.7568 0.2083 0.7500 0.2500 0.7500 0.2500 0.7500 0.2083 0.7500 0.2083 0.7432 0.2500 0.7432 0.2917 0.7568 0.2500 0.7568 0.2500 0.7500 0.2917 0.7500 0.2917 0.7500 0.2500 0.7500 0.2500 0.7432 0.2917 0.7432 0.3333 0.7568 0.2917 0.7568 0.2917 0.7500 0.3333 0.7500 0.3333 0.7500 0.2917 0.7500 0.2917 0.7432 0.3333 0.7432 0.3750 0.7568 0.3333 0.7568 0.3333 0.7500 0.3750 0.7500 0.3750 0.7500 0.3333 0.7500 0.3333 0.7432 0.3750 0.7432 0.4167 0.7568 0.3750 0.7568 0.3750 0.7500 0.4167 0.7500 0.4167 0.7500 0.3750 0.7500 0.3750 0.7432 0.4167 0.7432 0.4583 0.7568 0.4167 0.7568 0.4167 0.7500 0.4583 0.7500 0.4583 0.7500 0.4167 0.7500 0.4167 0.7432 0.4583 0.7432 0.5000 0.7568 0.4583 0.7568 0.4583 0.7500 0.5000 0.7500 0.5000 0.7500 0.4583 0.7500 0.4583 0.7432 0.5000 0.7432 0.5417 0.7568 0.5000 0.7568 0.5000 0.7500 0.5417 0.7500 0.5417 0.7500 0.5000 0.7500 0.5000 0.7432 0.5417 0.7432 0.5833 0.7568 0.5417 0.7568 0.5417 0.7500 0.5833 0.7500 0.5833 0.7500 0.5417 0.7500 0.5417 0.7432 0.5833 0.7432 0.6250 0.7568 0.5833 0.7568 0.5833 0.7500 0.6250 0.7500 0.6250 0.7500 0.5833 0.7500 0.5833 0.7432 0.6250 0.7432 0.6667 0.7568 0.6250 0.7568 0.6250 0.7500 0.6667 0.7500 0.6667 0.7500 0.6250 0.7500 0.6250 0.7432 0.6667 0.7432 0.7083 0.7568 0.6667 0.7568 0.6667 0.7500 0.7083 0.7500 0.7083 0.7500 0.6667 0.7500 0.6667 0.7432 0.7083 0.7432 0.7500 0.7568 0.7083 0.7568 0.7083 0.7500 0.7500 0.7500 0.7500 0.7500 0.7083 0.7500 0.7083 0.7432 0.7500 0.7432 0.7917 0.7568 0.7500 0.7568 0.7500 0.7500 0.7917 0.7500 0.7917 0.7500 0.7500 0.7500 0.7500 0.7432 0.7917 0.7432 0.8333 0.7568 0.7917 0.7568 0.7917 0.7500 0.8333 0.7500 0.8333 0.7500 0.7917 0.7500 0.7917 0.7432 0.8333 0.7432 0.8750 0.7568 0.8333 0.7568 0.8333 0.7500 0.8750 0.7500 0.8750 0.7500 0.8333 0.7500 0.8333 0.7432 0.8750 0.7432 0.9167 0.7568 0.8750 0.7568 0.8750 0.7500 0.9167 0.7500 0.9167 0.7500 0.8750 0.7500 0.8750 0.7432 0.9167 0.7432 0.9583 0.7568 0.9167 0.7568 0.9167 0.7500 0.9583 0.7500 0.9583 0.7500 0.9167 0.7500 0.9167 0.7432 0.9583 0.7432 1.0000 0.7568 0.9583 0.7568 0.9583 0.7500 0.9993 0.7500 0.9993 0.7500 0.9583 0.7500 0.9583 0.7432 1.0000 0.7432 0.0417 0.7568 0.0417 0.7778 -0.0000 0.7778 -0.0000 0.7568 " />
						</IndexedFaceSet>
					</Shape>
				</Group>
			</Transform>
		</Transform>
		<Transform DEF="LC-PoleL_TRANSFORM"
		           translation="0.004251 2.990447 -1.300251"
		           scale="0.719931 0.719931 0.719931"
		           rotation="-0.577350 0.577350 -0.577350 2.094395"
		           >
			<Transform DEF="LC-PoleL_ifs_TRANSFORM"
			           translation="-0.000000 0.000000 0.000000"
			           scale="1.000000 1.000000 1.000000"
			           rotation="-0.000000 0.000000 0.000000 0.000000"
			           >
				<Group DEF="group_ME_BezierCurve_008">
					<Shape>
						<Appearance>
						</Appearance>
						<IndexedFaceSet solid="false"
						                creaseAngle="4.0000"
						                texCoordIndex="0 1 2 3 -1 4 5 6 7 -1 8 9 10 11 -1 12 13 14 15 -1 16 17 18 19 -1 20 21 22 23 -1 24 25 26 27 -1 28 29 30 31 -1 32 33 34 35 -1 36 37 38 39 -1 40 41 42 43 -1 44 45 46 47 -1 48 49 50 51 -1 52 53 54 55 -1 56 57 58 59 -1 60 61 62 63 -1 64 65 66 67 -1 68 69 70 71 -1 72 73 74 75 -1 76 77 78 79 -1 80 81 82 83 -1 84 85 86 87 -1 88 89 90 91 -1 92 93 94 95 -1 96 97 98 99 -1 100 101 102 103 -1 104 105 106 107 -1 108 109 110 111 -1 112 113 114 115 -1 116 117 118 119 -1 120 121 122 123 -1 124 125 126 127 -1 128 129 130 131 -1 132 133 134 135 -1 136 137 138 139 -1 140 141 142 143 -1 144 145 146 147 -1 148 149 150 151 -1 152 153 154 155 -1 156 157 158 159 -1 160 161 162 163 -1 164 165 166 167 -1 168 169 170 171 -1 172 173 174 175 -1 176 177 178 179 -1 180 181 182 183 -1 184 185 186 187 -1 188 189 190 191 -1 192 193 194 195 -1 196 197 198 199 -1 200 201 202 203 -1 204 205 206 207 -1 208 209 210 211 -1 212 213 214 215 -1 216 217 218 219 -1 220 221 222 223 -1 224 225 226 227 -1 228 229 230 231 -1 232 233 234 235 -1 236 237 238 239 -1 240 241 242 243 -1 244 245 246 247 -1 248 249 250 251 -1 252 253 254 255 -1 256 257 258 259 -1 260 261 262 263 -1 264 265 266 267 -1 268 269 270 271 -1 272 273 274 275 -1 276 277 278 279 -1 280 281 282 283 -1 284 285 286 287 -1 288 289 290 291 -1 292 293 294 295 -1 296 297 298 299 -1 300 301 302 303 -1 304 305 306 307 -1 308 309 310 311 -1 312 313 314 315 -1 316 317 318 319 -1 320 321 322 323 -1 324 325 326 327 -1 328 329 330 331 -1 332 333 334 335 -1 336 337 338 339 -1 340 341 342 343 -1 344 345 346 347 -1 348 349 350 351 -1 352 353 354 355 -1 356 357 358 359 -1 360 361 362 363 -1 364 365 366 367 -1 368 369 370 371 -1 372 373 374 375 -1 376 377 378 379 -1 380 381 382 383 -1 384 385 386 387 -1 388 389 390 391 -1 392 393 394 395 -1 396 397 398 399 -1 400 401 402 403 -1 404 405 406 407 -1 408 409 410 411 -1 412 413 414 415 -1 416 417 418 419 -1 420 421 422 423 -1 424 425 426 427 -1 428 429 430 431 -1 432 433 434 435 -1 436 437 438 439 -1 440 441 442 443 -1 444 445 446 447 -1 448 449 450 451 -1 452 453 454 455 -1 456 457 458 459 -1 460 461 462 463 -1 464 465 466 467 -1 468 469 470 471 -1 472 473 474 475 -1 476 477 478 479 -1 480 481 482 483 -1 484 485 486 487 -1 488 489 490 491 -1 492 493 494 495 -1 496 497 498 499 -1 500 501 502 503 -1 504 505 506 507 -1 508 509 510 511 -1 512 513 514 515 -1 516 517 518 519 -1 520 521 522 523 -1 524 525 526 527 -1 528 529 530 531 -1 532 533 534 535 -1 536 537 538 539 -1 540 541 542 543 -1 544 545 546 547 -1 548 549 550 551 -1 552 553 554 555 -1 556 557 558 559 -1 560 561 562 563 -1 564 565 566 567 -1 568 569 570 571 -1 572 573 574 575 -1 576 577 578 579 -1 580 581 582 583 -1 584 585 586 587 -1 588 589 590 591 -1 592 593 594 595 -1 596 597 598 599 -1 600 601 602 603 -1 604 605 606 607 -1 608 609 610 611 -1 612 613 614 615 -1 616 617 618 619 -1 620 621 622 623 -1 624 625 626 627 -1 628 629 630 631 -1 632 633 634 635 -1 636 637 638 639 -1 640 641 642 643 -1 644 645 646 647 -1 648 649 650 651 -1 652 653 654 655 -1 656 657 658 659 -1 660 661 662 663 -1 664 665 666 667 -1 668 669 670 671 -1 672 673 674 675 -1 676 677 678 679 -1 680 681 682 683 -1 684 685 686 687 -1 688 689 690 691 -1 692 693 694 695 -1 696 697 698 699 -1 700 701 702 703 -1 704 705 706 707 -1 708 709 710 711 -1 712 713 714 715 -1 716 717 718 719 -1 720 721 722 723 -1 724 725 726 727 -1 728 729 730 731 -1 732 733 734 735 -1 736 737 738 739 -1 740 741 742 743 -1 744 745 746 747 -1 748 749 750 751 -1 752 753 754 755 -1 756 757 758 759 -1 760 761 762 763 -1 764 765 766 767 -1 768 769 770 771 -1 772 773 774 775 -1 776 777 778 779 -1 780 781 782 783 -1 784 785 786 787 -1 788 789 790 791 -1 792 793 794 795 -1 796 797 798 799 -1 800 801 802 803 -1 804 805 806 807 -1 808 809 810 811 -1 812 813 814 815 -1 "
						                coordIndex="0 12 23 11 -1 1 13 12 0 -1 2 14 13 1 -1 3 15 14 2 -1 4 16 15 3 -1 5 17 16 4 -1 6 18 17 5 -1 7 19 18 6 -1 8 20 19 7 -1 9 21 20 8 -1 10 22 21 9 -1 11 23 22 10 -1 12 24 35 23 -1 13 25 24 12 -1 14 26 25 13 -1 15 27 26 14 -1 16 28 27 15 -1 17 29 28 16 -1 18 30 29 17 -1 19 31 30 18 -1 20 32 31 19 -1 21 33 32 20 -1 22 34 33 21 -1 23 35 34 22 -1 24 36 47 35 -1 25 37 36 24 -1 26 38 37 25 -1 27 39 38 26 -1 28 40 39 27 -1 29 41 40 28 -1 30 42 41 29 -1 31 43 42 30 -1 32 44 43 31 -1 33 45 44 32 -1 34 46 45 33 -1 35 47 46 34 -1 36 48 59 47 -1 37 49 48 36 -1 38 50 49 37 -1 39 51 50 38 -1 40 52 51 39 -1 41 53 52 40 -1 42 54 53 41 -1 43 55 54 42 -1 44 56 55 43 -1 45 57 56 44 -1 46 58 57 45 -1 47 59 58 46 -1 48 60 71 59 -1 49 61 60 48 -1 50 62 61 49 -1 51 63 62 50 -1 52 64 63 51 -1 53 65 64 52 -1 54 66 65 53 -1 55 67 66 54 -1 56 68 67 55 -1 57 69 68 56 -1 58 70 69 57 -1 59 71 70 58 -1 60 72 83 71 -1 61 73 72 60 -1 62 74 73 61 -1 63 75 74 62 -1 64 76 75 63 -1 65 77 76 64 -1 66 78 77 65 -1 67 79 78 66 -1 68 80 79 67 -1 69 81 80 68 -1 70 82 81 69 -1 71 83 82 70 -1 72 84 95 83 -1 73 85 84 72 -1 74 86 85 73 -1 75 87 86 74 -1 76 88 87 75 -1 77 89 88 76 -1 78 90 89 77 -1 79 91 90 78 -1 80 92 91 79 -1 81 93 92 80 -1 82 94 93 81 -1 83 95 94 82 -1 84 96 107 95 -1 85 97 96 84 -1 86 98 97 85 -1 87 99 98 86 -1 88 100 99 87 -1 89 101 100 88 -1 90 102 101 89 -1 91 103 102 90 -1 92 104 103 91 -1 93 105 104 92 -1 94 106 105 93 -1 95 107 106 94 -1 96 108 119 107 -1 97 109 108 96 -1 98 110 109 97 -1 99 111 110 98 -1 100 112 111 99 -1 101 113 112 100 -1 102 114 113 101 -1 103 115 114 102 -1 104 116 115 103 -1 105 117 116 104 -1 106 118 117 105 -1 107 119 118 106 -1 108 120 131 119 -1 109 121 120 108 -1 110 122 121 109 -1 111 123 122 110 -1 112 124 123 111 -1 113 125 124 112 -1 114 126 125 113 -1 115 127 126 114 -1 116 128 127 115 -1 117 129 128 116 -1 118 130 129 117 -1 119 131 130 118 -1 120 132 143 131 -1 121 133 132 120 -1 122 134 133 121 -1 123 135 134 122 -1 124 136 135 123 -1 125 137 136 124 -1 126 138 137 125 -1 127 139 138 126 -1 128 140 139 127 -1 129 141 140 128 -1 130 142 141 129 -1 131 143 142 130 -1 132 144 155 143 -1 133 145 144 132 -1 134 146 145 133 -1 135 147 146 134 -1 136 148 147 135 -1 137 149 148 136 -1 138 150 149 137 -1 139 151 150 138 -1 140 152 151 139 -1 141 153 152 140 -1 142 154 153 141 -1 143 155 154 142 -1 144 156 167 155 -1 145 157 156 144 -1 146 158 157 145 -1 147 159 158 146 -1 148 160 159 147 -1 149 161 160 148 -1 150 162 161 149 -1 151 163 162 150 -1 152 164 163 151 -1 153 165 164 152 -1 154 166 165 153 -1 155 167 166 154 -1 156 168 179 167 -1 157 169 168 156 -1 158 170 169 157 -1 159 171 170 158 -1 160 172 171 159 -1 161 173 172 160 -1 162 174 173 161 -1 163 175 174 162 -1 164 176 175 163 -1 165 177 176 164 -1 166 178 177 165 -1 167 179 178 166 -1 168 180 191 179 -1 169 181 180 168 -1 170 182 181 169 -1 171 183 182 170 -1 172 184 183 171 -1 173 185 184 172 -1 174 186 185 173 -1 175 187 186 174 -1 176 188 187 175 -1 177 189 188 176 -1 178 190 189 177 -1 179 191 190 178 -1 180 192 203 191 -1 181 193 192 180 -1 182 194 193 181 -1 183 195 194 182 -1 184 196 195 183 -1 185 197 196 184 -1 186 198 197 185 -1 187 199 198 186 -1 188 200 199 187 -1 189 201 200 188 -1 190 202 201 189 -1 191 203 202 190 -1 192 204 215 203 -1 193 205 204 192 -1 194 206 205 193 -1 195 207 206 194 -1 196 208 207 195 -1 197 209 208 196 -1 198 210 209 197 -1 199 211 210 198 -1 200 212 211 199 -1 201 213 212 200 -1 202 214 213 201 -1 203 215 214 202 -1 "
						                >
							<Coordinate DEF="coords_ME_BezierCurve_008"
							            point="-4.963095 0.220609 0.040000 -4.964597 0.191366 0.069282 -4.966649 0.151419 0.080000 -4.968701 0.111471 0.069282 -4.970203 0.082228 0.040000 -4.970754 0.071524 0.000000 -4.970203 0.082228 -0.040000 -4.968701 0.111471 -0.069282 -4.966649 0.151418 -0.080000 -4.964597 0.191366 -0.069282 -4.963095 0.220609 -0.040000 -4.962544 0.231313 0.000000 -0.516439 0.208211 0.040000 -0.517467 0.178947 0.069282 -0.518870 0.138971 0.080000 -0.520274 0.098996 0.069282 -0.521301 0.069732 0.040000 -0.521677 0.059020 0.000000 -0.521301 0.069732 -0.040000 -0.520274 0.098996 -0.069282 -0.518870 0.138971 -0.080000 -0.517467 0.178947 -0.069282 -0.516439 0.208211 -0.040000 -0.516063 0.218922 -0.000000 -0.439044 0.204795 0.040000 -0.440825 0.175567 0.069282 -0.443257 0.135641 0.080000 -0.445689 0.095715 0.069282 -0.447470 0.066487 0.040000 -0.448121 0.055789 0.000000 -0.447470 0.066487 -0.040000 -0.445689 0.095715 -0.069282 -0.443257 0.135641 -0.080000 -0.440825 0.175567 -0.069282 -0.439044 0.204795 -0.040000 -0.438393 0.215493 -0.000000 -0.364274 0.198966 0.040000 -0.367239 0.169834 0.069282 -0.371288 0.130040 0.080000 -0.375338 0.090245 0.069282 -0.378303 0.061114 0.040000 -0.379388 0.050451 0.000000 -0.378303 0.061114 -0.040000 -0.375338 0.090245 -0.069282 -0.371288 0.130040 -0.080000 -0.367239 0.169834 -0.069282 -0.364274 0.198966 -0.040000 -0.363189 0.209629 -0.000000 -0.289492 0.189550 0.040000 -0.293953 0.160609 0.069282 -0.300047 0.121076 0.080000 -0.306141 0.081543 0.069282 -0.310602 0.052603 0.040000 -0.312235 0.042010 0.000000 -0.310602 0.052603 -0.040000 -0.306141 0.081543 -0.069282 -0.300047 0.121076 -0.080000 -0.293953 0.160609 -0.069282 -0.289492 0.189549 -0.040000 -0.287859 0.200142 -0.000000 -0.212254 0.175436 0.040000 -0.218324 0.146790 0.069282 -0.226616 0.107659 0.080000 -0.234909 0.068528 0.069282 -0.240979 0.039882 0.040000 -0.243201 0.029397 0.000000 -0.240979 0.039882 -0.040000 -0.234909 0.068528 -0.069282 -0.226616 0.107659 -0.080000 -0.218324 0.146790 -0.069282 -0.212254 0.175436 -0.040000 -0.210032 0.185921 -0.000000 -0.130118 0.155609 0.040000 -0.137709 0.127328 0.069282 -0.148079 0.088696 0.080000 -0.158448 0.050063 0.069282 -0.166040 0.021782 0.040000 -0.168818 0.011431 0.000000 -0.166040 0.021782 -0.040000 -0.158448 0.050063 -0.069282 -0.148079 0.088696 -0.080000 -0.137709 0.127328 -0.069282 -0.130118 0.155609 -0.040000 -0.127340 0.165961 -0.000000 -0.040484 0.129107 0.040000 -0.049374 0.101208 0.069282 -0.061517 0.063095 0.080000 -0.073661 0.024983 0.069282 -0.082551 -0.002917 0.040000 -0.085805 -0.013129 0.000000 -0.082551 -0.002917 -0.040000 -0.073661 0.024983 -0.069282 -0.061517 0.063095 -0.080000 -0.049374 0.101207 -0.069282 -0.040484 0.129107 -0.040000 -0.037230 0.139320 -0.000000 0.059455 0.094952 0.040000 0.049536 0.067401 0.069282 0.035985 0.029766 0.080000 0.022434 -0.007869 0.069282 0.012515 -0.035419 0.040000 0.008884 -0.045503 0.000000 0.012515 -0.035419 -0.040000 0.022434 -0.007869 -0.069282 0.035985 0.029766 -0.080000 0.049536 0.067401 -0.069282 0.059455 0.094952 -0.040000 0.063086 0.105036 -0.000000 0.171534 0.052539 0.040000 0.161311 0.025100 0.069282 0.147346 -0.012383 0.080000 0.133380 -0.049866 0.069282 0.123157 -0.077306 0.040000 0.119415 -0.087349 0.000000 0.123157 -0.077306 -0.040000 0.133380 -0.049866 -0.069282 0.147346 -0.012383 -0.080000 0.161311 0.025099 -0.069282 0.171534 0.052539 -0.040000 0.175276 0.062582 -0.000000 0.283707 0.011380 0.040000 0.274389 -0.016380 0.069282 0.261659 -0.054300 0.080000 0.248930 -0.092221 0.069282 0.239612 -0.119980 0.040000 0.236201 -0.130141 0.000000 0.239612 -0.119980 -0.040000 0.248930 -0.092221 -0.069282 0.261659 -0.054300 -0.080000 0.274388 -0.016380 -0.069282 0.283707 0.011380 -0.040000 0.287118 0.021541 -0.000000 0.386625 -0.020045 0.040000 0.378974 -0.048310 0.069282 0.368522 -0.086920 0.080000 0.358071 -0.125531 0.069282 0.350420 -0.153796 0.040000 0.347619 -0.164141 0.000000 0.350420 -0.153796 -0.040000 0.358071 -0.125531 -0.069282 0.368522 -0.086921 -0.080000 0.378974 -0.048310 -0.069282 0.386625 -0.020045 -0.040000 0.389425 -0.009700 -0.000000 0.485318 -0.043411 0.040000 0.479522 -0.072113 0.069282 0.471604 -0.111322 0.080000 0.463686 -0.150530 0.069282 0.457890 -0.179233 0.040000 0.455769 -0.189739 0.000000 0.457890 -0.179233 -0.040000 0.463686 -0.150531 -0.069282 0.471604 -0.111322 -0.080000 0.479522 -0.072113 -0.069282 0.485318 -0.043411 -0.040000 0.487439 -0.032905 -0.000000 0.583925 -0.059934 0.040000 0.579972 -0.088948 0.069282 0.574573 -0.128582 0.080000 0.569174 -0.168215 0.069282 0.565222 -0.197230 0.040000 0.563775 -0.207849 0.000000 0.565222 -0.197230 -0.040000 0.569174 -0.168216 -0.069282 0.574573 -0.128582 -0.080000 0.579972 -0.088948 -0.069282 0.583925 -0.059934 -0.040000 0.585371 -0.049314 -0.000000 0.686609 -0.070714 0.040000 0.684280 -0.099903 0.069282 0.681099 -0.139776 0.080000 0.677918 -0.179650 0.069282 0.675589 -0.208839 0.040000 0.674737 -0.219523 0.000000 0.675589 -0.208839 -0.040000 0.677918 -0.179650 -0.069282 0.681099 -0.139776 -0.080000 0.684280 -0.099903 -0.069282 0.686609 -0.070714 -0.040000 0.687461 -0.060030 -0.000000 0.797377 -0.076748 0.040000 0.796309 -0.106010 0.069282 0.794851 -0.145984 0.080000 0.793392 -0.185957 0.069282 0.792324 -0.215220 0.040000 0.791934 -0.225931 0.000000 0.792324 -0.215220 -0.040000 0.793392 -0.185957 -0.069282 0.794851 -0.145984 -0.080000 0.796309 -0.106010 -0.069282 0.797377 -0.076748 -0.040000 0.797768 -0.066037 -0.000000 0.920002 -0.079001 0.040000 0.919789 -0.108282 0.069282 0.919497 -0.148281 0.080000 0.919206 -0.188280 0.069282 0.918992 -0.217561 0.040000 0.918914 -0.228279 0.000000 0.918992 -0.217561 -0.040000 0.919206 -0.188280 -0.069282 0.919497 -0.148281 -0.080000 0.919789 -0.108282 -0.069282 0.920002 -0.079001 -0.040000 0.920080 -0.068283 -0.000000 2.781178 -0.069531 0.040000 2.781178 -0.098813 0.069282 2.781178 -0.138813 0.080000 2.781178 -0.178813 0.069282 2.781178 -0.208095 0.040000 2.781178 -0.218813 -0.000000 2.781178 -0.208095 -0.040000 2.781178 -0.178813 -0.069282 2.781178 -0.138813 -0.080000 2.781178 -0.098813 -0.069282 2.781178 -0.069531 -0.040000 2.781178 -0.058813 -0.000000 "
							            />
							<TextureCoordinate point="0.0000 1.0000 0.1667 1.0000 0.1667 0.9167 0.0000 0.9167 0.0000 0.0833 0.1667 0.0833 0.1667 0.0000 0.0000 0.0000 0.0000 0.1667 0.1667 0.1667 0.1667 0.0833 0.0000 0.0833 0.0000 0.2500 0.1667 0.2500 0.1667 0.1667 0.0000 0.1667 0.0000 0.3333 0.1667 0.3333 0.1667 0.2500 0.0000 0.2500 0.0000 0.4167 0.1667 0.4167 0.1667 0.3333 0.0000 0.3333 0.0000 0.5000 0.1667 0.5000 0.1667 0.4167 0.0000 0.4167 0.0000 0.5833 0.1667 0.5833 0.1667 0.5000 0.0000 0.5000 0.0000 0.6667 0.1667 0.6667 0.1667 0.5833 0.0000 0.5833 0.0000 0.7500 0.1667 0.7500 0.1667 0.6667 0.0000 0.6667 0.0000 0.8333 0.1667 0.8333 0.1667 0.7500 0.0000 0.7500 0.0000 0.9167 0.1667 0.9167 0.1667 0.8333 0.0000 0.8333 0.1667 1.0000 0.2083 1.0000 0.2083 0.9167 0.1667 0.9167 0.1667 0.0833 0.2083 0.0833 0.2083 0.0000 0.1667 0.0000 0.1667 0.1667 0.2083 0.1667 0.2083 0.0833 0.1667 0.0833 0.1667 0.2500 0.2083 0.2500 0.2083 0.1667 0.1667 0.1667 0.1667 0.3333 0.2083 0.3333 0.2083 0.2500 0.1667 0.2500 0.1667 0.4167 0.2083 0.4167 0.2083 0.3333 0.1667 0.3333 0.1667 0.5000 0.2083 0.5000 0.2083 0.4167 0.1667 0.4167 0.1667 0.5833 0.2083 0.5833 0.2083 0.5000 0.1667 0.5000 0.1667 0.6667 0.2083 0.6667 0.2083 0.5833 0.1667 0.5833 0.1667 0.7500 0.2083 0.7500 0.2083 0.6667 0.1667 0.6667 0.1667 0.8333 0.2083 0.8333 0.2083 0.7500 0.1667 0.7500 0.1667 0.9167 0.2083 0.9167 0.2083 0.8333 0.1667 0.8333 0.2083 1.0000 0.2500 1.0000 0.2500 0.9167 0.2083 0.9167 0.2083 0.0833 0.2500 0.0833 0.2500 0.0000 0.2083 0.0000 0.2083 0.1667 0.2500 0.1667 0.2500 0.0833 0.2083 0.0833 0.2083 0.2500 0.2500 0.2500 0.2500 0.1667 0.2083 0.1667 0.2083 0.3333 0.2500 0.3333 0.2500 0.2500 0.2083 0.2500 0.2083 0.4167 0.2500 0.4167 0.2500 0.3333 0.2083 0.3333 0.2083 0.5000 0.2500 0.5000 0.2500 0.4167 0.2083 0.4167 0.2083 0.5833 0.2500 0.5833 0.2500 0.5000 0.2083 0.5000 0.2083 0.6667 0.2500 0.6667 0.2500 0.5833 0.2083 0.5833 0.2083 0.7500 0.2500 0.7500 0.2500 0.6667 0.2083 0.6667 0.2083 0.8333 0.2500 0.8333 0.2500 0.7500 0.2083 0.7500 0.2083 0.9167 0.2500 0.9167 0.2500 0.8333 0.2083 0.8333 0.2500 1.0000 0.2917 1.0000 0.2917 0.9167 0.2500 0.9167 0.2500 0.0833 0.2917 0.0833 0.2917 0.0000 0.2500 0.0000 0.2500 0.1667 0.2917 0.1667 0.2917 0.0833 0.2500 0.0833 0.2500 0.2500 0.2917 0.2500 0.2917 0.1667 0.2500 0.1667 0.2500 0.3333 0.2917 0.3333 0.2917 0.2500 0.2500 0.2500 0.2500 0.4167 0.2917 0.4167 0.2917 0.3333 0.2500 0.3333 0.2500 0.5000 0.2917 0.5000 0.2917 0.4167 0.2500 0.4167 0.2500 0.5833 0.2917 0.5833 0.2917 0.5000 0.2500 0.5000 0.2500 0.6667 0.2917 0.6667 0.2917 0.5833 0.2500 0.5833 0.2500 0.7500 0.2917 0.7500 0.2917 0.6667 0.2500 0.6667 0.2500 0.8333 0.2917 0.8333 0.2917 0.7500 0.2500 0.7500 0.2500 0.9167 0.2917 0.9167 0.2917 0.8333 0.2500 0.8333 0.2917 1.0000 0.3333 1.0000 0.3333 0.9167 0.2917 0.9167 0.2917 0.0833 0.3333 0.0833 0.3333 0.0000 0.2917 0.0000 0.2917 0.1667 0.3333 0.1667 0.3333 0.0833 0.2917 0.0833 0.2917 0.2500 0.3333 0.2500 0.3333 0.1667 0.2917 0.1667 0.2917 0.3333 0.3333 0.3333 0.3333 0.2500 0.2917 0.2500 0.2917 0.4167 0.3333 0.4167 0.3333 0.3333 0.2917 0.3333 0.2917 0.5000 0.3333 0.5000 0.3333 0.4167 0.2917 0.4167 0.2917 0.5833 0.3333 0.5833 0.3333 0.5000 0.2917 0.5000 0.2917 0.6667 0.3333 0.6667 0.3333 0.5833 0.2917 0.5833 0.2917 0.7500 0.3333 0.7500 0.3333 0.6667 0.2917 0.6667 0.2917 0.8333 0.3333 0.8333 0.3333 0.7500 0.2917 0.7500 0.2917 0.9167 0.3333 0.9167 0.3333 0.8333 0.2917 0.8333 0.3333 1.0000 0.3750 1.0000 0.3750 0.9167 0.3333 0.9167 0.3333 0.0833 0.3750 0.0833 0.3750 0.0000 0.3333 0.0000 0.3333 0.1667 0.3750 0.1667 0.3750 0.0833 0.3333 0.0833 0.3333 0.2500 0.3750 0.2500 0.3750 0.1667 0.3333 0.1667 0.3333 0.3333 0.3750 0.3333 0.3750 0.2500 0.3333 0.2500 0.3333 0.4167 0.3750 0.4167 0.3750 0.3333 0.3333 0.3333 0.3333 0.5000 0.3750 0.5000 0.3750 0.4167 0.3333 0.4167 0.3333 0.5833 0.3750 0.5833 0.3750 0.5000 0.3333 0.5000 0.3333 0.6667 0.3750 0.6667 0.3750 0.5833 0.3333 0.5833 0.3333 0.7500 0.3750 0.7500 0.3750 0.6667 0.3333 0.6667 0.3333 0.8333 0.3750 0.8333 0.3750 0.7500 0.3333 0.7500 0.3333 0.9167 0.3750 0.9167 0.3750 0.8333 0.3333 0.8333 0.3750 1.0000 0.4167 1.0000 0.4167 0.9167 0.3750 0.9167 0.3750 0.0833 0.4167 0.0833 0.4167 0.0000 0.3750 0.0000 0.3750 0.1667 0.4167 0.1667 0.4167 0.0833 0.3750 0.0833 0.3750 0.2500 0.4167 0.2500 0.4167 0.1667 0.3750 0.1667 0.3750 0.3333 0.4167 0.3333 0.4167 0.2500 0.3750 0.2500 0.3750 0.4167 0.4167 0.4167 0.4167 0.3333 0.3750 0.3333 0.3750 0.5000 0.4167 0.5000 0.4167 0.4167 0.3750 0.4167 0.3750 0.5833 0.4167 0.5833 0.4167 0.5000 0.3750 0.5000 0.3750 0.6667 0.4167 0.6667 0.4167 0.5833 0.3750 0.5833 0.3750 0.7500 0.4167 0.7500 0.4167 0.6667 0.3750 0.6667 0.3750 0.8333 0.4167 0.8333 0.4167 0.7500 0.3750 0.7500 0.3750 0.9167 0.4167 0.9167 0.4167 0.8333 0.3750 0.8333 0.4167 1.0000 0.4583 1.0000 0.4583 0.9167 0.4167 0.9167 0.4167 0.0833 0.4583 0.0833 0.4583 0.0000 0.4167 0.0000 0.4167 0.1667 0.4583 0.1667 0.4583 0.0833 0.4167 0.0833 0.4167 0.2500 0.4583 0.2500 0.4583 0.1667 0.4167 0.1667 0.4167 0.3333 0.4583 0.3333 0.4583 0.2500 0.4167 0.2500 0.4167 0.4167 0.4583 0.4167 0.4583 0.3333 0.4167 0.3333 0.4167 0.5000 0.4583 0.5000 0.4583 0.4167 0.4167 0.4167 0.4167 0.5833 0.4583 0.5833 0.4583 0.5000 0.4167 0.5000 0.4167 0.6667 0.4583 0.6667 0.4583 0.5833 0.4167 0.5833 0.4167 0.7500 0.4583 0.7500 0.4583 0.6667 0.4167 0.6667 0.4167 0.8333 0.4583 0.8333 0.4583 0.7500 0.4167 0.7500 0.4167 0.9167 0.4583 0.9167 0.4583 0.8333 0.4167 0.8333 0.4583 1.0000 0.5000 1.0000 0.5000 0.9167 0.4583 0.9167 0.4583 0.0833 0.5000 0.0833 0.5000 0.0000 0.4583 0.0000 0.4583 0.1667 0.5000 0.1667 0.5000 0.0833 0.4583 0.0833 0.4583 0.2500 0.5000 0.2500 0.5000 0.1667 0.4583 0.1667 0.4583 0.3333 0.5000 0.3333 0.5000 0.2500 0.4583 0.2500 0.4583 0.4167 0.5000 0.4167 0.5000 0.3333 0.4583 0.3333 0.4583 0.5000 0.5000 0.5000 0.5000 0.4167 0.4583 0.4167 0.4583 0.5833 0.5000 0.5833 0.5000 0.5000 0.4583 0.5000 0.4583 0.6667 0.5000 0.6667 0.5000 0.5833 0.4583 0.5833 0.4583 0.7500 0.5000 0.7500 0.5000 0.6667 0.4583 0.6667 0.4583 0.8333 0.5000 0.8333 0.5000 0.7500 0.4583 0.7500 0.4583 0.9167 0.5000 0.9167 0.5000 0.8333 0.4583 0.8333 0.5000 1.0000 0.5417 1.0000 0.5417 0.9167 0.5000 0.9167 0.5000 0.0833 0.5417 0.0833 0.5417 0.0000 0.5000 0.0000 0.5000 0.1667 0.5417 0.1667 0.5417 0.0833 0.5000 0.0833 0.5000 0.2500 0.5417 0.2500 0.5417 0.1667 0.5000 0.1667 0.5000 0.3333 0.5417 0.3333 0.5417 0.2500 0.5000 0.2500 0.5000 0.4167 0.5417 0.4167 0.5417 0.3333 0.5000 0.3333 0.5000 0.5000 0.5417 0.5000 0.5417 0.4167 0.5000 0.4167 0.5000 0.5833 0.5417 0.5833 0.5417 0.5000 0.5000 0.5000 0.5000 0.6667 0.5417 0.6667 0.5417 0.5833 0.5000 0.5833 0.5000 0.7500 0.5417 0.7500 0.5417 0.6667 0.5000 0.6667 0.5000 0.8333 0.5417 0.8333 0.5417 0.7500 0.5000 0.7500 0.5000 0.9167 0.5417 0.9167 0.5417 0.8333 0.5000 0.8333 0.5417 1.0000 0.5833 1.0000 0.5833 0.9167 0.5417 0.9167 0.5417 0.0833 0.5833 0.0833 0.5833 0.0000 0.5417 0.0000 0.5417 0.1667 0.5833 0.1667 0.5833 0.0833 0.5417 0.0833 0.5417 0.2500 0.5833 0.2500 0.5833 0.1667 0.5417 0.1667 0.5417 0.3333 0.5833 0.3333 0.5833 0.2500 0.5417 0.2500 0.5417 0.4167 0.5833 0.4167 0.5833 0.3333 0.5417 0.3333 0.5417 0.5000 0.5833 0.5000 0.5833 0.4167 0.5417 0.4167 0.5417 0.5833 0.5833 0.5833 0.5833 0.5000 0.5417 0.5000 0.5417 0.6667 0.5833 0.6667 0.5833 0.5833 0.5417 0.5833 0.5417 0.7500 0.5833 0.7500 0.5833 0.6667 0.5417 0.6667 0.5417 0.8333 0.5833 0.8333 0.5833 0.7500 0.5417 0.7500 0.5417 0.9167 0.5833 0.9167 0.5833 0.8333 0.5417 0.8333 0.5833 1.0000 0.6250 1.0000 0.6250 0.9167 0.5833 0.9167 0.5833 0.0833 0.6250 0.0833 0.6250 0.0000 0.5833 0.0000 0.5833 0.1667 0.6250 0.1667 0.6250 0.0833 0.5833 0.0833 0.5833 0.2500 0.6250 0.2500 0.6250 0.1667 0.5833 0.1667 0.5833 0.3333 0.6250 0.3333 0.6250 0.2500 0.5833 0.2500 0.5833 0.4167 0.6250 0.4167 0.6250 0.3333 0.5833 0.3333 0.5833 0.5000 0.6250 0.5000 0.6250 0.4167 0.5833 0.4167 0.5833 0.5833 0.6250 0.5833 0.6250 0.5000 0.5833 0.5000 0.5833 0.6667 0.6250 0.6667 0.6250 0.5833 0.5833 0.5833 0.5833 0.7500 0.6250 0.7500 0.6250 0.6667 0.5833 0.6667 0.5833 0.8333 0.6250 0.8333 0.6250 0.7500 0.5833 0.7500 0.5833 0.9167 0.6250 0.9167 0.6250 0.8333 0.5833 0.8333 0.6250 1.0000 0.6667 1.0000 0.6667 0.9167 0.6250 0.9167 0.6250 0.0833 0.6667 0.0833 0.6667 0.0000 0.6250 0.0000 0.6250 0.1667 0.6667 0.1667 0.6667 0.0833 0.6250 0.0833 0.6250 0.2500 0.6667 0.2500 0.6667 0.1667 0.6250 0.1667 0.6250 0.3333 0.6667 0.3333 0.6667 0.2500 0.6250 0.2500 0.6250 0.4167 0.6667 0.4167 0.6667 0.3333 0.6250 0.3333 0.6250 0.5000 0.6667 0.5000 0.6667 0.4167 0.6250 0.4167 0.6250 0.5833 0.6667 0.5833 0.6667 0.5000 0.6250 0.5000 0.6250 0.6667 0.6667 0.6667 0.6667 0.5833 0.6250 0.5833 0.6250 0.7500 0.6667 0.7500 0.6667 0.6667 0.6250 0.6667 0.6250 0.8333 0.6667 0.8333 0.6667 0.7500 0.6250 0.7500 0.6250 0.9167 0.6667 0.9167 0.6667 0.8333 0.6250 0.8333 0.6667 1.0000 0.7083 1.0000 0.7083 0.9167 0.6667 0.9167 0.6667 0.0833 0.7083 0.0833 0.7083 0.0000 0.6667 0.0000 0.6667 0.1667 0.7083 0.1667 0.7083 0.0833 0.6667 0.0833 0.6667 0.2500 0.7083 0.2500 0.7083 0.1667 0.6667 0.1667 0.6667 0.3333 0.7083 0.3333 0.7083 0.2500 0.6667 0.2500 0.6667 0.4167 0.7083 0.4167 0.7083 0.3333 0.6667 0.3333 0.6667 0.5000 0.7083 0.5000 0.7083 0.4167 0.6667 0.4167 0.6667 0.5833 0.7083 0.5833 0.7083 0.5000 0.6667 0.5000 0.6667 0.6667 0.7083 0.6667 0.7083 0.5833 0.6667 0.5833 0.6667 0.7500 0.7083 0.7500 0.7083 0.6667 0.6667 0.6667 0.6667 0.8333 0.7083 0.8333 0.7083 0.7500 0.6667 0.7500 0.6667 0.9167 0.7083 0.9167 0.7083 0.8333 0.6667 0.8333 0.7083 1.0000 0.7500 1.0000 0.7500 0.9167 0.7083 0.9167 0.7083 0.0833 0.7500 0.0833 0.7500 0.0000 0.7083 0.0000 0.7083 0.1667 0.7500 0.1667 0.7500 0.0833 0.7083 0.0833 0.7083 0.2500 0.7500 0.2500 0.7500 0.1667 0.7083 0.1667 0.7083 0.3333 0.7500 0.3333 0.7500 0.2500 0.7083 0.2500 0.7083 0.4167 0.7500 0.4167 0.7500 0.3333 0.7083 0.3333 0.7083 0.5000 0.7500 0.5000 0.7500 0.4167 0.7083 0.4167 0.7083 0.5833 0.7500 0.5833 0.7500 0.5000 0.7083 0.5000 0.7083 0.6667 0.7500 0.6667 0.7500 0.5833 0.7083 0.5833 0.7083 0.7500 0.7500 0.7500 0.7500 0.6667 0.7083 0.6667 0.7083 0.8333 0.7500 0.8333 0.7500 0.7500 0.7083 0.7500 0.7083 0.9167 0.7500 0.9167 0.7500 0.8333 0.7083 0.8333 0.7500 1.0000 0.7917 1.0000 0.7917 0.9167 0.7500 0.9167 0.7500 0.0833 0.7917 0.0833 0.7917 0.0000 0.7500 0.0000 0.7500 0.1667 0.7917 0.1667 0.7917 0.0833 0.7500 0.0833 0.7500 0.2500 0.7917 0.2500 0.7917 0.1667 0.7500 0.1667 0.7500 0.3333 0.7917 0.3333 0.7917 0.2500 0.7500 0.2500 0.7500 0.4167 0.7917 0.4167 0.7917 0.3333 0.7500 0.3333 0.7500 0.5000 0.7917 0.5000 0.7917 0.4167 0.7500 0.4167 0.7500 0.5833 0.7917 0.5833 0.7917 0.5000 0.7500 0.5000 0.7500 0.6667 0.7917 0.6667 0.7917 0.5833 0.7500 0.5833 0.7500 0.7500 0.7917 0.7500 0.7917 0.6667 0.7500 0.6667 0.7500 0.8333 0.7917 0.8333 0.7917 0.7500 0.7500 0.7500 0.7500 0.9167 0.7917 0.9167 0.7917 0.8333 0.7500 0.8333 0.7917 1.0000 1.0000 1.0000 1.0000 0.9167 0.7917 0.9167 0.7917 0.0833 1.0000 0.0833 1.0000 0.0000 0.7917 0.0000 0.7917 0.1667 1.0000 0.1667 1.0000 0.0833 0.7917 0.0833 0.7917 0.2500 1.0000 0.2500 1.0000 0.1667 0.7917 0.1667 0.7917 0.3333 1.0000 0.3333 1.0000 0.2500 0.7917 0.2500 0.7917 0.4167 1.0000 0.4167 1.0000 0.3333 0.7917 0.3333 0.7917 0.5000 1.0000 0.5000 1.0000 0.4167 0.7917 0.4167 0.7917 0.5833 1.0000 0.5833 1.0000 0.5000 0.7917 0.5000 0.7917 0.6667 1.0000 0.6667 1.0000 0.5833 0.7917 0.5833 0.7917 0.7500 1.0000 0.7500 1.0000 0.6667 0.7917 0.6667 0.7917 0.8333 1.0000 0.8333 1.0000 0.7500 0.7917 0.7500 0.7917 0.9167 1.0000 0.9167 1.0000 0.8333 0.7917 0.8333 " />
						</IndexedFaceSet>
					</Shape>
				</Group>
			</Transform>
		</Transform>
		<Transform DEF="LC-PoleM_TRANSFORM"
		           translation="0.003720 2.021569 -1.073107"
		           scale="0.719931 0.719931 0.719931"
		           rotation="0.000000 0.707107 0.707107 3.141593"
		           >
			<Transform DEF="LC-PoleM_ifs_TRANSFORM"
			           translation="0.000000 -0.000000 0.000000"
			           scale="1.000000 1.000000 1.000000"
			           rotation="0.000000 1.000000 0.000000 0.000000"
			           >
				<Group DEF="group_ME_Cylinder_009">
					<Shape>
						<Appearance>
						</Appearance>
						<IndexedFaceSet solid="false"
						                creaseAngle="0.5236"
						                texCoordIndex="0 1 2 3 -1 4 5 6 7 -1 8 9 10 11 -1 12 13 14 15 -1 16 17 18 19 -1 20 21 22 23 -1 24 25 26 27 -1 28 29 30 31 -1 32 33 34 35 -1 36 37 38 39 -1 40 41 42 43 -1 44 45 46 47 -1 48 49 50 51 -1 52 53 54 55 -1 56 57 58 59 -1 60 61 62 63 -1 64 65 66 67 -1 68 69 70 71 -1 72 73 74 75 -1 76 77 78 79 -1 80 81 82 -1 83 84 85 86 -1 87 88 89 90 -1 91 92 93 94 95 96 97 98 99 100 101 102 103 104 105 106 107 108 109 110 111 112 -1 113 114 115 -1 116 117 118 -1 119 120 121 -1 122 123 124 -1 125 126 127 -1 128 129 130 -1 131 132 133 -1 134 135 136 -1 137 138 139 -1 140 141 142 -1 143 144 145 -1 146 147 148 -1 149 150 151 -1 152 153 154 -1 155 156 157 -1 158 159 160 -1 161 162 163 -1 164 165 166 -1 167 168 169 -1 170 171 172 -1 173 174 175 -1 176 177 178 179 -1 180 181 182 183 -1 184 185 186 187 -1 188 189 190 191 -1 192 193 194 195 -1 196 197 198 199 -1 200 201 202 203 -1 204 205 206 207 -1 208 209 210 211 -1 212 213 214 215 -1 216 217 218 219 -1 220 221 222 223 -1 224 225 226 227 -1 228 229 230 231 -1 232 233 234 235 -1 236 237 238 239 -1 240 241 242 243 -1 244 245 246 247 -1 248 249 250 251 -1 252 253 254 255 -1 256 257 258 259 -1 260 261 262 263 -1 264 265 266 267 -1 268 269 270 271 -1 272 273 274 275 -1 276 277 278 279 -1 280 281 282 283 -1 284 285 286 287 -1 288 289 290 291 -1 292 293 294 295 -1 296 297 298 299 -1 300 301 302 303 -1 304 305 306 307 -1 308 309 310 311 -1 312 313 314 315 -1 316 317 318 319 -1 320 321 322 323 -1 324 325 326 327 -1 328 329 330 331 -1 332 333 334 335 -1 336 337 338 339 -1 340 341 342 343 -1 344 345 346 347 -1 348 349 350 351 -1 352 353 354 355 -1 356 357 358 359 -1 360 361 362 363 -1 364 365 366 367 -1 368 369 370 371 -1 372 373 374 375 -1 376 377 378 379 -1 380 381 382 383 -1 384 385 386 387 -1 388 389 390 391 -1 392 393 394 395 -1 396 397 398 399 -1 400 401 402 403 -1 404 405 406 407 -1 408 409 410 411 -1 412 413 414 415 -1 416 417 418 419 -1 420 421 422 423 -1 424 425 426 427 -1 428 429 430 431 -1 432 433 434 435 -1 436 437 438 439 -1 "
						                coordIndex="21 109 45 0 -1 51 48 28 23 -1 54 51 23 24 -1 57 54 24 41 -1 60 57 41 33 -1 63 60 33 34 -1 66 63 34 25 -1 69 66 25 26 -1 72 69 26 42 -1 75 72 42 35 -1 78 75 35 36 -1 81 78 36 29 -1 84 81 29 30 -1 87 84 30 43 -1 90 87 43 37 -1 93 90 37 38 -1 96 93 38 31 -1 99 96 31 32 -1 102 99 32 44 -1 105 102 44 39 -1 24 23 22 -1 108 105 39 40 -1 46 108 40 27 -1 0 1 2 3 4 5 6 7 8 9 10 11 12 13 14 15 16 17 18 19 20 21 -1 26 25 22 -1 28 27 22 -1 30 29 22 -1 32 31 22 -1 34 33 22 -1 36 35 22 -1 38 37 22 -1 40 39 22 -1 41 24 22 -1 42 26 22 -1 43 30 22 -1 44 32 22 -1 23 28 22 -1 25 34 22 -1 29 36 22 -1 31 38 22 -1 27 40 22 -1 33 41 22 -1 35 42 22 -1 37 43 22 -1 39 44 22 -1 20 106 109 21 -1 15 91 94 16 -1 10 76 79 11 -1 5 61 64 6 -1 1 49 52 2 -1 17 97 100 18 -1 12 82 85 13 -1 7 67 70 8 -1 2 52 55 3 -1 19 103 106 20 -1 14 88 91 15 -1 9 73 76 10 -1 4 58 61 5 -1 16 94 97 17 -1 11 79 82 12 -1 6 64 67 7 -1 18 100 103 19 -1 13 85 88 14 -1 0 45 49 1 -1 8 70 73 9 -1 3 55 58 4 -1 49 45 47 50 -1 50 47 46 48 -1 52 49 50 53 -1 53 50 48 51 -1 55 52 53 56 -1 56 53 51 54 -1 58 55 56 59 -1 59 56 54 57 -1 61 58 59 62 -1 62 59 57 60 -1 64 61 62 65 -1 65 62 60 63 -1 67 64 65 68 -1 68 65 63 66 -1 70 67 68 71 -1 71 68 66 69 -1 73 70 71 74 -1 74 71 69 72 -1 76 73 74 77 -1 77 74 72 75 -1 79 76 77 80 -1 80 77 75 78 -1 82 79 80 83 -1 83 80 78 81 -1 85 82 83 86 -1 86 83 81 84 -1 88 85 86 89 -1 89 86 84 87 -1 91 88 89 92 -1 92 89 87 90 -1 94 91 92 95 -1 95 92 90 93 -1 97 94 95 98 -1 98 95 93 96 -1 100 97 98 101 -1 101 98 96 99 -1 103 100 101 104 -1 104 101 99 102 -1 106 103 104 107 -1 107 104 102 105 -1 109 106 107 110 -1 110 107 105 108 -1 45 109 110 47 -1 47 110 108 46 -1 48 46 27 28 -1 "
						                >
							<Coordinate DEF="coords_ME_Cylinder_009"
							            point="0.000000 0.104138 -2.401713 0.029339 0.099919 -2.401713 0.056301 0.087606 -2.401713 0.078702 0.068196 -2.401713 0.094727 0.043261 -2.401713 0.103078 0.014821 -2.401713 0.103078 -0.014820 -2.401713 0.094727 -0.043260 -2.401713 0.078702 -0.068195 -2.401713 0.056301 -0.087606 -2.401713 0.029339 -0.099919 -2.401713 0.000000 -0.104137 -2.401713 -0.029339 -0.099919 -2.401713 -0.056301 -0.087606 -2.401713 -0.078702 -0.068195 -2.401713 -0.094727 -0.043260 -2.401713 -0.103078 -0.014820 -2.401713 -0.103078 0.014820 -2.401713 -0.094727 0.043260 -2.401713 -0.078702 0.068196 -2.401713 -0.056301 0.087606 -2.401713 -0.029339 0.099919 -2.401713 0.000000 0.000000 0.620692 0.039237 0.061054 0.605982 0.054849 0.047527 0.605982 0.066017 -0.030149 0.605982 0.054849 -0.047526 0.605982 0.000000 0.072575 0.605982 0.020447 0.069636 0.605982 -0.020447 -0.069635 0.605982 -0.039237 -0.061054 0.605982 -0.071836 0.010329 0.605982 -0.066017 0.030149 0.605982 0.071836 0.010329 0.605982 0.071836 -0.010328 0.605982 0.020447 -0.069635 0.605982 0.000000 -0.072575 0.605982 -0.066016 -0.030149 0.605982 -0.071836 -0.010328 0.605982 -0.039237 0.061054 0.605982 -0.020447 0.069635 0.605982 0.066017 0.030149 0.605982 0.039237 -0.061054 0.605982 -0.054848 -0.047526 0.605982 -0.054849 0.047527 0.605982 0.000000 0.104138 0.583239 0.000000 0.096963 0.594486 0.000000 0.102036 0.589791 0.027318 0.093035 0.594486 0.029339 0.099919 0.583239 0.028747 0.097903 0.589791 0.052422 0.081571 0.594486 0.056301 0.087606 0.583239 0.055165 0.085839 0.589791 0.073280 0.063497 0.594486 0.078702 0.068196 0.583239 0.077114 0.066820 0.589791 0.088201 0.040280 0.594486 0.094727 0.043261 0.583239 0.092815 0.042388 0.589791 0.095976 0.013800 0.594486 0.103078 0.014821 0.583239 0.100998 0.014521 0.589791 0.095976 -0.013799 0.594486 0.103078 -0.014820 0.583239 0.100998 -0.014521 0.589791 0.088201 -0.040280 0.594486 0.094727 -0.043260 0.583239 0.092815 -0.042387 0.589791 0.073280 -0.063497 0.594486 0.078702 -0.068195 0.583239 0.077114 -0.066819 0.589791 0.052422 -0.081570 0.594486 0.056301 -0.087606 0.583239 0.055165 -0.085838 0.589791 0.027318 -0.093035 0.594486 0.029339 -0.099919 0.583239 0.028747 -0.097903 0.589791 0.000000 -0.096963 0.594486 0.000000 -0.104137 0.583239 0.000000 -0.102036 0.589791 -0.027318 -0.093035 0.594486 -0.029339 -0.099919 0.583239 -0.028747 -0.097903 0.589791 -0.052422 -0.081570 0.594486 -0.056301 -0.087606 0.583239 -0.055165 -0.085838 0.589791 -0.073280 -0.063497 0.594486 -0.078702 -0.068195 0.583239 -0.077114 -0.066819 0.589791 -0.088201 -0.040280 0.594486 -0.094727 -0.043260 0.583239 -0.092815 -0.042387 0.589791 -0.095976 -0.013799 0.594486 -0.103078 -0.014820 0.583239 -0.100998 -0.014521 0.589791 -0.095976 0.013799 0.594486 -0.103078 0.014820 0.583239 -0.100998 0.014521 0.589791 -0.088201 0.040280 0.594486 -0.094727 0.043260 0.583239 -0.092815 0.042387 0.589791 -0.073280 0.063497 0.594486 -0.078702 0.068196 0.583239 -0.077114 0.066820 0.589791 -0.052422 0.081571 0.594486 -0.056301 0.087606 0.583239 -0.055165 0.085838 0.589791 -0.027318 0.093035 0.594486 -0.029339 0.099919 0.583239 -0.028747 0.097903 0.589791 "
							            />
							<TextureCoordinate point="0.0455 0.5000 0.0455 0.9987 -0.0000 0.9987 -0.0000 0.5000 0.9091 1.0000 0.9545 1.0000 0.9545 1.0000 0.9091 1.0000 0.8636 1.0000 0.9091 1.0000 0.9091 1.0000 0.8636 1.0000 0.8182 1.0000 0.8636 1.0000 0.8636 1.0000 0.8182 1.0000 0.7727 1.0000 0.8182 1.0000 0.8182 1.0000 0.7727 1.0000 0.7273 1.0000 0.7727 1.0000 0.7727 1.0000 0.7273 1.0000 0.6818 1.0000 0.7273 1.0000 0.7273 1.0000 0.6818 1.0000 0.6364 1.0000 0.6818 1.0000 0.6818 1.0000 0.6364 1.0000 0.5909 1.0000 0.6364 1.0000 0.6364 1.0000 0.5909 1.0000 0.5455 1.0000 0.5909 1.0000 0.5909 1.0000 0.5455 1.0000 0.5000 1.0000 0.5455 1.0000 0.5455 1.0000 0.5000 1.0000 0.4545 1.0000 0.5000 1.0000 0.5000 1.0000 0.4545 1.0000 0.4091 1.0000 0.4545 1.0000 0.4545 1.0000 0.4091 1.0000 0.3636 1.0000 0.4091 1.0000 0.4091 1.0000 0.3636 1.0000 0.3182 1.0000 0.3636 1.0000 0.3636 1.0000 0.3182 1.0000 0.2727 1.0000 0.3182 1.0000 0.3182 1.0000 0.2727 1.0000 0.2273 1.0000 0.2727 1.0000 0.2727 1.0000 0.2273 1.0000 0.1818 1.0000 0.2273 1.0000 0.2273 1.0000 0.1818 1.0000 0.1364 1.0000 0.1818 1.0000 0.1818 1.0000 0.1364 1.0000 0.0909 1.0000 0.1364 1.0000 0.1364 1.0000 0.0909 1.0000 0.8636 1.0000 0.9091 1.0000 0.8636 1.0000 0.0455 1.0000 0.0909 1.0000 0.0909 1.0000 0.0455 1.0000 -0.0000 1.0000 0.0455 1.0000 0.0455 1.0000 -0.0000 1.0000 0.7500 0.4900 0.8176 0.4803 0.8798 0.4519 0.9314 0.4072 0.9683 0.3497 0.9876 0.2842 0.9876 0.2158 0.9683 0.1503 0.9314 0.0928 0.8798 0.0481 0.8176 0.0197 0.7500 0.0100 0.6824 0.0197 0.6202 0.0481 0.5686 0.0928 0.5317 0.1503 0.5124 0.2158 0.5124 0.2842 0.5317 0.3497 0.5686 0.4072 0.6202 0.4519 0.6824 0.4803 0.6364 1.0000 0.6818 1.0000 0.6364 1.0000 0.9545 1.0000 1.0000 1.0000 0.9545 1.0000 0.4091 1.0000 0.4545 1.0000 0.4091 1.0000 0.1818 1.0000 0.2273 1.0000 0.1818 1.0000 0.7273 1.0000 0.7727 1.0000 0.7273 1.0000 0.5000 1.0000 0.5455 1.0000 0.5000 1.0000 0.2727 1.0000 0.3182 1.0000 0.2727 1.0000 0.0455 1.0000 0.0909 1.0000 0.0455 1.0000 0.8182 1.0000 0.8636 1.0000 0.8182 1.0000 0.5909 1.0000 0.6364 1.0000 0.5909 1.0000 0.3636 1.0000 0.4091 1.0000 0.3636 1.0000 0.1364 1.0000 0.1818 1.0000 0.1364 1.0000 0.9091 1.0000 0.9545 1.0000 0.9091 1.0000 0.6818 1.0000 0.7273 1.0000 0.6818 1.0000 0.4545 1.0000 0.5000 1.0000 0.4545 1.0000 0.2273 1.0000 0.2727 1.0000 0.2273 1.0000 -0.0000 1.0000 0.0455 1.0000 -0.0000 1.0000 0.7727 1.0000 0.8182 1.0000 0.7727 1.0000 0.5455 1.0000 0.5909 1.0000 0.5455 1.0000 0.3182 1.0000 0.3636 1.0000 0.3182 1.0000 0.0909 1.0000 0.1364 1.0000 0.0909 1.0000 0.0909 0.5000 0.0909 0.9987 0.0455 0.9987 0.0455 0.5000 0.3182 0.5000 0.3182 0.9987 0.2727 0.9987 0.2727 0.5000 0.5455 0.5000 0.5455 0.9987 0.5000 0.9987 0.5000 0.5000 0.7727 0.5000 0.7727 0.9987 0.7273 0.9987 0.7273 0.5000 0.9545 0.5000 0.9545 0.9987 0.9091 0.9987 0.9091 0.5000 0.2273 0.5000 0.2273 0.9987 0.1818 0.9987 0.1818 0.5000 0.4545 0.5000 0.4545 0.9987 0.4091 0.9987 0.4091 0.5000 0.6818 0.5000 0.6818 0.9987 0.6364 0.9987 0.6364 0.5000 0.9091 0.5000 0.9091 0.9987 0.8636 0.9987 0.8636 0.5000 0.1364 0.5000 0.1364 0.9987 0.0909 0.9987 0.0909 0.5000 0.3636 0.5000 0.3636 0.9987 0.3182 0.9987 0.3182 0.5000 0.5909 0.5000 0.5909 0.9987 0.5455 0.9987 0.5455 0.5000 0.8182 0.5000 0.8182 0.9987 0.7727 0.9987 0.7727 0.5000 0.2727 0.5000 0.2727 0.9987 0.2273 0.9987 0.2273 0.5000 0.5000 0.5000 0.5000 0.9987 0.4545 0.9987 0.4545 0.5000 0.7273 0.5000 0.7273 0.9987 0.6818 0.9987 0.6818 0.5000 0.1818 0.5000 0.1818 0.9987 0.1364 0.9987 0.1364 0.5000 0.4091 0.5000 0.4091 0.9987 0.3636 0.9987 0.3636 0.5000 1.0000 0.5000 1.0000 0.9987 0.9545 0.9987 0.9545 0.5000 0.6364 0.5000 0.6364 0.9987 0.5909 0.9987 0.5909 0.5000 0.8636 0.5000 0.8636 0.9987 0.8182 0.9987 0.8182 0.5000 0.9545 0.9987 1.0000 0.9987 0.9995 1.0000 0.9545 1.0000 0.9545 1.0000 0.9995 1.0000 1.0000 1.0000 0.9545 1.0000 0.9091 0.9987 0.9545 0.9987 0.9545 1.0000 0.9091 1.0000 0.9091 1.0000 0.9545 1.0000 0.9545 1.0000 0.9091 1.0000 0.8636 0.9987 0.9091 0.9987 0.9091 1.0000 0.8636 1.0000 0.8636 1.0000 0.9091 1.0000 0.9091 1.0000 0.8636 1.0000 0.8182 0.9987 0.8636 0.9987 0.8636 1.0000 0.8182 1.0000 0.8182 1.0000 0.8636 1.0000 0.8636 1.0000 0.8182 1.0000 0.7727 0.9987 0.8182 0.9987 0.8182 1.0000 0.7727 1.0000 0.7727 1.0000 0.8182 1.0000 0.8182 1.0000 0.7727 1.0000 0.7273 0.9987 0.7727 0.9987 0.7727 1.0000 0.7273 1.0000 0.7273 1.0000 0.7727 1.0000 0.7727 1.0000 0.7273 1.0000 0.6818 0.9987 0.7273 0.9987 0.7273 1.0000 0.6818 1.0000 0.6818 1.0000 0.7273 1.0000 0.7273 1.0000 0.6818 1.0000 0.6364 0.9987 0.6818 0.9987 0.6818 1.0000 0.6364 1.0000 0.6364 1.0000 0.6818 1.0000 0.6818 1.0000 0.6364 1.0000 0.5909 0.9987 0.6364 0.9987 0.6364 1.0000 0.5909 1.0000 0.5909 1.0000 0.6364 1.0000 0.6364 1.0000 0.5909 1.0000 0.5455 0.9987 0.5909 0.9987 0.5909 1.0000 0.5455 1.0000 0.5455 1.0000 0.5909 1.0000 0.5909 1.0000 0.5455 1.0000 0.5000 0.9987 0.5455 0.9987 0.5455 1.0000 0.5000 1.0000 0.5000 1.0000 0.5455 1.0000 0.5455 1.0000 0.5000 1.0000 0.4545 0.9987 0.5000 0.9987 0.5000 1.0000 0.4545 1.0000 0.4545 1.0000 0.5000 1.0000 0.5000 1.0000 0.4545 1.0000 0.4091 0.9987 0.4545 0.9987 0.4545 1.0000 0.4091 1.0000 0.4091 1.0000 0.4545 1.0000 0.4545 1.0000 0.4091 1.0000 0.3636 0.9987 0.4091 0.9987 0.4091 1.0000 0.3636 1.0000 0.3636 1.0000 0.4091 1.0000 0.4091 1.0000 0.3636 1.0000 0.3182 0.9987 0.3636 0.9987 0.3636 1.0000 0.3182 1.0000 0.3182 1.0000 0.3636 1.0000 0.3636 1.0000 0.3182 1.0000 0.2727 0.9987 0.3182 0.9987 0.3182 1.0000 0.2727 1.0000 0.2727 1.0000 0.3182 1.0000 0.3182 1.0000 0.2727 1.0000 0.2273 0.9987 0.2727 0.9987 0.2727 1.0000 0.2273 1.0000 0.2273 1.0000 0.2727 1.0000 0.2727 1.0000 0.2273 1.0000 0.1818 0.9987 0.2273 0.9987 0.2273 1.0000 0.1818 1.0000 0.1818 1.0000 0.2273 1.0000 0.2273 1.0000 0.1818 1.0000 0.1364 0.9987 0.1818 0.9987 0.1818 1.0000 0.1364 1.0000 0.1364 1.0000 0.1818 1.0000 0.1818 1.0000 0.1364 1.0000 0.0909 0.9987 0.1364 0.9987 0.1364 1.0000 0.0909 1.0000 0.0909 1.0000 0.1364 1.0000 0.1364 1.0000 0.0909 1.0000 0.0455 0.9987 0.0909 0.9987 0.0909 1.0000 0.0455 1.0000 0.0455 1.0000 0.0909 1.0000 0.0909 1.0000 0.0455 1.0000 -0.0000 0.9987 0.0455 0.9987 0.0455 1.0000 0.0005 1.0000 0.0005 1.0000 0.0455 1.0000 0.0455 1.0000 -0.0000 1.0000 0.9545 1.0000 1.0000 1.0000 1.0000 1.0000 0.9545 1.0000 " />
						</IndexedFaceSet>
					</Shape>
				</Group>
			</Transform>
		</Transform>
		<Transform DEF="LC-PoleR_TRANSFORM"
		           translation="0.004251 2.990447 -0.846600"
		           scale="0.719931 0.719931 0.719931"
		           rotation="0.577350 -0.577350 -0.577350 2.094395"
		           >
			<Transform DEF="LC-PoleR_ifs_TRANSFORM"
			           translation="-0.000000 -0.000000 -0.000000"
			           scale="1.000000 1.000000 1.000000"
			           rotation="0.000000 -0.000000 0.000000 0.000000"
			           >
				<Group DEF="group_ME_BezierCurve_007">
					<Shape>
						<Appearance>
						</Appearance>
						<IndexedFaceSet solid="false"
						                creaseAngle="4.0000"
						                texCoordIndex="0 1 2 3 -1 4 5 6 7 -1 8 9 10 11 -1 12 13 14 15 -1 16 17 18 19 -1 20 21 22 23 -1 24 25 26 27 -1 28 29 30 31 -1 32 33 34 35 -1 36 37 38 39 -1 40 41 42 43 -1 44 45 46 47 -1 48 49 50 51 -1 52 53 54 55 -1 56 57 58 59 -1 60 61 62 63 -1 64 65 66 67 -1 68 69 70 71 -1 72 73 74 75 -1 76 77 78 79 -1 80 81 82 83 -1 84 85 86 87 -1 88 89 90 91 -1 92 93 94 95 -1 96 97 98 99 -1 100 101 102 103 -1 104 105 106 107 -1 108 109 110 111 -1 112 113 114 115 -1 116 117 118 119 -1 120 121 122 123 -1 124 125 126 127 -1 128 129 130 131 -1 132 133 134 135 -1 136 137 138 139 -1 140 141 142 143 -1 144 145 146 147 -1 148 149 150 151 -1 152 153 154 155 -1 156 157 158 159 -1 160 161 162 163 -1 164 165 166 167 -1 168 169 170 171 -1 172 173 174 175 -1 176 177 178 179 -1 180 181 182 183 -1 184 185 186 187 -1 188 189 190 191 -1 192 193 194 195 -1 196 197 198 199 -1 200 201 202 203 -1 204 205 206 207 -1 208 209 210 211 -1 212 213 214 215 -1 216 217 218 219 -1 220 221 222 223 -1 224 225 226 227 -1 228 229 230 231 -1 232 233 234 235 -1 236 237 238 239 -1 240 241 242 243 -1 244 245 246 247 -1 248 249 250 251 -1 252 253 254 255 -1 256 257 258 259 -1 260 261 262 263 -1 264 265 266 267 -1 268 269 270 271 -1 272 273 274 275 -1 276 277 278 279 -1 280 281 282 283 -1 284 285 286 287 -1 288 289 290 291 -1 292 293 294 295 -1 296 297 298 299 -1 300 301 302 303 -1 304 305 306 307 -1 308 309 310 311 -1 312 313 314 315 -1 316 317 318 319 -1 320 321 322 323 -1 324 325 326 327 -1 328 329 330 331 -1 332 333 334 335 -1 336 337 338 339 -1 340 341 342 343 -1 344 345 346 347 -1 348 349 350 351 -1 352 353 354 355 -1 356 357 358 359 -1 360 361 362 363 -1 364 365 366 367 -1 368 369 370 371 -1 372 373 374 375 -1 376 377 378 379 -1 380 381 382 383 -1 384 385 386 387 -1 388 389 390 391 -1 392 393 394 395 -1 396 397 398 399 -1 400 401 402 403 -1 404 405 406 407 -1 408 409 410 411 -1 412 413 414 415 -1 416 417 418 419 -1 420 421 422 423 -1 424 425 426 427 -1 428 429 430 431 -1 432 433 434 435 -1 436 437 438 439 -1 440 441 442 443 -1 444 445 446 447 -1 448 449 450 451 -1 452 453 454 455 -1 456 457 458 459 -1 460 461 462 463 -1 464 465 466 467 -1 468 469 470 471 -1 472 473 474 475 -1 476 477 478 479 -1 480 481 482 483 -1 484 485 486 487 -1 488 489 490 491 -1 492 493 494 495 -1 496 497 498 499 -1 500 501 502 503 -1 504 505 506 507 -1 508 509 510 511 -1 512 513 514 515 -1 516 517 518 519 -1 520 521 522 523 -1 524 525 526 527 -1 528 529 530 531 -1 532 533 534 535 -1 536 537 538 539 -1 540 541 542 543 -1 544 545 546 547 -1 548 549 550 551 -1 552 553 554 555 -1 556 557 558 559 -1 560 561 562 563 -1 564 565 566 567 -1 568 569 570 571 -1 572 573 574 575 -1 576 577 578 579 -1 580 581 582 583 -1 584 585 586 587 -1 588 589 590 591 -1 592 593 594 595 -1 596 597 598 599 -1 600 601 602 603 -1 604 605 606 607 -1 608 609 610 611 -1 612 613 614 615 -1 616 617 618 619 -1 620 621 622 623 -1 624 625 626 627 -1 628 629 630 631 -1 632 633 634 635 -1 636 637 638 639 -1 640 641 642 643 -1 644 645 646 647 -1 648 649 650 651 -1 652 653 654 655 -1 656 657 658 659 -1 660 661 662 663 -1 664 665 666 667 -1 668 669 670 671 -1 672 673 674 675 -1 676 677 678 679 -1 680 681 682 683 -1 684 685 686 687 -1 688 689 690 691 -1 692 693 694 695 -1 696 697 698 699 -1 700 701 702 703 -1 704 705 706 707 -1 708 709 710 711 -1 712 713 714 715 -1 716 717 718 719 -1 720 721 722 723 -1 724 725 726 727 -1 728 729 730 731 -1 732 733 734 735 -1 736 737 738 739 -1 740 741 742 743 -1 744 745 746 747 -1 748 749 750 751 -1 752 753 754 755 -1 756 757 758 759 -1 760 761 762 763 -1 764 765 766 767 -1 768 769 770 771 -1 772 773 774 775 -1 776 777 778 779 -1 780 781 782 783 -1 784 785 786 787 -1 788 789 790 791 -1 792 793 794 795 -1 796 797 798 799 -1 800 801 802 803 -1 804 805 806 807 -1 808 809 810 811 -1 812 813 814 815 -1 "
						                coordIndex="0 12 23 11 -1 1 13 12 0 -1 2 14 13 1 -1 3 15 14 2 -1 4 16 15 3 -1 5 17 16 4 -1 6 18 17 5 -1 7 19 18 6 -1 8 20 19 7 -1 9 21 20 8 -1 10 22 21 9 -1 11 23 22 10 -1 12 24 35 23 -1 13 25 24 12 -1 14 26 25 13 -1 15 27 26 14 -1 16 28 27 15 -1 17 29 28 16 -1 18 30 29 17 -1 19 31 30 18 -1 20 32 31 19 -1 21 33 32 20 -1 22 34 33 21 -1 23 35 34 22 -1 24 36 47 35 -1 25 37 36 24 -1 26 38 37 25 -1 27 39 38 26 -1 28 40 39 27 -1 29 41 40 28 -1 30 42 41 29 -1 31 43 42 30 -1 32 44 43 31 -1 33 45 44 32 -1 34 46 45 33 -1 35 47 46 34 -1 36 48 59 47 -1 37 49 48 36 -1 38 50 49 37 -1 39 51 50 38 -1 40 52 51 39 -1 41 53 52 40 -1 42 54 53 41 -1 43 55 54 42 -1 44 56 55 43 -1 45 57 56 44 -1 46 58 57 45 -1 47 59 58 46 -1 48 60 71 59 -1 49 61 60 48 -1 50 62 61 49 -1 51 63 62 50 -1 52 64 63 51 -1 53 65 64 52 -1 54 66 65 53 -1 55 67 66 54 -1 56 68 67 55 -1 57 69 68 56 -1 58 70 69 57 -1 59 71 70 58 -1 60 72 83 71 -1 61 73 72 60 -1 62 74 73 61 -1 63 75 74 62 -1 64 76 75 63 -1 65 77 76 64 -1 66 78 77 65 -1 67 79 78 66 -1 68 80 79 67 -1 69 81 80 68 -1 70 82 81 69 -1 71 83 82 70 -1 72 84 95 83 -1 73 85 84 72 -1 74 86 85 73 -1 75 87 86 74 -1 76 88 87 75 -1 77 89 88 76 -1 78 90 89 77 -1 79 91 90 78 -1 80 92 91 79 -1 81 93 92 80 -1 82 94 93 81 -1 83 95 94 82 -1 84 96 107 95 -1 85 97 96 84 -1 86 98 97 85 -1 87 99 98 86 -1 88 100 99 87 -1 89 101 100 88 -1 90 102 101 89 -1 91 103 102 90 -1 92 104 103 91 -1 93 105 104 92 -1 94 106 105 93 -1 95 107 106 94 -1 96 108 119 107 -1 97 109 108 96 -1 98 110 109 97 -1 99 111 110 98 -1 100 112 111 99 -1 101 113 112 100 -1 102 114 113 101 -1 103 115 114 102 -1 104 116 115 103 -1 105 117 116 104 -1 106 118 117 105 -1 107 119 118 106 -1 108 120 131 119 -1 109 121 120 108 -1 110 122 121 109 -1 111 123 122 110 -1 112 124 123 111 -1 113 125 124 112 -1 114 126 125 113 -1 115 127 126 114 -1 116 128 127 115 -1 117 129 128 116 -1 118 130 129 117 -1 119 131 130 118 -1 120 132 143 131 -1 121 133 132 120 -1 122 134 133 121 -1 123 135 134 122 -1 124 136 135 123 -1 125 137 136 124 -1 126 138 137 125 -1 127 139 138 126 -1 128 140 139 127 -1 129 141 140 128 -1 130 142 141 129 -1 131 143 142 130 -1 132 144 155 143 -1 133 145 144 132 -1 134 146 145 133 -1 135 147 146 134 -1 136 148 147 135 -1 137 149 148 136 -1 138 150 149 137 -1 139 151 150 138 -1 140 152 151 139 -1 141 153 152 140 -1 142 154 153 141 -1 143 155 154 142 -1 144 156 167 155 -1 145 157 156 144 -1 146 158 157 145 -1 147 159 158 146 -1 148 160 159 147 -1 149 161 160 148 -1 150 162 161 149 -1 151 163 162 150 -1 152 164 163 151 -1 153 165 164 152 -1 154 166 165 153 -1 155 167 166 154 -1 156 168 179 167 -1 157 169 168 156 -1 158 170 169 157 -1 159 171 170 158 -1 160 172 171 159 -1 161 173 172 160 -1 162 174 173 161 -1 163 175 174 162 -1 164 176 175 163 -1 165 177 176 164 -1 166 178 177 165 -1 167 179 178 166 -1 168 180 191 179 -1 169 181 180 168 -1 170 182 181 169 -1 171 183 182 170 -1 172 184 183 171 -1 173 185 184 172 -1 174 186 185 173 -1 175 187 186 174 -1 176 188 187 175 -1 177 189 188 176 -1 178 190 189 177 -1 179 191 190 178 -1 180 192 203 191 -1 181 193 192 180 -1 182 194 193 181 -1 183 195 194 182 -1 184 196 195 183 -1 185 197 196 184 -1 186 198 197 185 -1 187 199 198 186 -1 188 200 199 187 -1 189 201 200 188 -1 190 202 201 189 -1 191 203 202 190 -1 192 204 215 203 -1 193 205 204 192 -1 194 206 205 193 -1 195 207 206 194 -1 196 208 207 195 -1 197 209 208 196 -1 198 210 209 197 -1 199 211 210 198 -1 200 212 211 199 -1 201 213 212 200 -1 202 214 213 201 -1 203 215 214 202 -1 "
						                >
							<Coordinate DEF="coords_ME_BezierCurve_007"
							            point="-4.963095 0.220609 0.040000 -4.964597 0.191366 0.069282 -4.966649 0.151419 0.080000 -4.968701 0.111471 0.069282 -4.970203 0.082228 0.040000 -4.970754 0.071524 0.000000 -4.970203 0.082228 -0.040000 -4.968701 0.111471 -0.069282 -4.966649 0.151418 -0.080000 -4.964597 0.191366 -0.069282 -4.963095 0.220609 -0.040000 -4.962544 0.231313 0.000000 -0.516439 0.208211 0.040000 -0.517467 0.178947 0.069282 -0.518870 0.138971 0.080000 -0.520274 0.098996 0.069282 -0.521301 0.069732 0.040000 -0.521677 0.059020 0.000000 -0.521301 0.069732 -0.040000 -0.520274 0.098996 -0.069282 -0.518870 0.138971 -0.080000 -0.517467 0.178947 -0.069282 -0.516439 0.208211 -0.040000 -0.516063 0.218922 -0.000000 -0.439044 0.204795 0.040000 -0.440825 0.175567 0.069282 -0.443257 0.135641 0.080000 -0.445689 0.095715 0.069282 -0.447470 0.066487 0.040000 -0.448121 0.055789 0.000000 -0.447470 0.066487 -0.040000 -0.445689 0.095715 -0.069282 -0.443257 0.135641 -0.080000 -0.440825 0.175567 -0.069282 -0.439044 0.204795 -0.040000 -0.438393 0.215493 -0.000000 -0.364274 0.198966 0.040000 -0.367239 0.169834 0.069282 -0.371288 0.130040 0.080000 -0.375338 0.090245 0.069282 -0.378303 0.061114 0.040000 -0.379388 0.050451 0.000000 -0.378303 0.061114 -0.040000 -0.375338 0.090245 -0.069282 -0.371288 0.130040 -0.080000 -0.367239 0.169834 -0.069282 -0.364274 0.198966 -0.040000 -0.363189 0.209629 -0.000000 -0.289492 0.189550 0.040000 -0.293953 0.160609 0.069282 -0.300047 0.121076 0.080000 -0.306141 0.081543 0.069282 -0.310602 0.052603 0.040000 -0.312235 0.042010 0.000000 -0.310602 0.052603 -0.040000 -0.306141 0.081543 -0.069282 -0.300047 0.121076 -0.080000 -0.293953 0.160609 -0.069282 -0.289492 0.189549 -0.040000 -0.287859 0.200142 -0.000000 -0.212254 0.175436 0.040000 -0.218324 0.146790 0.069282 -0.226616 0.107659 0.080000 -0.234909 0.068528 0.069282 -0.240979 0.039882 0.040000 -0.243201 0.029397 0.000000 -0.240979 0.039882 -0.040000 -0.234909 0.068528 -0.069282 -0.226616 0.107659 -0.080000 -0.218324 0.146790 -0.069282 -0.212254 0.175436 -0.040000 -0.210032 0.185921 -0.000000 -0.130118 0.155609 0.040000 -0.137709 0.127328 0.069282 -0.148079 0.088696 0.080000 -0.158448 0.050063 0.069282 -0.166040 0.021782 0.040000 -0.168818 0.011431 0.000000 -0.166040 0.021782 -0.040000 -0.158448 0.050063 -0.069282 -0.148079 0.088696 -0.080000 -0.137709 0.127328 -0.069282 -0.130118 0.155609 -0.040000 -0.127340 0.165961 -0.000000 -0.040484 0.129107 0.040000 -0.049374 0.101208 0.069282 -0.061517 0.063095 0.080000 -0.073661 0.024983 0.069282 -0.082551 -0.002917 0.040000 -0.085805 -0.013129 0.000000 -0.082551 -0.002917 -0.040000 -0.073661 0.024983 -0.069282 -0.061517 0.063095 -0.080000 -0.049374 0.101207 -0.069282 -0.040484 0.129107 -0.040000 -0.037230 0.139320 -0.000000 0.059455 0.094952 0.040000 0.049536 0.067401 0.069282 0.035985 0.029766 0.080000 0.022434 -0.007869 0.069282 0.012515 -0.035419 0.040000 0.008884 -0.045503 0.000000 0.012515 -0.035419 -0.040000 0.022434 -0.007869 -0.069282 0.035985 0.029766 -0.080000 0.049536 0.067401 -0.069282 0.059455 0.094952 -0.040000 0.063086 0.105036 -0.000000 0.171534 0.052539 0.040000 0.161311 0.025100 0.069282 0.147346 -0.012383 0.080000 0.133380 -0.049866 0.069282 0.123157 -0.077306 0.040000 0.119415 -0.087349 0.000000 0.123157 -0.077306 -0.040000 0.133380 -0.049866 -0.069282 0.147346 -0.012383 -0.080000 0.161311 0.025099 -0.069282 0.171534 0.052539 -0.040000 0.175276 0.062582 -0.000000 0.283707 0.011380 0.040000 0.274389 -0.016380 0.069282 0.261659 -0.054300 0.080000 0.248930 -0.092221 0.069282 0.239612 -0.119980 0.040000 0.236201 -0.130141 0.000000 0.239612 -0.119980 -0.040000 0.248930 -0.092221 -0.069282 0.261659 -0.054300 -0.080000 0.274388 -0.016380 -0.069282 0.283707 0.011380 -0.040000 0.287118 0.021541 -0.000000 0.386625 -0.020045 0.040000 0.378974 -0.048310 0.069282 0.368522 -0.086920 0.080000 0.358071 -0.125531 0.069282 0.350420 -0.153796 0.040000 0.347619 -0.164141 0.000000 0.350420 -0.153796 -0.040000 0.358071 -0.125531 -0.069282 0.368522 -0.086921 -0.080000 0.378974 -0.048310 -0.069282 0.386625 -0.020045 -0.040000 0.389425 -0.009700 -0.000000 0.485318 -0.043411 0.040000 0.479522 -0.072113 0.069282 0.471604 -0.111322 0.080000 0.463686 -0.150530 0.069282 0.457890 -0.179233 0.040000 0.455769 -0.189739 0.000000 0.457890 -0.179233 -0.040000 0.463686 -0.150531 -0.069282 0.471604 -0.111322 -0.080000 0.479522 -0.072113 -0.069282 0.485318 -0.043411 -0.040000 0.487439 -0.032905 -0.000000 0.583925 -0.059934 0.040000 0.579972 -0.088948 0.069282 0.574573 -0.128582 0.080000 0.569174 -0.168215 0.069282 0.565222 -0.197230 0.040000 0.563775 -0.207849 0.000000 0.565222 -0.197230 -0.040000 0.569174 -0.168216 -0.069282 0.574573 -0.128582 -0.080000 0.579972 -0.088948 -0.069282 0.583925 -0.059934 -0.040000 0.585371 -0.049314 -0.000000 0.686609 -0.070714 0.040000 0.684280 -0.099903 0.069282 0.681099 -0.139776 0.080000 0.677918 -0.179650 0.069282 0.675589 -0.208839 0.040000 0.674737 -0.219523 0.000000 0.675589 -0.208839 -0.040000 0.677918 -0.179650 -0.069282 0.681099 -0.139776 -0.080000 0.684280 -0.099903 -0.069282 0.686609 -0.070714 -0.040000 0.687461 -0.060030 -0.000000 0.797377 -0.076748 0.040000 0.796309 -0.106010 0.069282 0.794851 -0.145984 0.080000 0.793392 -0.185957 0.069282 0.792324 -0.215220 0.040000 0.791934 -0.225931 0.000000 0.792324 -0.215220 -0.040000 0.793392 -0.185957 -0.069282 0.794851 -0.145984 -0.080000 0.796309 -0.106010 -0.069282 0.797377 -0.076748 -0.040000 0.797768 -0.066037 -0.000000 0.920002 -0.079001 0.040000 0.919789 -0.108282 0.069282 0.919497 -0.148281 0.080000 0.919206 -0.188280 0.069282 0.918992 -0.217561 0.040000 0.918914 -0.228279 0.000000 0.918992 -0.217561 -0.040000 0.919206 -0.188280 -0.069282 0.919497 -0.148281 -0.080000 0.919789 -0.108282 -0.069282 0.920002 -0.079001 -0.040000 0.920080 -0.068283 -0.000000 2.781178 -0.069531 0.040000 2.781178 -0.098813 0.069282 2.781178 -0.138813 0.080000 2.781178 -0.178813 0.069282 2.781178 -0.208095 0.040000 2.781178 -0.218813 -0.000000 2.781178 -0.208095 -0.040000 2.781178 -0.178813 -0.069282 2.781178 -0.138813 -0.080000 2.781178 -0.098813 -0.069282 2.781178 -0.069531 -0.040000 2.781178 -0.058813 -0.000000 "
							            />
							<TextureCoordinate point="0.0000 1.0000 0.1667 1.0000 0.1667 0.9167 0.0000 0.9167 0.0000 0.0833 0.1667 0.0833 0.1667 0.0000 0.0000 0.0000 0.0000 0.1667 0.1667 0.1667 0.1667 0.0833 0.0000 0.0833 0.0000 0.2500 0.1667 0.2500 0.1667 0.1667 0.0000 0.1667 0.0000 0.3333 0.1667 0.3333 0.1667 0.2500 0.0000 0.2500 0.0000 0.4167 0.1667 0.4167 0.1667 0.3333 0.0000 0.3333 0.0000 0.5000 0.1667 0.5000 0.1667 0.4167 0.0000 0.4167 0.0000 0.5833 0.1667 0.5833 0.1667 0.5000 0.0000 0.5000 0.0000 0.6667 0.1667 0.6667 0.1667 0.5833 0.0000 0.5833 0.0000 0.7500 0.1667 0.7500 0.1667 0.6667 0.0000 0.6667 0.0000 0.8333 0.1667 0.8333 0.1667 0.7500 0.0000 0.7500 0.0000 0.9167 0.1667 0.9167 0.1667 0.8333 0.0000 0.8333 0.1667 1.0000 0.2083 1.0000 0.2083 0.9167 0.1667 0.9167 0.1667 0.0833 0.2083 0.0833 0.2083 0.0000 0.1667 0.0000 0.1667 0.1667 0.2083 0.1667 0.2083 0.0833 0.1667 0.0833 0.1667 0.2500 0.2083 0.2500 0.2083 0.1667 0.1667 0.1667 0.1667 0.3333 0.2083 0.3333 0.2083 0.2500 0.1667 0.2500 0.1667 0.4167 0.2083 0.4167 0.2083 0.3333 0.1667 0.3333 0.1667 0.5000 0.2083 0.5000 0.2083 0.4167 0.1667 0.4167 0.1667 0.5833 0.2083 0.5833 0.2083 0.5000 0.1667 0.5000 0.1667 0.6667 0.2083 0.6667 0.2083 0.5833 0.1667 0.5833 0.1667 0.7500 0.2083 0.7500 0.2083 0.6667 0.1667 0.6667 0.1667 0.8333 0.2083 0.8333 0.2083 0.7500 0.1667 0.7500 0.1667 0.9167 0.2083 0.9167 0.2083 0.8333 0.1667 0.8333 0.2083 1.0000 0.2500 1.0000 0.2500 0.9167 0.2083 0.9167 0.2083 0.0833 0.2500 0.0833 0.2500 0.0000 0.2083 0.0000 0.2083 0.1667 0.2500 0.1667 0.2500 0.0833 0.2083 0.0833 0.2083 0.2500 0.2500 0.2500 0.2500 0.1667 0.2083 0.1667 0.2083 0.3333 0.2500 0.3333 0.2500 0.2500 0.2083 0.2500 0.2083 0.4167 0.2500 0.4167 0.2500 0.3333 0.2083 0.3333 0.2083 0.5000 0.2500 0.5000 0.2500 0.4167 0.2083 0.4167 0.2083 0.5833 0.2500 0.5833 0.2500 0.5000 0.2083 0.5000 0.2083 0.6667 0.2500 0.6667 0.2500 0.5833 0.2083 0.5833 0.2083 0.7500 0.2500 0.7500 0.2500 0.6667 0.2083 0.6667 0.2083 0.8333 0.2500 0.8333 0.2500 0.7500 0.2083 0.7500 0.2083 0.9167 0.2500 0.9167 0.2500 0.8333 0.2083 0.8333 0.2500 1.0000 0.2917 1.0000 0.2917 0.9167 0.2500 0.9167 0.2500 0.0833 0.2917 0.0833 0.2917 0.0000 0.2500 0.0000 0.2500 0.1667 0.2917 0.1667 0.2917 0.0833 0.2500 0.0833 0.2500 0.2500 0.2917 0.2500 0.2917 0.1667 0.2500 0.1667 0.2500 0.3333 0.2917 0.3333 0.2917 0.2500 0.2500 0.2500 0.2500 0.4167 0.2917 0.4167 0.2917 0.3333 0.2500 0.3333 0.2500 0.5000 0.2917 0.5000 0.2917 0.4167 0.2500 0.4167 0.2500 0.5833 0.2917 0.5833 0.2917 0.5000 0.2500 0.5000 0.2500 0.6667 0.2917 0.6667 0.2917 0.5833 0.2500 0.5833 0.2500 0.7500 0.2917 0.7500 0.2917 0.6667 0.2500 0.6667 0.2500 0.8333 0.2917 0.8333 0.2917 0.7500 0.2500 0.7500 0.2500 0.9167 0.2917 0.9167 0.2917 0.8333 0.2500 0.8333 0.2917 1.0000 0.3333 1.0000 0.3333 0.9167 0.2917 0.9167 0.2917 0.0833 0.3333 0.0833 0.3333 0.0000 0.2917 0.0000 0.2917 0.1667 0.3333 0.1667 0.3333 0.0833 0.2917 0.0833 0.2917 0.2500 0.3333 0.2500 0.3333 0.1667 0.2917 0.1667 0.2917 0.3333 0.3333 0.3333 0.3333 0.2500 0.2917 0.2500 0.2917 0.4167 0.3333 0.4167 0.3333 0.3333 0.2917 0.3333 0.2917 0.5000 0.3333 0.5000 0.3333 0.4167 0.2917 0.4167 0.2917 0.5833 0.3333 0.5833 0.3333 0.5000 0.2917 0.5000 0.2917 0.6667 0.3333 0.6667 0.3333 0.5833 0.2917 0.5833 0.2917 0.7500 0.3333 0.7500 0.3333 0.6667 0.2917 0.6667 0.2917 0.8333 0.3333 0.8333 0.3333 0.7500 0.2917 0.7500 0.2917 0.9167 0.3333 0.9167 0.3333 0.8333 0.2917 0.8333 0.3333 1.0000 0.3750 1.0000 0.3750 0.9167 0.3333 0.9167 0.3333 0.0833 0.3750 0.0833 0.3750 0.0000 0.3333 0.0000 0.3333 0.1667 0.3750 0.1667 0.3750 0.0833 0.3333 0.0833 0.3333 0.2500 0.3750 0.2500 0.3750 0.1667 0.3333 0.1667 0.3333 0.3333 0.3750 0.3333 0.3750 0.2500 0.3333 0.2500 0.3333 0.4167 0.3750 0.4167 0.3750 0.3333 0.3333 0.3333 0.3333 0.5000 0.3750 0.5000 0.3750 0.4167 0.3333 0.4167 0.3333 0.5833 0.3750 0.5833 0.3750 0.5000 0.3333 0.5000 0.3333 0.6667 0.3750 0.6667 0.3750 0.5833 0.3333 0.5833 0.3333 0.7500 0.3750 0.7500 0.3750 0.6667 0.3333 0.6667 0.3333 0.8333 0.3750 0.8333 0.3750 0.7500 0.3333 0.7500 0.3333 0.9167 0.3750 0.9167 0.3750 0.8333 0.3333 0.8333 0.3750 1.0000 0.4167 1.0000 0.4167 0.9167 0.3750 0.9167 0.3750 0.0833 0.4167 0.0833 0.4167 0.0000 0.3750 0.0000 0.3750 0.1667 0.4167 0.1667 0.4167 0.0833 0.3750 0.0833 0.3750 0.2500 0.4167 0.2500 0.4167 0.1667 0.3750 0.1667 0.3750 0.3333 0.4167 0.3333 0.4167 0.2500 0.3750 0.2500 0.3750 0.4167 0.4167 0.4167 0.4167 0.3333 0.3750 0.3333 0.3750 0.5000 0.4167 0.5000 0.4167 0.4167 0.3750 0.4167 0.3750 0.5833 0.4167 0.5833 0.4167 0.5000 0.3750 0.5000 0.3750 0.6667 0.4167 0.6667 0.4167 0.5833 0.3750 0.5833 0.3750 0.7500 0.4167 0.7500 0.4167 0.6667 0.3750 0.6667 0.3750 0.8333 0.4167 0.8333 0.4167 0.7500 0.3750 0.7500 0.3750 0.9167 0.4167 0.9167 0.4167 0.8333 0.3750 0.8333 0.4167 1.0000 0.4583 1.0000 0.4583 0.9167 0.4167 0.9167 0.4167 0.0833 0.4583 0.0833 0.4583 0.0000 0.4167 0.0000 0.4167 0.1667 0.4583 0.1667 0.4583 0.0833 0.4167 0.0833 0.4167 0.2500 0.4583 0.2500 0.4583 0.1667 0.4167 0.1667 0.4167 0.3333 0.4583 0.3333 0.4583 0.2500 0.4167 0.2500 0.4167 0.4167 0.4583 0.4167 0.4583 0.3333 0.4167 0.3333 0.4167 0.5000 0.4583 0.5000 0.4583 0.4167 0.4167 0.4167 0.4167 0.5833 0.4583 0.5833 0.4583 0.5000 0.4167 0.5000 0.4167 0.6667 0.4583 0.6667 0.4583 0.5833 0.4167 0.5833 0.4167 0.7500 0.4583 0.7500 0.4583 0.6667 0.4167 0.6667 0.4167 0.8333 0.4583 0.8333 0.4583 0.7500 0.4167 0.7500 0.4167 0.9167 0.4583 0.9167 0.4583 0.8333 0.4167 0.8333 0.4583 1.0000 0.5000 1.0000 0.5000 0.9167 0.4583 0.9167 0.4583 0.0833 0.5000 0.0833 0.5000 0.0000 0.4583 0.0000 0.4583 0.1667 0.5000 0.1667 0.5000 0.0833 0.4583 0.0833 0.4583 0.2500 0.5000 0.2500 0.5000 0.1667 0.4583 0.1667 0.4583 0.3333 0.5000 0.3333 0.5000 0.2500 0.4583 0.2500 0.4583 0.4167 0.5000 0.4167 0.5000 0.3333 0.4583 0.3333 0.4583 0.5000 0.5000 0.5000 0.5000 0.4167 0.4583 0.4167 0.4583 0.5833 0.5000 0.5833 0.5000 0.5000 0.4583 0.5000 0.4583 0.6667 0.5000 0.6667 0.5000 0.5833 0.4583 0.5833 0.4583 0.7500 0.5000 0.7500 0.5000 0.6667 0.4583 0.6667 0.4583 0.8333 0.5000 0.8333 0.5000 0.7500 0.4583 0.7500 0.4583 0.9167 0.5000 0.9167 0.5000 0.8333 0.4583 0.8333 0.5000 1.0000 0.5417 1.0000 0.5417 0.9167 0.5000 0.9167 0.5000 0.0833 0.5417 0.0833 0.5417 0.0000 0.5000 0.0000 0.5000 0.1667 0.5417 0.1667 0.5417 0.0833 0.5000 0.0833 0.5000 0.2500 0.5417 0.2500 0.5417 0.1667 0.5000 0.1667 0.5000 0.3333 0.5417 0.3333 0.5417 0.2500 0.5000 0.2500 0.5000 0.4167 0.5417 0.4167 0.5417 0.3333 0.5000 0.3333 0.5000 0.5000 0.5417 0.5000 0.5417 0.4167 0.5000 0.4167 0.5000 0.5833 0.5417 0.5833 0.5417 0.5000 0.5000 0.5000 0.5000 0.6667 0.5417 0.6667 0.5417 0.5833 0.5000 0.5833 0.5000 0.7500 0.5417 0.7500 0.5417 0.6667 0.5000 0.6667 0.5000 0.8333 0.5417 0.8333 0.5417 0.7500 0.5000 0.7500 0.5000 0.9167 0.5417 0.9167 0.5417 0.8333 0.5000 0.8333 0.5417 1.0000 0.5833 1.0000 0.5833 0.9167 0.5417 0.9167 0.5417 0.0833 0.5833 0.0833 0.5833 0.0000 0.5417 0.0000 0.5417 0.1667 0.5833 0.1667 0.5833 0.0833 0.5417 0.0833 0.5417 0.2500 0.5833 0.2500 0.5833 0.1667 0.5417 0.1667 0.5417 0.3333 0.5833 0.3333 0.5833 0.2500 0.5417 0.2500 0.5417 0.4167 0.5833 0.4167 0.5833 0.3333 0.5417 0.3333 0.5417 0.5000 0.5833 0.5000 0.5833 0.4167 0.5417 0.4167 0.5417 0.5833 0.5833 0.5833 0.5833 0.5000 0.5417 0.5000 0.5417 0.6667 0.5833 0.6667 0.5833 0.5833 0.5417 0.5833 0.5417 0.7500 0.5833 0.7500 0.5833 0.6667 0.5417 0.6667 0.5417 0.8333 0.5833 0.8333 0.5833 0.7500 0.5417 0.7500 0.5417 0.9167 0.5833 0.9167 0.5833 0.8333 0.5417 0.8333 0.5833 1.0000 0.6250 1.0000 0.6250 0.9167 0.5833 0.9167 0.5833 0.0833 0.6250 0.0833 0.6250 0.0000 0.5833 0.0000 0.5833 0.1667 0.6250 0.1667 0.6250 0.0833 0.5833 0.0833 0.5833 0.2500 0.6250 0.2500 0.6250 0.1667 0.5833 0.1667 0.5833 0.3333 0.6250 0.3333 0.6250 0.2500 0.5833 0.2500 0.5833 0.4167 0.6250 0.4167 0.6250 0.3333 0.5833 0.3333 0.5833 0.5000 0.6250 0.5000 0.6250 0.4167 0.5833 0.4167 0.5833 0.5833 0.6250 0.5833 0.6250 0.5000 0.5833 0.5000 0.5833 0.6667 0.6250 0.6667 0.6250 0.5833 0.5833 0.5833 0.5833 0.7500 0.6250 0.7500 0.6250 0.6667 0.5833 0.6667 0.5833 0.8333 0.6250 0.8333 0.6250 0.7500 0.5833 0.7500 0.5833 0.9167 0.6250 0.9167 0.6250 0.8333 0.5833 0.8333 0.6250 1.0000 0.6667 1.0000 0.6667 0.9167 0.6250 0.9167 0.6250 0.0833 0.6667 0.0833 0.6667 0.0000 0.6250 0.0000 0.6250 0.1667 0.6667 0.1667 0.6667 0.0833 0.6250 0.0833 0.6250 0.2500 0.6667 0.2500 0.6667 0.1667 0.6250 0.1667 0.6250 0.3333 0.6667 0.3333 0.6667 0.2500 0.6250 0.2500 0.6250 0.4167 0.6667 0.4167 0.6667 0.3333 0.6250 0.3333 0.6250 0.5000 0.6667 0.5000 0.6667 0.4167 0.6250 0.4167 0.6250 0.5833 0.6667 0.5833 0.6667 0.5000 0.6250 0.5000 0.6250 0.6667 0.6667 0.6667 0.6667 0.5833 0.6250 0.5833 0.6250 0.7500 0.6667 0.7500 0.6667 0.6667 0.6250 0.6667 0.6250 0.8333 0.6667 0.8333 0.6667 0.7500 0.6250 0.7500 0.6250 0.9167 0.6667 0.9167 0.6667 0.8333 0.6250 0.8333 0.6667 1.0000 0.7083 1.0000 0.7083 0.9167 0.6667 0.9167 0.6667 0.0833 0.7083 0.0833 0.7083 0.0000 0.6667 0.0000 0.6667 0.1667 0.7083 0.1667 0.7083 0.0833 0.6667 0.0833 0.6667 0.2500 0.7083 0.2500 0.7083 0.1667 0.6667 0.1667 0.6667 0.3333 0.7083 0.3333 0.7083 0.2500 0.6667 0.2500 0.6667 0.4167 0.7083 0.4167 0.7083 0.3333 0.6667 0.3333 0.6667 0.5000 0.7083 0.5000 0.7083 0.4167 0.6667 0.4167 0.6667 0.5833 0.7083 0.5833 0.7083 0.5000 0.6667 0.5000 0.6667 0.6667 0.7083 0.6667 0.7083 0.5833 0.6667 0.5833 0.6667 0.7500 0.7083 0.7500 0.7083 0.6667 0.6667 0.6667 0.6667 0.8333 0.7083 0.8333 0.7083 0.7500 0.6667 0.7500 0.6667 0.9167 0.7083 0.9167 0.7083 0.8333 0.6667 0.8333 0.7083 1.0000 0.7500 1.0000 0.7500 0.9167 0.7083 0.9167 0.7083 0.0833 0.7500 0.0833 0.7500 0.0000 0.7083 0.0000 0.7083 0.1667 0.7500 0.1667 0.7500 0.0833 0.7083 0.0833 0.7083 0.2500 0.7500 0.2500 0.7500 0.1667 0.7083 0.1667 0.7083 0.3333 0.7500 0.3333 0.7500 0.2500 0.7083 0.2500 0.7083 0.4167 0.7500 0.4167 0.7500 0.3333 0.7083 0.3333 0.7083 0.5000 0.7500 0.5000 0.7500 0.4167 0.7083 0.4167 0.7083 0.5833 0.7500 0.5833 0.7500 0.5000 0.7083 0.5000 0.7083 0.6667 0.7500 0.6667 0.7500 0.5833 0.7083 0.5833 0.7083 0.7500 0.7500 0.7500 0.7500 0.6667 0.7083 0.6667 0.7083 0.8333 0.7500 0.8333 0.7500 0.7500 0.7083 0.7500 0.7083 0.9167 0.7500 0.9167 0.7500 0.8333 0.7083 0.8333 0.7500 1.0000 0.7917 1.0000 0.7917 0.9167 0.7500 0.9167 0.7500 0.0833 0.7917 0.0833 0.7917 0.0000 0.7500 0.0000 0.7500 0.1667 0.7917 0.1667 0.7917 0.0833 0.7500 0.0833 0.7500 0.2500 0.7917 0.2500 0.7917 0.1667 0.7500 0.1667 0.7500 0.3333 0.7917 0.3333 0.7917 0.2500 0.7500 0.2500 0.7500 0.4167 0.7917 0.4167 0.7917 0.3333 0.7500 0.3333 0.7500 0.5000 0.7917 0.5000 0.7917 0.4167 0.7500 0.4167 0.7500 0.5833 0.7917 0.5833 0.7917 0.5000 0.7500 0.5000 0.7500 0.6667 0.7917 0.6667 0.7917 0.5833 0.7500 0.5833 0.7500 0.7500 0.7917 0.7500 0.7917 0.6667 0.7500 0.6667 0.7500 0.8333 0.7917 0.8333 0.7917 0.7500 0.7500 0.7500 0.7500 0.9167 0.7917 0.9167 0.7917 0.8333 0.7500 0.8333 0.7917 1.0000 1.0000 1.0000 1.0000 0.9167 0.7917 0.9167 0.7917 0.0833 1.0000 0.0833 1.0000 0.0000 0.7917 0.0000 0.7917 0.1667 1.0000 0.1667 1.0000 0.0833 0.7917 0.0833 0.7917 0.2500 1.0000 0.2500 1.0000 0.1667 0.7917 0.1667 0.7917 0.3333 1.0000 0.3333 1.0000 0.2500 0.7917 0.2500 0.7917 0.4167 1.0000 0.4167 1.0000 0.3333 0.7917 0.3333 0.7917 0.5000 1.0000 0.5000 1.0000 0.4167 0.7917 0.4167 0.7917 0.5833 1.0000 0.5833 1.0000 0.5000 0.7917 0.5000 0.7917 0.6667 1.0000 0.6667 1.0000 0.5833 0.7917 0.5833 0.7917 0.7500 1.0000 0.7500 1.0000 0.6667 0.7917 0.6667 0.7917 0.8333 1.0000 0.8333 1.0000 0.7500 0.7917 0.7500 0.7917 0.9167 1.0000 0.9167 1.0000 0.8333 0.7917 0.8333 " />
						</IndexedFaceSet>
					</Shape>
				</Group>
			</Transform>
		</Transform>
	</Scene>
</X3D>